{"type":"FeatureCollection","features":[{"type":"Feature","geometry":{"type":"Point","coordinates":[18.59913348575393,-33.90610173848557,0]},"properties":{"name":"Parow Centre","visibility":false,"icon-scale":1.1,"_name":"Parow Centre"}},{"type":"Feature","geometry":{"type":"Polygon","coordinates":[[[18.59753909422997,-33.90407066662419,0],[18.59703794734366,-33.90469404753585,0],[18.59746846414952,-33.90518112399492,0],[18.59793753081665,-33.90776401154987,0],[18.60099213385796,-33.90731718240693,0],[18.601366282084,-33.90696107342048,0],[18.60066753044233,-33.90350390263814,0],[18.59753909422997,-33.90407066662419,0]]]},"properties":{"name":"Site","visibility":false,"icon-scale":1.1,"icon-offset":[20,2],"icon-offset-units":["pixels","pixels"],"_name":"Site"}},{"type":"Feature","geometry":{"type":"Point","coordinates":[18.59228875223916,-33.90633200731166,0]},"properties":{"name":"China Town - Parow","visibility":false,"icon-scale":1.1,"icon-offset":[0.5,0.5],"icon-offset-units":["fraction","fraction"],"_name":"China Town - Parow"}},{"type":"Feature","geometry":{"type":"Point","coordinates":[18.59224446257338,-33.90542765433947,0]},"properties":{"name":"Foodlover's Market Parow","visibility":false,"icon-scale":1.1,"icon-offset":[0.5,0.5],"icon-offset-units":["fraction","fraction"],"_name":"Foodlover's Market Parow"}},{"type":"Feature","geometry":{"type":"Point","coordinates":[18.59234652904751,-33.90683709666659,0]},"properties":{"name":"Shoprite - Parow","visibility":false,"icon-scale":1.1,"icon-offset":[0.5,0.5],"icon-offset-units":["fraction","fraction"],"_name":"Shoprite - Parow"}},{"type":"Feature","geometry":{"type":"Point","coordinates":[18.59257727863807,-33.90750225261954,0]},"properties":{"name":"Virgiin Active Parow","visibility":false,"icon-scale":1.1,"icon-offset":[0.5,0.5],"icon-offset-units":["fraction","fraction"],"_name":"Virgiin Active Parow"}},{"type":"Feature","geometry":{"type":"Point","coordinates":[18.5602554779591,-33.89142494320375,0]},"properties":{"name":"N1 City Mall","visibility":false,"icon-scale":1.1,"icon-offset":[0.5,0.5],"icon-offset-units":["fraction","fraction"],"_name":"N1 City Mall"}},{"type":"Feature","geometry":{"type":"Point","coordinates":[18.51237865562263,-33.89355530214441,0]},"properties":{"name":"Canal Walk Shopping Centre","visibility":false,"icon-scale":1.1,"icon-offset":[0.5,0.5],"icon-offset-units":["fraction","fraction"],"_name":"Canal Walk Shopping Centre"}},{"type":"Feature","geometry":{"type":"Point","coordinates":[18.63519900723251,-33.87345614183588,0]},"properties":{"name":"Tyger Valley Shopping Centre","visibility":false,"icon-scale":1.1,"icon-offset":[0.5,0.5],"icon-offset-units":["fraction","fraction"],"_name":"Tyger Valley Shopping Centre"}},{"type":"Feature","geometry":{"type":"Point","coordinates":[18.5384192910068,-33.96121286064324,0]},"properties":{"name":"Vangate Mall","visibility":false,"icon-scale":1.1,"icon-offset":[0.5,0.5],"icon-offset-units":["fraction","fraction"],"_name":"Vangate Mall"}},{"type":"Feature","geometry":{"type":"Point","coordinates":[18.59120214548878,-34.00153473774323,0]},"properties":{"name":"The Junxion Mall","visibility":false,"icon-scale":1.1,"icon-offset":[0.5,0.5],"icon-offset-units":["fraction","fraction"],"_name":"The Junxion Mall"}},{"type":"Feature","geometry":{"type":"Point","coordinates":[18.64529456858565,-33.97604946609549,0]},"properties":{"name":"Shoprite Delft","visibility":false,"icon-scale":1.1,"icon-offset":[0.5,0.5],"icon-offset-units":["fraction","fraction"],"_name":"Shoprite Delft"}},{"type":"Feature","geometry":{"type":"Point","coordinates":[18.6454625672405,-33.95278347519965,0]},"properties":{"name":"Airport Shopping Centre","visibility":false,"icon-scale":1.1,"icon-offset":[0.5,0.5],"icon-offset-units":["fraction","fraction"],"_name":"Airport Shopping Centre"}},{"type":"Feature","geometry":{"type":"Point","coordinates":[18.61658680486617,-34.03967870882644,0]},"properties":{"name":"Liberty Promenade","visibility":false,"icon-scale":1.1,"icon-offset":[0.5,0.5],"icon-offset-units":["fraction","fraction"],"_name":"Liberty Promenade"}},{"type":"Feature","geometry":{"type":"Point","coordinates":[18.58663659091782,-34.04143498386173,0]},"properties":{"name":"Westgate Mall","visibility":false,"icon-scale":1.1,"icon-offset":[0.5,0.5],"icon-offset-units":["fraction","fraction"],"_name":"Westgate Mall"}},{"type":"Feature","geometry":{"type":"Point","coordinates":[18.59173331901566,-33.91306040548162,0]},"properties":{"name":"Spar Parow Valley","visibility":false,"icon-scale":1.1,"icon-offset":[0.5,0.5],"icon-offset-units":["fraction","fraction"],"_name":"Spar Parow Valley"}},{"type":"Feature","geometry":{"type":"Point","coordinates":[18.62943288452109,-33.90355521573659,0]},"properties":{"name":"Middestad Mall","visibility":false,"icon-scale":1.1,"icon-offset":[0.5,0.5],"icon-offset-units":["fraction","fraction"],"_name":"Middestad Mall"}},{"type":"Feature","geometry":{"type":"Point","coordinates":[18.60138608421509,-33.90744704833238,0]},"properties":{"name":"Tygerberg Station","visibility":false,"icon-scale":1.1,"icon-offset":[32,1],"icon-offset-units":["pixels","pixels"],"_name":"Tygerberg Station"}},{"type":"Feature","geometry":{"type":"Point","coordinates":[18.61321475769616,-33.91086929937888,0]},"properties":{"name":"Tygerberg Hospital","visibility":false,"icon-scale":1.1,"icon-offset":[32,1],"icon-offset-units":["pixels","pixels"],"_name":"Tygerberg Hospital"}},{"type":"Feature","geometry":{"type":"Point","coordinates":[18.61256960816734,-33.90786876797234,0]},"properties":{"name":"Tygerberg Campus","visibility":false,"icon-scale":1.1,"icon-offset":[32,1],"icon-offset-units":["pixels","pixels"],"_name":"Tygerberg Campus"}},{"type":"Feature","geometry":{"type":"Point","coordinates":[18.5833197113903,-33.91606146274185,0]},"properties":{"name":"Beaconvale Industrial","visibility":false,"icon-scale":1.1,"icon-offset":[32,1],"icon-offset-units":["pixels","pixels"],"_name":"Beaconvale Industrial"}},{"type":"Feature","geometry":{"type":"Point","coordinates":[18.57198303342302,-33.9113519180541,0]},"properties":{"name":"Elsies River Industrial","visibility":false,"icon-scale":1.1,"icon-offset":[32,1],"icon-offset-units":["pixels","pixels"],"_name":"Elsies River Industrial"}},{"type":"Feature","geometry":{"type":"Point","coordinates":[18.61236282244985,-33.93132664942475,0]},"properties":{"name":"Parow Industrial","visibility":false,"icon-scale":1.1,"icon-offset":[32,1],"icon-offset-units":["pixels","pixels"],"_name":"Parow Industrial"}},{"type":"Feature","geometry":{"type":"Point","coordinates":[18.61361336988258,-33.90137283032271,0]},"properties":{"name":"Mediclinic Louis Leipoldt Hospital","visibility":false,"icon-scale":1.1,"icon-offset":[32,1],"icon-offset-units":["pixels","pixels"],"_name":"Mediclinic Louis Leipoldt Hospital"}},{"type":"Feature","geometry":{"type":"Point","coordinates":[18.63090319820983,-33.90539185284749,0]},"properties":{"name":"Taxi Rank","visibility":false,"icon-scale":1.1,"icon-offset":[32,1],"icon-offset-units":["pixels","pixels"],"_name":"Taxi Rank"}},{"type":"Feature","geometry":{"type":"Point","coordinates":[18.62691714683478,-33.90583765466864,0]},"properties":{"name":"Belville Station","visibility":false,"icon-scale":1.1,"icon-offset":[32,1],"icon-offset-units":["pixels","pixels"],"_name":"Belville Station"}},{"type":"Feature","geometry":{"type":"Point","coordinates":[18.571890023328,-33.89385363596996,0]},"properties":{"name":"Parow Golf Club","visibility":false,"icon-scale":1.1,"icon-offset":[32,1],"icon-offset-units":["pixels","pixels"],"_name":"Parow Golf Club"}},{"type":"Feature","geometry":{"type":"Point","coordinates":[18.62707775519897,-33.88481944260888,0]},"properties":{"name":"Stellenbosch Business School","visibility":false,"icon-scale":1.1,"icon-offset":[32,1],"icon-offset-units":["pixels","pixels"],"_name":"Stellenbosch Business School"}},{"type":"Feature","geometry":{"type":"Point","coordinates":[18.54146653551696,-33.93431245820941,0]},"properties":{"name":"Epping Industrial","visibility":false,"icon-scale":1.1,"icon-offset":[32,1],"icon-offset-units":["pixels","pixels"],"_name":"Epping Industrial"}},{"type":"Feature","geometry":{"type":"Point","coordinates":[18.62810586266231,-33.93338253106354,0]},"properties":{"name":"University of Western Cape","visibility":false,"icon-scale":1.1,"icon-offset":[32,1],"icon-offset-units":["pixels","pixels"],"_name":"University of Western Cape"}},{"type":"Feature","geometry":{"type":"Point","coordinates":[18.65149721104756,-33.9276414282333,0]},"properties":{"name":"Sacks Circle Industrial","visibility":false,"icon-scale":1.1,"icon-offset":[32,1],"icon-offset-units":["pixels","pixels"],"_name":"Sacks Circle Industrial"}},{"type":"Feature","geometry":{"type":"Point","coordinates":[18.59499300433495,-33.97241616566217,0]},"properties":{"name":"Cape Town International Airport","visibility":false,"icon-scale":1.1,"icon-offset":[32,1],"icon-offset-units":["pixels","pixels"],"_name":"Cape Town International Airport"}},{"type":"Feature","geometry":{"type":"Point","coordinates":[18.60287067317774,-33.90145589568971,0]},"properties":{"name":"Parow High School","visibility":false,"icon-scale":1.1,"icon-offset":[32,1],"icon-offset-units":["pixels","pixels"],"_name":"Parow High School"}},{"type":"Feature","geometry":{"type":"Point","coordinates":[18.60842997284257,-33.89735434734408,0]},"properties":{"name":"The Settlers High School","visibility":false,"icon-scale":1.1,"icon-offset":[32,1],"icon-offset-units":["pixels","pixels"],"_name":"The Settlers High School"}},{"type":"Feature","geometry":{"type":"Point","coordinates":[18.59502760553228,-33.89331554570781,0]},"properties":{"name":"Tygerberg High School","visibility":false,"icon-scale":1.1,"icon-offset":[32,1],"icon-offset-units":["pixels","pixels"],"_name":"Tygerberg High School"}},{"type":"Feature","geometry":{"type":"Point","coordinates":[18.73918686686482,-34.02633370548645,0]},"properties":{"name":"Wijnland Convenience","visibility":false,"label-scale":0.7,"icon-scale":1.1,"_name":"Wijnland Convenience"}},{"type":"Feature","geometry":{"type":"Point","coordinates":[18.73966050797464,-34.03378071798496,0]},"properties":{"name":"Vergenoegd Löw Boutique Hotel & Spa","visibility":false,"label-scale":0.7,"icon-scale":1.1,"_name":"Vergenoegd Löw Boutique Hotel & Spa"}},{"type":"Feature","geometry":{"type":"Point","coordinates":[18.77397978749023,-34.04423198677549,0]},"properties":{"name":"Ridgemor Villa","visibility":false,"label-scale":0.7,"icon-scale":1.1,"_name":"Ridgemor Villa"}},{"type":"Feature","geometry":{"type":"Point","coordinates":[18.71900541011373,-33.99764465661842,0]},"properties":{"name":"Eerste River Hospital","visibility":false,"label-scale":0.7,"icon-scale":1.1,"_name":"Eerste River Hospital"}},{"type":"Feature","geometry":{"type":"Point","coordinates":[18.77787614281379,-34.05051643718304,0]},"properties":{"name":"Sitari Medical Centre","visibility":false,"label-scale":0.7,"icon-scale":1.1,"_name":"Sitari Medical Centre"}},{"type":"Feature","geometry":{"type":"Point","coordinates":[18.72649850892054,-34.00106921539389,0]},"properties":{"name":"Eersteriver City Centre","visibility":false,"label-scale":0.7,"icon-scale":1.1,"_name":"Eersteriver City Centre"}},{"type":"Feature","geometry":{"type":"Point","coordinates":[18.72873678844319,-34.00432515308179,0]},"properties":{"name":"Eersterivier Mall","visibility":false,"label-scale":0.7,"icon-scale":1.1,"_name":"Eersterivier Mall"}},{"type":"Feature","geometry":{"type":"Point","coordinates":[18.72659492958715,-34.00537026274317,0]},"properties":{"name":"Eerste Rivier Centre","visibility":false,"label-scale":0.7,"icon-scale":1.1,"_name":"Eerste Rivier Centre"}},{"type":"Feature","geometry":{"type":"Point","coordinates":[18.77879233214223,-34.05010819273191,0]},"properties":{"name":"Sitari Village Centre","visibility":false,"label-scale":0.7,"icon-scale":1.1,"_name":"Sitari Village Centre"}},{"type":"Feature","geometry":{"type":"Point","coordinates":[18.76185576763464,-34.06198981572248,0]},"properties":{"name":"Macassar Shopping Centre","visibility":false,"label-scale":0.7,"icon-scale":1.1,"_name":"Macassar Shopping Centre"}},{"type":"Feature","geometry":{"type":"Point","coordinates":[18.73461000786095,-34.01663991139775,0]},"properties":{"name":"Beverly Park Primary School","visibility":false,"label-scale":0.7,"icon-scale":1.1,"_name":"Beverly Park Primary School"}},{"type":"Feature","geometry":{"type":"Point","coordinates":[18.75478420790527,-34.05419439352393,0]},"properties":{"name":"False Bay Primary School","visibility":false,"label-scale":0.7,"icon-scale":1.1,"_name":"False Bay Primary School"}},{"type":"Feature","geometry":{"type":"Point","coordinates":[18.77604959646892,-34.0519603116434,0]},"properties":{"name":"Curro Somerset West","visibility":false,"label-scale":0.7,"icon-scale":1.1,"_name":"Curro Somerset West"}},{"type":"Feature","geometry":{"type":"Point","coordinates":[18.77207218191118,-34.06113795161342,0]},"properties":{"name":"Marvin Park Primary School","visibility":false,"label-scale":0.7,"icon-scale":1.1,"_name":"Marvin Park Primary School"}},{"type":"Feature","geometry":{"type":"Point","coordinates":[18.76869128433257,-34.06055994941974,0]},"properties":{"name":"Oklahoma Street Primary School","visibility":false,"label-scale":0.7,"icon-scale":1.1,"_name":"Oklahoma Street Primary School"}},{"type":"Feature","geometry":{"type":"Point","coordinates":[18.76248907925445,-34.06458090974229,0]},"properties":{"name":"Macassar Primary School","visibility":false,"label-scale":0.7,"icon-scale":1.1,"_name":"Macassar Primary School"}},{"type":"Feature","geometry":{"type":"Point","coordinates":[18.6319729997428,-33.868045995739,0]},"properties":{"name":"Willowbridge Shopping Centre","visibility":false,"description":{"@type":"html","value":"<br><br><br>\n    <table border=\"1\" padding=\"0\">\n    <tr><td>Shopping_Centre_Name</td><td>Willowbridge Shopping Centre</td></tr>\n    <tr><td>Street_Address</td><td>Carl Cronje Drive</td></tr>\n    <tr><td>Street_Suburb</td><td>Tyger Valley</td></tr>\n    <tr><td>Street_City_or_Town</td><td>Bellville</td></tr>\n    <tr><td>Street_Province_</td><td>Western Cape</td></tr>\n    <tr><td>Street_Country</td><td>South Africa</td></tr>\n    <tr><td>Core_Classification_ICSC</td><td>Small Regional Centre</td></tr>\n    <tr><td>Classification_MD</td><td>Minor Regional Centre</td></tr>\n    <tr><td>Gross_Leasable_Floor_Area_in_sq</td><td>0</td></tr>\n    <tr><td>Centre_Manager_Name</td><td>Salome Thonnard</td></tr>\n    <tr><td>Centre_Manager_Telephone</td><td>+2721 914 7218</td></tr>\n    <tr><td>Centre_Manager_Mobile</td><td>+2784 325 4690</td></tr>\n    <tr><td>Centre_Manager_Email</td><td>salome@willowbridgecentre.co.za</td></tr>\n    <tr><td>Shopping_Centre_Website</td><td>www.willowbridge.co.za</td></tr>\n    <tr><td>Type</td><td>Majors</td></tr>\n    <tr><td>Leasing_Company_Name</td><td>Hyprop Investments Ltd</td></tr>\n    <tr><td>Leasing_Manager_Name</td><td>Linda Linnow</td></tr>\n    <tr><td>Leasing_Manager_Telephone</td><td>+2721 914 7218</td></tr>\n    <tr><td>Leasing_Manager_Mobile</td><td>+2783 997 1141</td></tr>\n    <tr><td>Marketing_Company_Name</td><td>Hyprop in-house</td></tr>\n    <tr><td>Owner</td><td>Hyprop Investments Ltd</td></tr>\n    <tr><td>Name_of_Holding_Company</td><td>Hyprop Investments Ltd</td></tr>\n    <tr><td>Name_of_Developer</td><td>Mini Cape Developments (Pty) Ltd</td></tr>\n    <tr><td>Year_Developed</td><td>2005</td></tr>\n    <tr><td>Year_Last_Refurbished</td><td>2011</td></tr>\n    <tr><td>No_of_Retail_Floors</td><td>2</td></tr>\n    <tr><td>Latest_Annual_Foot_Count</td><td>4395276</td></tr>\n    <tr><td>No_of_Shops</td><td>92</td></tr>\n    <tr><td>Main_Anchors</td><td>Pick n Pay, Woolworths, Dis-Chem, Checkers, Fruit and Veg</td></tr>\n    <tr><td>Parking_Total</td><td>2302</td></tr>"},"_name":"Willowbridge Shopping Centre"}},{"type":"Feature","geometry":{"type":"Point","coordinates":[18.3785999954854,-33.951000007227,0]},"properties":{"name":"Isaac's Corner","visibility":false,"description":{"@type":"html","value":"<br><br><br>\n    <table border=\"1\" padding=\"0\">\n    <tr><td>Shopping_Centre_Name</td><td>Isaac's Corner</td></tr>\n    <tr><td>Street_Address</td><td>Victoria Road</td></tr>\n    <tr><td>Street_Suburb</td><td>Camps Bay</td></tr>\n    <tr><td>Street_City_or_Town</td><td>Cape Town</td></tr>\n    <tr><td>Street_Province_</td><td>Western Cape</td></tr>\n    <tr><td>Street_Country</td><td>South Africa</td></tr>\n    <tr><td>Core_Classification_ICSC</td><td></td></tr>\n    <tr><td>Classification_MD</td><td>Local Convenience Centre</td></tr>\n    <tr><td>Gross_Leasable_Floor_Area_in_sq</td><td>681</td></tr>\n    <tr><td>Centre_Manager_Name</td><td></td></tr>\n    <tr><td>Centre_Manager_Telephone</td><td></td></tr>\n    <tr><td>Centre_Manager_Mobile</td><td></td></tr>\n    <tr><td>Centre_Manager_Email</td><td></td></tr>\n    <tr><td>Shopping_Centre_Website</td><td>www.quenetproperty.co.za</td></tr>\n    <tr><td>Type</td><td>2 to 3</td></tr>\n    <tr><td>Leasing_Company_Name</td><td>Quenet Corporate Property</td></tr>\n    <tr><td>Leasing_Manager_Name</td><td>Leon Quenet</td></tr>\n    <tr><td>Leasing_Manager_Telephone</td><td>+2721 934 5459</td></tr>\n    <tr><td>Leasing_Manager_Mobile</td><td>+2782 658 1810</td></tr>\n    <tr><td>Marketing_Company_Name</td><td>Quenet Corporate Property</td></tr>\n    <tr><td>Owner</td><td>Parch Properties 114 (Pty) Ltd</td></tr>\n    <tr><td>Name_of_Holding_Company</td><td></td></tr>\n    <tr><td>Name_of_Developer</td><td>Thynk Property Partners</td></tr>\n    <tr><td>Year_Developed</td><td>2007</td></tr>\n    <tr><td>Year_Last_Refurbished</td><td>0</td></tr>\n    <tr><td>No_of_Retail_Floors</td><td>2</td></tr>\n    <tr><td>Latest_Annual_Foot_Count</td><td>0</td></tr>\n    <tr><td>No_of_Shops</td><td>4</td></tr>\n    <tr><td>Main_Anchors</td><td>Vida e Caffé, Kauai Juice, Col'Cacchio, Billabong</td></tr>\n    <tr><td>Parking_Total</td><td>0</td></tr>"},"_name":"Isaac's Corner"}},{"type":"Feature","geometry":{"type":"Point","coordinates":[18.4679299810624,-34.021609009365,0]},"properties":{"name":"Village Link","visibility":false,"description":{"@type":"html","value":"<br><br><br>\n    <table border=\"1\" padding=\"0\">\n    <tr><td>Shopping_Centre_Name</td><td>Village Link</td></tr>\n    <tr><td>Street_Address</td><td>Southfield Road</td></tr>\n    <tr><td>Street_Suburb</td><td>Plumstead</td></tr>\n    <tr><td>Street_City_or_Town</td><td>Cape Town</td></tr>\n    <tr><td>Street_Province_</td><td>Western Cape</td></tr>\n    <tr><td>Street_Country</td><td>South Africa</td></tr>\n    <tr><td>Core_Classification_ICSC</td><td></td></tr>\n    <tr><td>Classification_MD</td><td>Local Convenience Centre</td></tr>\n    <tr><td>Gross_Leasable_Floor_Area_in_sq</td><td>760</td></tr>\n    <tr><td>Centre_Manager_Name</td><td>David Greve</td></tr>\n    <tr><td>Centre_Manager_Telephone</td><td>+2721 424 1210</td></tr>\n    <tr><td>Centre_Manager_Mobile</td><td>+2782 409 2251</td></tr>\n    <tr><td>Centre_Manager_Email</td><td>admin@daleglen.co.za</td></tr>\n    <tr><td>Shopping_Centre_Website</td><td></td></tr>\n    <tr><td>Type</td><td>Majors</td></tr>\n    <tr><td>Leasing_Company_Name</td><td>Daleglen Property Group (Pty) Ltd</td></tr>\n    <tr><td>Leasing_Manager_Name</td><td>Denise Bryer</td></tr>\n    <tr><td>Leasing_Manager_Telephone</td><td>+2721 424 1210</td></tr>\n    <tr><td>Leasing_Manager_Mobile</td><td></td></tr>\n    <tr><td>Marketing_Company_Name</td><td>Daleglen Property Group (Pty) Ltd</td></tr>\n    <tr><td>Owner</td><td>The Daleglen Trust</td></tr>\n    <tr><td>Name_of_Holding_Company</td><td></td></tr>\n    <tr><td>Name_of_Developer</td><td></td></tr>\n    <tr><td>Year_Developed</td><td>1992</td></tr>\n    <tr><td>Year_Last_Refurbished</td><td>0</td></tr>\n    <tr><td>No_of_Retail_Floors</td><td>1</td></tr>\n    <tr><td>Latest_Annual_Foot_Count</td><td>0</td></tr>\n    <tr><td>No_of_Shops</td><td>2</td></tr>\n    <tr><td>Main_Anchors</td><td>Bee Jays Restaurant</td></tr>\n    <tr><td>Parking_Total</td><td>0</td></tr>"},"_name":"Village Link"}},{"type":"Feature","geometry":{"type":"Point","coordinates":[18.4879600087846,-34.099274997585,0]},"properties":{"name":"Nautilus Capricorn","visibility":false,"description":{"@type":"html","value":"<br><br><br>\n    <table border=\"1\" padding=\"0\">\n    <tr><td>Shopping_Centre_Name</td><td>Nautilus Capricorn</td></tr>\n    <tr><td>Street_Address</td><td>Cnr Sanderling Road & Baden Powell Drive</td></tr>\n    <tr><td>Street_Suburb</td><td>Muizenberg</td></tr>\n    <tr><td>Street_City_or_Town</td><td>Cape Town</td></tr>\n    <tr><td>Street_Province_</td><td>Western Cape</td></tr>\n    <tr><td>Street_Country</td><td>South Africa</td></tr>\n    <tr><td>Core_Classification_ICSC</td><td></td></tr>\n    <tr><td>Classification_MD</td><td>Local Convenience Centre</td></tr>\n    <tr><td>Gross_Leasable_Floor_Area_in_sq</td><td>767</td></tr>\n    <tr><td>Centre_Manager_Name</td><td></td></tr>\n    <tr><td>Centre_Manager_Telephone</td><td></td></tr>\n    <tr><td>Centre_Manager_Mobile</td><td></td></tr>\n    <tr><td>Centre_Manager_Email</td><td></td></tr>\n    <tr><td>Shopping_Centre_Website</td><td>www.abreal.co.za</td></tr>\n    <tr><td>Type</td><td>Majors</td></tr>\n    <tr><td>Leasing_Company_Name</td><td>Abreal (Pty) Ltd</td></tr>\n    <tr><td>Leasing_Manager_Name</td><td>Margi Bezuidenhout</td></tr>\n    <tr><td>Leasing_Manager_Telephone</td><td>+2721 934 2074</td></tr>\n    <tr><td>Leasing_Manager_Mobile</td><td>+2783 654 0845</td></tr>\n    <tr><td>Marketing_Company_Name</td><td></td></tr>\n    <tr><td>Owner</td><td>Privately Owned</td></tr>\n    <tr><td>Name_of_Holding_Company</td><td></td></tr>\n    <tr><td>Name_of_Developer</td><td></td></tr>\n    <tr><td>Year_Developed</td><td>2007</td></tr>\n    <tr><td>Year_Last_Refurbished</td><td>0</td></tr>\n    <tr><td>No_of_Retail_Floors</td><td>1</td></tr>\n    <tr><td>Latest_Annual_Foot_Count</td><td>0</td></tr>\n    <tr><td>No_of_Shops</td><td>10</td></tr>\n    <tr><td>Main_Anchors</td><td>Mr Video, Small shops</td></tr>\n    <tr><td>Parking_Total</td><td>0</td></tr>"},"_name":"Nautilus Capricorn"}},{"type":"Feature","geometry":{"type":"Point","coordinates":[18.4585920119068,-33.928300003104,0]},"properties":{"name":"Salt Circle Arcade","visibility":false,"description":{"@type":"html","value":"<br><br><br>\n    <table border=\"1\" padding=\"0\">\n    <tr><td>Shopping_Centre_Name</td><td>Salt Circle Arcade</td></tr>\n    <tr><td>Street_Address</td><td>Albert Road</td></tr>\n    <tr><td>Street_Suburb</td><td>Woodstock</td></tr>\n    <tr><td>Street_City_or_Town</td><td>Cape Town</td></tr>\n    <tr><td>Street_Province_</td><td>Western Cape</td></tr>\n    <tr><td>Street_Country</td><td>South Africa</td></tr>\n    <tr><td>Core_Classification_ICSC</td><td>Local Convenience Centre</td></tr>\n    <tr><td>Classification_MD</td><td>Specialty Centre</td></tr>\n    <tr><td>Gross_Leasable_Floor_Area_in_sq</td><td>865</td></tr>\n    <tr><td>Centre_Manager_Name</td><td></td></tr>\n    <tr><td>Centre_Manager_Telephone</td><td></td></tr>\n    <tr><td>Centre_Manager_Mobile</td><td></td></tr>\n    <tr><td>Centre_Manager_Email</td><td></td></tr>\n    <tr><td>Shopping_Centre_Website</td><td></td></tr>\n    <tr><td>Type</td><td></td></tr>\n    <tr><td>Leasing_Company_Name</td><td>Daleglen Property Group (Pty) Ltd</td></tr>\n    <tr><td>Leasing_Manager_Name</td><td>Denise Bryer</td></tr>\n    <tr><td>Leasing_Manager_Telephone</td><td>+2721 424 1210</td></tr>\n    <tr><td>Leasing_Manager_Mobile</td><td></td></tr>\n    <tr><td>Marketing_Company_Name</td><td>Daleglen Property Group (Pty) Ltd</td></tr>\n    <tr><td>Owner</td><td>Privately Owned</td></tr>\n    <tr><td>Name_of_Holding_Company</td><td></td></tr>\n    <tr><td>Name_of_Developer</td><td>Dale Glen Property Group</td></tr>\n    <tr><td>Year_Developed</td><td>2011</td></tr>\n    <tr><td>Year_Last_Refurbished</td><td>0</td></tr>\n    <tr><td>No_of_Retail_Floors</td><td>1</td></tr>\n    <tr><td>Latest_Annual_Foot_Count</td><td>0</td></tr>\n    <tr><td>No_of_Shops</td><td>21</td></tr>\n    <tr><td>Main_Anchors</td><td>Small speciality shops</td></tr>\n    <tr><td>Parking_Total</td><td>0</td></tr>"},"_name":"Salt Circle Arcade"}},{"type":"Feature","geometry":{"type":"Point","coordinates":[18.4882540060516,-33.952638011243,0]},"properties":{"name":"Rondebosch Village Shopping Centre","visibility":false,"description":{"@type":"html","value":"<br><br><br>\n    <table border=\"1\" padding=\"0\">\n    <tr><td>Shopping_Centre_Name</td><td>Rondebosch Village Shopping Centre</td></tr>\n    <tr><td>Street_Address</td><td>Klipfontein Road</td></tr>\n    <tr><td>Street_Suburb</td><td>Rondebosch</td></tr>\n    <tr><td>Street_City_or_Town</td><td>Cape Town</td></tr>\n    <tr><td>Street_Province_</td><td>Western Cape</td></tr>\n    <tr><td>Street_Country</td><td>South Africa</td></tr>\n    <tr><td>Core_Classification_ICSC</td><td>Local Convenience Centre</td></tr>\n    <tr><td>Classification_MD</td><td>Local Convenience Centre</td></tr>\n    <tr><td>Gross_Leasable_Floor_Area_in_sq</td><td>995</td></tr>\n    <tr><td>Centre_Manager_Name</td><td>Bluegate Properties</td></tr>\n    <tr><td>Centre_Manager_Telephone</td><td>+2721 686 7505</td></tr>\n    <tr><td>Centre_Manager_Mobile</td><td>+2783 462 0235</td></tr>\n    <tr><td>Centre_Manager_Email</td><td></td></tr>\n    <tr><td>Shopping_Centre_Website</td><td>www.rpp.co.za</td></tr>\n    <tr><td>Type</td><td>Single Centres</td></tr>\n    <tr><td>Leasing_Company_Name</td><td>Bluegate Properties</td></tr>\n    <tr><td>Leasing_Manager_Name</td><td>Pauline Egan / Ben Schoonwinkel</td></tr>\n    <tr><td>Leasing_Manager_Telephone</td><td>+2721 686 7505</td></tr>\n    <tr><td>Leasing_Manager_Mobile</td><td></td></tr>\n    <tr><td>Marketing_Company_Name</td><td>Bluegate Properties</td></tr>\n    <tr><td>Owner</td><td>Avadon 19 (Pty) Ltd</td></tr>\n    <tr><td>Name_of_Holding_Company</td><td>Avadon 19 (Pty) Ltd</td></tr>\n    <tr><td>Name_of_Developer</td><td>RPP Developments (Pty) Ltd</td></tr>\n    <tr><td>Year_Developed</td><td>2006</td></tr>\n    <tr><td>Year_Last_Refurbished</td><td>2011</td></tr>\n    <tr><td>No_of_Retail_Floors</td><td>1</td></tr>\n    <tr><td>Latest_Annual_Foot_Count</td><td>0</td></tr>\n    <tr><td>No_of_Shops</td><td>8</td></tr>\n    <tr><td>Main_Anchors</td><td>Woolworths Food, Ninos</td></tr>\n    <tr><td>Parking_Total</td><td>45</td></tr>"},"_name":"Rondebosch Village Shopping Centre"}},{"type":"Feature","geometry":{"type":"Point","coordinates":[18.4585110056302,-34.065612001824,0]},"properties":{"name":"Tokai Corner","visibility":false,"description":{"@type":"html","value":"<br><br><br>\n    <table border=\"1\" padding=\"0\">\n    <tr><td>Shopping_Centre_Name</td><td>Tokai Corner</td></tr>\n    <tr><td>Street_Address</td><td>Cnr Tokai & Main Road</td></tr>\n    <tr><td>Street_Suburb</td><td>Tokai</td></tr>\n    <tr><td>Street_City_or_Town</td><td>Cape Town</td></tr>\n    <tr><td>Street_Province_</td><td>Western Cape</td></tr>\n    <tr><td>Street_Country</td><td>South Africa</td></tr>\n    <tr><td>Core_Classification_ICSC</td><td>Local Convenience Centre</td></tr>\n    <tr><td>Classification_MD</td><td>Local Convenience Centre</td></tr>\n    <tr><td>Gross_Leasable_Floor_Area_in_sq</td><td>1015</td></tr>\n    <tr><td>Centre_Manager_Name</td><td></td></tr>\n    <tr><td>Centre_Manager_Telephone</td><td></td></tr>\n    <tr><td>Centre_Manager_Mobile</td><td></td></tr>\n    <tr><td>Centre_Manager_Email</td><td></td></tr>\n    <tr><td>Shopping_Centre_Website</td><td>www.spire.co.za</td></tr>\n    <tr><td>Type</td><td>Majors</td></tr>\n    <tr><td>Leasing_Company_Name</td><td>Spire Property Management (Pty) Ltd</td></tr>\n    <tr><td>Leasing_Manager_Name</td><td>St John Gardner</td></tr>\n    <tr><td>Leasing_Manager_Telephone</td><td>+2721 685 4020</td></tr>\n    <tr><td>Leasing_Manager_Mobile</td><td></td></tr>\n    <tr><td>Marketing_Company_Name</td><td>Spire Property Management (Pty) Ltd</td></tr>\n    <tr><td>Owner</td><td>Joyce & Mc Gregor</td></tr>\n    <tr><td>Name_of_Holding_Company</td><td></td></tr>\n    <tr><td>Name_of_Developer</td><td></td></tr>\n    <tr><td>Year_Developed</td><td>0</td></tr>\n    <tr><td>Year_Last_Refurbished</td><td>0</td></tr>\n    <tr><td>No_of_Retail_Floors</td><td>1</td></tr>\n    <tr><td>Latest_Annual_Foot_Count</td><td>0</td></tr>\n    <tr><td>No_of_Shops</td><td>7</td></tr>\n    <tr><td>Main_Anchors</td><td>Jordan Shoes</td></tr>\n    <tr><td>Parking_Total</td><td>0</td></tr>"},"_name":"Tokai Corner"}},{"type":"Feature","geometry":{"type":"Point","coordinates":[18.6599059819798,-34.036224006063,0]},"properties":{"name":"Village One Shopping Centre","visibility":false,"description":{"@type":"html","value":"<br><br><br>\n    <table border=\"1\" padding=\"0\">\n    <tr><td>Shopping_Centre_Name</td><td>Village One Shopping Centre</td></tr>\n    <tr><td>Street_Address</td><td>Monza Street</td></tr>\n    <tr><td>Street_Suburb</td><td>Village One</td></tr>\n    <tr><td>Street_City_or_Town</td><td>Khayelitsha</td></tr>\n    <tr><td>Street_Province_</td><td>Western Cape</td></tr>\n    <tr><td>Street_Country</td><td>South Africa</td></tr>\n    <tr><td>Core_Classification_ICSC</td><td>Local Convenience Centre</td></tr>\n    <tr><td>Classification_MD</td><td>Local Convenience Centre</td></tr>\n    <tr><td>Gross_Leasable_Floor_Area_in_sq</td><td>1120</td></tr>\n    <tr><td>Centre_Manager_Name</td><td>Yaqub Omar</td></tr>\n    <tr><td>Centre_Manager_Telephone</td><td>+2721 943 1029</td></tr>\n    <tr><td>Centre_Manager_Mobile</td><td>+2782 494 2427</td></tr>\n    <tr><td>Centre_Manager_Email</td><td>yaqub.omar@jhi.co.za</td></tr>\n    <tr><td>Shopping_Centre_Website</td><td></td></tr>\n    <tr><td>Type</td><td>Majors</td></tr>\n    <tr><td>Leasing_Company_Name</td><td>JHI Properties (Pty) Ltd</td></tr>\n    <tr><td>Leasing_Manager_Name</td><td>Yaqub Omar</td></tr>\n    <tr><td>Leasing_Manager_Telephone</td><td>+2721 943 1027</td></tr>\n    <tr><td>Leasing_Manager_Mobile</td><td>+2782 494 2427</td></tr>\n    <tr><td>Marketing_Company_Name</td><td></td></tr>\n    <tr><td>Owner</td><td>Khula Enterprise Finance Ltd</td></tr>\n    <tr><td>Name_of_Holding_Company</td><td>Khula Enterprise Finance Ltd</td></tr>\n    <tr><td>Name_of_Developer</td><td></td></tr>\n    <tr><td>Year_Developed</td><td>0</td></tr>\n    <tr><td>Year_Last_Refurbished</td><td>0</td></tr>\n    <tr><td>No_of_Retail_Floors</td><td>1</td></tr>\n    <tr><td>Latest_Annual_Foot_Count</td><td>0</td></tr>\n    <tr><td>No_of_Shops</td><td>7</td></tr>\n    <tr><td>Main_Anchors</td><td>Small shops</td></tr>\n    <tr><td>Parking_Total</td><td>8</td></tr>"},"_name":"Village One Shopping Centre"}},{"type":"Feature","geometry":{"type":"Point","coordinates":[18.451382007532,-33.929748989572,0]},"properties":{"name":"Shoprite Woodstock","visibility":false,"description":{"@type":"html","value":"<br><br><br>\n    <table border=\"1\" padding=\"0\">\n    <tr><td>Shopping_Centre_Name</td><td>Shoprite Woodstock</td></tr>\n    <tr><td>Street_Address</td><td>Victoria Road</td></tr>\n    <tr><td>Street_Suburb</td><td>Woodstock</td></tr>\n    <tr><td>Street_City_or_Town</td><td>Cape Town</td></tr>\n    <tr><td>Street_Province_</td><td>Western Cape</td></tr>\n    <tr><td>Street_Country</td><td>South Africa</td></tr>\n    <tr><td>Core_Classification_ICSC</td><td>Local Convenience Centre</td></tr>\n    <tr><td>Classification_MD</td><td>Local Convenience Centre</td></tr>\n    <tr><td>Gross_Leasable_Floor_Area_in_sq</td><td>1121.65</td></tr>\n    <tr><td>Centre_Manager_Name</td><td></td></tr>\n    <tr><td>Centre_Manager_Telephone</td><td></td></tr>\n    <tr><td>Centre_Manager_Mobile</td><td></td></tr>\n    <tr><td>Centre_Manager_Email</td><td></td></tr>\n    <tr><td>Shopping_Centre_Website</td><td></td></tr>\n    <tr><td>Type</td><td>Majors</td></tr>\n    <tr><td>Leasing_Company_Name</td><td>Shoprite Checkers (Pty) Ltd - Property Division</td></tr>\n    <tr><td>Leasing_Manager_Name</td><td>Gerda Jordaan</td></tr>\n    <tr><td>Leasing_Manager_Telephone</td><td>+2721 980 4419</td></tr>\n    <tr><td>Leasing_Manager_Mobile</td><td>+2782 441 1189</td></tr>\n    <tr><td>Marketing_Company_Name</td><td>Shoprite Checkers (Pty) Ltd - Marketing Division</td></tr>\n    <tr><td>Owner</td><td>Shoprite Checkers (Pty) Ltd</td></tr>\n    <tr><td>Name_of_Holding_Company</td><td></td></tr>\n    <tr><td>Name_of_Developer</td><td></td></tr>\n    <tr><td>Year_Developed</td><td>0</td></tr>\n    <tr><td>Year_Last_Refurbished</td><td>0</td></tr>\n    <tr><td>No_of_Retail_Floors</td><td>1</td></tr>\n    <tr><td>Latest_Annual_Foot_Count</td><td>0</td></tr>\n    <tr><td>No_of_Shops</td><td>1</td></tr>\n    <tr><td>Main_Anchors</td><td>Shoprite</td></tr>\n    <tr><td>Parking_Total</td><td>0</td></tr>"},"_name":"Shoprite Woodstock"}},{"type":"Feature","geometry":{"type":"Point","coordinates":[18.8341869945298,-34.063693006005,0]},"properties":{"name":"Cylnor Convenience Centre","visibility":false,"description":{"@type":"html","value":"<br><br><br>\n    <table border=\"1\" padding=\"0\">\n    <tr><td>Shopping_Centre_Name</td><td>Cylnor Convenience Centre</td></tr>\n    <tr><td>Street_Address</td><td>Cnr Helderberg & Old Stellenbosch Roads</td></tr>\n    <tr><td>Street_Suburb</td><td>Die Wingerd</td></tr>\n    <tr><td>Street_City_or_Town</td><td>Somerset West</td></tr>\n    <tr><td>Street_Province_</td><td>Western Cape</td></tr>\n    <tr><td>Street_Country</td><td>South Africa</td></tr>\n    <tr><td>Core_Classification_ICSC</td><td>Local Convenience Centre</td></tr>\n    <tr><td>Classification_MD</td><td>Local Convenience Centre</td></tr>\n    <tr><td>Gross_Leasable_Floor_Area_in_sq</td><td>1250</td></tr>\n    <tr><td>Centre_Manager_Name</td><td></td></tr>\n    <tr><td>Centre_Manager_Telephone</td><td></td></tr>\n    <tr><td>Centre_Manager_Mobile</td><td></td></tr>\n    <tr><td>Centre_Manager_Email</td><td></td></tr>\n    <tr><td>Shopping_Centre_Website</td><td></td></tr>\n    <tr><td>Type</td><td></td></tr>\n    <tr><td>Leasing_Company_Name</td><td>Mag Properties</td></tr>\n    <tr><td>Leasing_Manager_Name</td><td></td></tr>\n    <tr><td>Leasing_Manager_Telephone</td><td>+2721 851 2446</td></tr>\n    <tr><td>Leasing_Manager_Mobile</td><td></td></tr>\n    <tr><td>Marketing_Company_Name</td><td></td></tr>\n    <tr><td>Owner</td><td>Privately Owned</td></tr>\n    <tr><td>Name_of_Holding_Company</td><td></td></tr>\n    <tr><td>Name_of_Developer</td><td></td></tr>\n    <tr><td>Year_Developed</td><td>0</td></tr>\n    <tr><td>Year_Last_Refurbished</td><td>0</td></tr>\n    <tr><td>No_of_Retail_Floors</td><td>1</td></tr>\n    <tr><td>Latest_Annual_Foot_Count</td><td>0</td></tr>\n    <tr><td>No_of_Shops</td><td>5</td></tr>\n    <tr><td>Main_Anchors</td><td>Kwikspar, Tops</td></tr>\n    <tr><td>Parking_Total</td><td>75</td></tr>"},"_name":"Cylnor Convenience Centre"}},{"type":"Feature","geometry":{"type":"Point","coordinates":[18.8504089978306,-33.96375999815,0]},"properties":{"name":"Paradys Kloof - Kwikspar Centre","visibility":false,"description":{"@type":"html","value":"<br><br><br>\n    <table border=\"1\" padding=\"0\">\n    <tr><td>Shopping_Centre_Name</td><td>Paradys Kloof - Kwikspar Centre</td></tr>\n    <tr><td>Street_Address</td><td>Cnr Blaauwklippen Road and Canterbury Lane & R44</td></tr>\n    <tr><td>Street_Suburb</td><td>Paradys Kloof</td></tr>\n    <tr><td>Street_City_or_Town</td><td>Stellenbosch</td></tr>\n    <tr><td>Street_Province_</td><td>Western Cape</td></tr>\n    <tr><td>Street_Country</td><td>South Africa</td></tr>\n    <tr><td>Core_Classification_ICSC</td><td>Local Convenience Centre</td></tr>\n    <tr><td>Classification_MD</td><td>Local Convenience Centre</td></tr>\n    <tr><td>Gross_Leasable_Floor_Area_in_sq</td><td>1250</td></tr>\n    <tr><td>Centre_Manager_Name</td><td></td></tr>\n    <tr><td>Centre_Manager_Telephone</td><td></td></tr>\n    <tr><td>Centre_Manager_Mobile</td><td></td></tr>\n    <tr><td>Centre_Manager_Email</td><td></td></tr>\n    <tr><td>Shopping_Centre_Website</td><td></td></tr>\n    <tr><td>Type</td><td></td></tr>\n    <tr><td>Leasing_Company_Name</td><td>Owner Leased</td></tr>\n    <tr><td>Leasing_Manager_Name</td><td>Mrs Espos</td></tr>\n    <tr><td>Leasing_Manager_Telephone</td><td></td></tr>\n    <tr><td>Leasing_Manager_Mobile</td><td>+2783 556 8511</td></tr>\n    <tr><td>Marketing_Company_Name</td><td></td></tr>\n    <tr><td>Owner</td><td>Mrs Espos</td></tr>\n    <tr><td>Name_of_Holding_Company</td><td></td></tr>\n    <tr><td>Name_of_Developer</td><td></td></tr>\n    <tr><td>Year_Developed</td><td>0</td></tr>\n    <tr><td>Year_Last_Refurbished</td><td>0</td></tr>\n    <tr><td>No_of_Retail_Floors</td><td>1</td></tr>\n    <tr><td>Latest_Annual_Foot_Count</td><td>0</td></tr>\n    <tr><td>No_of_Shops</td><td>5</td></tr>\n    <tr><td>Main_Anchors</td><td>Kwikspar</td></tr>\n    <tr><td>Parking_Total</td><td>0</td></tr>"},"_name":"Paradys Kloof - Kwikspar Centre"}},{"type":"Feature","geometry":{"type":"Point","coordinates":[18.8309819988238,-34.10085499511,0]},"properties":{"name":"Spar Centre","visibility":false,"description":{"@type":"html","value":"<br><br><br>\n    <table border=\"1\" padding=\"0\">\n    <tr><td>Shopping_Centre_Name</td><td>Spar Centre</td></tr>\n    <tr><td>Street_Address</td><td>Cnr Broadway Boulevard and Da Gama Street</td></tr>\n    <tr><td>Street_Suburb</td><td>Goede Hoop</td></tr>\n    <tr><td>Street_City_or_Town</td><td>Strand</td></tr>\n    <tr><td>Street_Province_</td><td>Western Cape</td></tr>\n    <tr><td>Street_Country</td><td>South Africa</td></tr>\n    <tr><td>Core_Classification_ICSC</td><td>Local Convenience Centre</td></tr>\n    <tr><td>Classification_MD</td><td>Local Convenience Centre</td></tr>\n    <tr><td>Gross_Leasable_Floor_Area_in_sq</td><td>1318</td></tr>\n    <tr><td>Centre_Manager_Name</td><td></td></tr>\n    <tr><td>Centre_Manager_Telephone</td><td></td></tr>\n    <tr><td>Centre_Manager_Mobile</td><td></td></tr>\n    <tr><td>Centre_Manager_Email</td><td></td></tr>\n    <tr><td>Shopping_Centre_Website</td><td></td></tr>\n    <tr><td>Type</td><td></td></tr>\n    <tr><td>Leasing_Company_Name</td><td>Mag Properties</td></tr>\n    <tr><td>Leasing_Manager_Name</td><td>Mike</td></tr>\n    <tr><td>Leasing_Manager_Telephone</td><td>+2721 851 2446</td></tr>\n    <tr><td>Leasing_Manager_Mobile</td><td>+2782 658 5604</td></tr>\n    <tr><td>Marketing_Company_Name</td><td></td></tr>\n    <tr><td>Owner</td><td>Mag Properties</td></tr>\n    <tr><td>Name_of_Holding_Company</td><td></td></tr>\n    <tr><td>Name_of_Developer</td><td></td></tr>\n    <tr><td>Year_Developed</td><td>0</td></tr>\n    <tr><td>Year_Last_Refurbished</td><td>0</td></tr>\n    <tr><td>No_of_Retail_Floors</td><td>1</td></tr>\n    <tr><td>Latest_Annual_Foot_Count</td><td>0</td></tr>\n    <tr><td>No_of_Shops</td><td>9</td></tr>\n    <tr><td>Main_Anchors</td><td>Kwikspar</td></tr>\n    <tr><td>Parking_Total</td><td>50</td></tr>"},"_name":"Spar Centre"}},{"type":"Feature","geometry":{"type":"Point","coordinates":[18.4685559865456,-33.995916993856,0]},"properties":{"name":"Kenilworth Corner","visibility":false,"description":{"@type":"html","value":"<br><br><br>\n    <table border=\"1\" padding=\"0\">\n    <tr><td>Shopping_Centre_Name</td><td>Kenilworth Corner</td></tr>\n    <tr><td>Street_Address</td><td>Cnr of Mains Avenue & Main Road</td></tr>\n    <tr><td>Street_Suburb</td><td>Kenilworth</td></tr>\n    <tr><td>Street_City_or_Town</td><td>Cape Town</td></tr>\n    <tr><td>Street_Province_</td><td>Western Cape</td></tr>\n    <tr><td>Street_Country</td><td>South Africa</td></tr>\n    <tr><td>Core_Classification_ICSC</td><td>Local Convenience Centre</td></tr>\n    <tr><td>Classification_MD</td><td>Local Convenience Centre</td></tr>\n    <tr><td>Gross_Leasable_Floor_Area_in_sq</td><td>1370</td></tr>\n    <tr><td>Centre_Manager_Name</td><td></td></tr>\n    <tr><td>Centre_Manager_Telephone</td><td></td></tr>\n    <tr><td>Centre_Manager_Mobile</td><td></td></tr>\n    <tr><td>Centre_Manager_Email</td><td></td></tr>\n    <tr><td>Shopping_Centre_Website</td><td></td></tr>\n    <tr><td>Type</td><td></td></tr>\n    <tr><td>Leasing_Company_Name</td><td>New Property Ventures (Pty) Ltd</td></tr>\n    <tr><td>Leasing_Manager_Name</td><td>Anel Bridges</td></tr>\n    <tr><td>Leasing_Manager_Telephone</td><td>+2721 683 9061</td></tr>\n    <tr><td>Leasing_Manager_Mobile</td><td>+2779 516 5464</td></tr>\n    <tr><td>Marketing_Company_Name</td><td>New Property Ventures (Pty) Ltd</td></tr>\n    <tr><td>Owner</td><td>New Property Ventures</td></tr>\n    <tr><td>Name_of_Holding_Company</td><td></td></tr>\n    <tr><td>Name_of_Developer</td><td></td></tr>\n    <tr><td>Year_Developed</td><td>2015</td></tr>\n    <tr><td>Year_Last_Refurbished</td><td>0</td></tr>\n    <tr><td>No_of_Retail_Floors</td><td>1</td></tr>\n    <tr><td>Latest_Annual_Foot_Count</td><td>0</td></tr>\n    <tr><td>No_of_Shops</td><td>2</td></tr>\n    <tr><td>Main_Anchors</td><td>Noyes Chemist, Oakhurst Farm Stall</td></tr>\n    <tr><td>Parking_Total</td><td>0</td></tr>"},"_name":"Kenilworth Corner"}},{"type":"Feature","geometry":{"type":"Point","coordinates":[18.4887229833598,-34.053482008427,0]},"properties":{"name":"Prince Park Shopping Centre","visibility":false,"description":{"@type":"html","value":"<br><br><br>\n    <table border=\"1\" padding=\"0\">\n    <tr><td>Shopping_Centre_Name</td><td>Prince Park Shopping Centre</td></tr>\n    <tr><td>Street_Address</td><td>Cnr Prince George Drive and 5th Avenue</td></tr>\n    <tr><td>Street_Suburb</td><td>Grassy Park</td></tr>\n    <tr><td>Street_City_or_Town</td><td>Cape Town</td></tr>\n    <tr><td>Street_Province_</td><td>Western Cape</td></tr>\n    <tr><td>Street_Country</td><td>South Africa</td></tr>\n    <tr><td>Core_Classification_ICSC</td><td>Local Convenience Centre</td></tr>\n    <tr><td>Classification_MD</td><td>Local Convenience Centre</td></tr>\n    <tr><td>Gross_Leasable_Floor_Area_in_sq</td><td>1500</td></tr>\n    <tr><td>Centre_Manager_Name</td><td>Feroz Dawood</td></tr>\n    <tr><td>Centre_Manager_Telephone</td><td>+2721 705 8040</td></tr>\n    <tr><td>Centre_Manager_Mobile</td><td>+2782 928 2522</td></tr>\n    <tr><td>Centre_Manager_Email</td><td>fdawood@worldonline.co.za</td></tr>\n    <tr><td>Shopping_Centre_Website</td><td></td></tr>\n    <tr><td>Type</td><td></td></tr>\n    <tr><td>Leasing_Company_Name</td><td>Owner Leased</td></tr>\n    <tr><td>Leasing_Manager_Name</td><td>Feroz Dawood</td></tr>\n    <tr><td>Leasing_Manager_Telephone</td><td>+2721 705 8040</td></tr>\n    <tr><td>Leasing_Manager_Mobile</td><td>+2782 928 2522</td></tr>\n    <tr><td>Marketing_Company_Name</td><td></td></tr>\n    <tr><td>Owner</td><td>Feroz Dawood</td></tr>\n    <tr><td>Name_of_Holding_Company</td><td></td></tr>\n    <tr><td>Name_of_Developer</td><td></td></tr>\n    <tr><td>Year_Developed</td><td>1991</td></tr>\n    <tr><td>Year_Last_Refurbished</td><td>2010</td></tr>\n    <tr><td>No_of_Retail_Floors</td><td>1</td></tr>\n    <tr><td>Latest_Annual_Foot_Count</td><td>0</td></tr>\n    <tr><td>No_of_Shops</td><td>11</td></tr>\n    <tr><td>Main_Anchors</td><td>Woolworths Food, Small shops</td></tr>\n    <tr><td>Parking_Total</td><td>100</td></tr>"},"_name":"Prince Park Shopping Centre"}},{"type":"Feature","geometry":{"type":"Point","coordinates":[18.658549987969,-33.869194994584,0]},"properties":{"name":"Spar Centre - Stellenberg","visibility":false,"description":{"@type":"html","value":"<br><br><br>\n    <table border=\"1\" padding=\"0\">\n    <tr><td>Shopping_Centre_Name</td><td>Spar Centre - Stellenberg</td></tr>\n    <tr><td>Street_Address</td><td>Cnr Haarlem Road & Eike Close</td></tr>\n    <tr><td>Street_Suburb</td><td>Stellenberg</td></tr>\n    <tr><td>Street_City_or_Town</td><td>Bellville</td></tr>\n    <tr><td>Street_Province_</td><td>Western Cape</td></tr>\n    <tr><td>Street_Country</td><td>South Africa</td></tr>\n    <tr><td>Core_Classification_ICSC</td><td>Local Convenience Centre</td></tr>\n    <tr><td>Classification_MD</td><td>Local Convenience Centre</td></tr>\n    <tr><td>Gross_Leasable_Floor_Area_in_sq</td><td>1500</td></tr>\n    <tr><td>Centre_Manager_Name</td><td></td></tr>\n    <tr><td>Centre_Manager_Telephone</td><td></td></tr>\n    <tr><td>Centre_Manager_Mobile</td><td></td></tr>\n    <tr><td>Centre_Manager_Email</td><td></td></tr>\n    <tr><td>Shopping_Centre_Website</td><td></td></tr>\n    <tr><td>Type</td><td></td></tr>\n    <tr><td>Leasing_Company_Name</td><td>Owner Leased</td></tr>\n    <tr><td>Leasing_Manager_Name</td><td>Charmaine Oosthuizen</td></tr>\n    <tr><td>Leasing_Manager_Telephone</td><td>+2721 919 2954</td></tr>\n    <tr><td>Leasing_Manager_Mobile</td><td></td></tr>\n    <tr><td>Marketing_Company_Name</td><td></td></tr>\n    <tr><td>Owner</td><td>Privately Owned</td></tr>\n    <tr><td>Name_of_Holding_Company</td><td></td></tr>\n    <tr><td>Name_of_Developer</td><td></td></tr>\n    <tr><td>Year_Developed</td><td>0</td></tr>\n    <tr><td>Year_Last_Refurbished</td><td>0</td></tr>\n    <tr><td>No_of_Retail_Floors</td><td>1</td></tr>\n    <tr><td>Latest_Annual_Foot_Count</td><td>0</td></tr>\n    <tr><td>No_of_Shops</td><td>10</td></tr>\n    <tr><td>Main_Anchors</td><td>Kwikspar</td></tr>\n    <tr><td>Parking_Total</td><td>50</td></tr>"},"_name":"Spar Centre - Stellenberg"}},{"type":"Feature","geometry":{"type":"Point","coordinates":[18.5907329839372,-33.895786006188,0]},"properties":{"name":"De Tyger Shopping Centre","visibility":false,"description":{"@type":"html","value":"<br><br><br>\n    <table border=\"1\" padding=\"0\">\n    <tr><td>Shopping_Centre_Name</td><td>De Tyger Shopping Centre</td></tr>\n    <tr><td>Street_Address</td><td>Cnr Frans Conradie Drive and Andre Road</td></tr>\n    <tr><td>Street_Suburb</td><td>De Tijger</td></tr>\n    <tr><td>Street_City_or_Town</td><td>Parow</td></tr>\n    <tr><td>Street_Province_</td><td>Western Cape</td></tr>\n    <tr><td>Street_Country</td><td>South Africa</td></tr>\n    <tr><td>Core_Classification_ICSC</td><td>Local Convenience Centre</td></tr>\n    <tr><td>Classification_MD</td><td>Local Convenience Centre</td></tr>\n    <tr><td>Gross_Leasable_Floor_Area_in_sq</td><td>1500</td></tr>\n    <tr><td>Centre_Manager_Name</td><td></td></tr>\n    <tr><td>Centre_Manager_Telephone</td><td></td></tr>\n    <tr><td>Centre_Manager_Mobile</td><td></td></tr>\n    <tr><td>Centre_Manager_Email</td><td></td></tr>\n    <tr><td>Shopping_Centre_Website</td><td></td></tr>\n    <tr><td>Type</td><td></td></tr>\n    <tr><td>Leasing_Company_Name</td><td>Owner Leased</td></tr>\n    <tr><td>Leasing_Manager_Name</td><td>Mr Kamara</td></tr>\n    <tr><td>Leasing_Manager_Telephone</td><td></td></tr>\n    <tr><td>Leasing_Manager_Mobile</td><td>+2779 616 0173</td></tr>\n    <tr><td>Marketing_Company_Name</td><td></td></tr>\n    <tr><td>Owner</td><td>Mr Kamara</td></tr>\n    <tr><td>Name_of_Holding_Company</td><td></td></tr>\n    <tr><td>Name_of_Developer</td><td></td></tr>\n    <tr><td>Year_Developed</td><td>0</td></tr>\n    <tr><td>Year_Last_Refurbished</td><td>0</td></tr>\n    <tr><td>No_of_Retail_Floors</td><td>2</td></tr>\n    <tr><td>Latest_Annual_Foot_Count</td><td>0</td></tr>\n    <tr><td>No_of_Shops</td><td>5</td></tr>\n    <tr><td>Main_Anchors</td><td>Spar, Picardi Rebel</td></tr>\n    <tr><td>Parking_Total</td><td>45</td></tr>"},"_name":"De Tyger Shopping Centre"}},{"type":"Feature","geometry":{"type":"Point","coordinates":[18.4952910160318,-33.854641009218,0]},"properties":{"name":"Ocean Square Shopping Centre","visibility":false,"description":{"@type":"html","value":"<br><br><br>\n    <table border=\"1\" padding=\"0\">\n    <tr><td>Shopping_Centre_Name</td><td>Ocean Square Shopping Centre</td></tr>\n    <tr><td>Street_Address</td><td>Cnr Ocean Way and Balers Way</td></tr>\n    <tr><td>Street_Suburb</td><td>Sunset Beach</td></tr>\n    <tr><td>Street_City_or_Town</td><td>Cape Town</td></tr>\n    <tr><td>Street_Province_</td><td>Western Cape</td></tr>\n    <tr><td>Street_Country</td><td>South Africa</td></tr>\n    <tr><td>Core_Classification_ICSC</td><td>Local Convenience Centre</td></tr>\n    <tr><td>Classification_MD</td><td>Local Convenience Centre</td></tr>\n    <tr><td>Gross_Leasable_Floor_Area_in_sq</td><td>1520</td></tr>\n    <tr><td>Centre_Manager_Name</td><td></td></tr>\n    <tr><td>Centre_Manager_Telephone</td><td>+2721 441 8800</td></tr>\n    <tr><td>Centre_Manager_Mobile</td><td></td></tr>\n    <tr><td>Centre_Manager_Email</td><td>jpq@permanenttrust.com</td></tr>\n    <tr><td>Shopping_Centre_Website</td><td></td></tr>\n    <tr><td>Type</td><td>Single Centres</td></tr>\n    <tr><td>Leasing_Company_Name</td><td>Permanent Trust Property Group</td></tr>\n    <tr><td>Leasing_Manager_Name</td><td>JP</td></tr>\n    <tr><td>Leasing_Manager_Telephone</td><td>+2721 441 8800</td></tr>\n    <tr><td>Leasing_Manager_Mobile</td><td></td></tr>\n    <tr><td>Marketing_Company_Name</td><td></td></tr>\n    <tr><td>Owner</td><td>Privately Owned</td></tr>\n    <tr><td>Name_of_Holding_Company</td><td></td></tr>\n    <tr><td>Name_of_Developer</td><td></td></tr>\n    <tr><td>Year_Developed</td><td>1998</td></tr>\n    <tr><td>Year_Last_Refurbished</td><td>0</td></tr>\n    <tr><td>No_of_Retail_Floors</td><td>1</td></tr>\n    <tr><td>Latest_Annual_Foot_Count</td><td>0</td></tr>\n    <tr><td>No_of_Shops</td><td>13</td></tr>\n    <tr><td>Main_Anchors</td><td>Standard Bank, Woolworths Food</td></tr>\n    <tr><td>Parking_Total</td><td>40</td></tr>"},"_name":"Ocean Square Shopping Centre"}},{"type":"Feature","geometry":{"type":"Point","coordinates":[18.505966014247,-33.893282007068,0]},"properties":{"name":"The Colosseum","visibility":false,"description":{"@type":"html","value":"<br><br><br>\n    <table border=\"1\" padding=\"0\">\n    <tr><td>Shopping_Centre_Name</td><td>The Colosseum</td></tr>\n    <tr><td>Street_Address</td><td>Sable Road</td></tr>\n    <tr><td>Street_Suburb</td><td>Century City</td></tr>\n    <tr><td>Street_City_or_Town</td><td>Goodwood</td></tr>\n    <tr><td>Street_Province_</td><td>Western Cape</td></tr>\n    <tr><td>Street_Country</td><td>South Africa</td></tr>\n    <tr><td>Core_Classification_ICSC</td><td>Local Convenience Centre</td></tr>\n    <tr><td>Classification_MD</td><td>Local Convenience Centre</td></tr>\n    <tr><td>Gross_Leasable_Floor_Area_in_sq</td><td>1576</td></tr>\n    <tr><td>Centre_Manager_Name</td><td>Janet Wishnia</td></tr>\n    <tr><td>Centre_Manager_Telephone</td><td>+2721 550 7000</td></tr>\n    <tr><td>Centre_Manager_Mobile</td><td>+2783 379 1232</td></tr>\n    <tr><td>Centre_Manager_Email</td><td>janet@rabie.co.za</td></tr>\n    <tr><td>Shopping_Centre_Website</td><td></td></tr>\n    <tr><td>Type</td><td>Majors</td></tr>\n    <tr><td>Leasing_Company_Name</td><td>Rabie Property Administrators (Pty) Ltd</td></tr>\n    <tr><td>Leasing_Manager_Name</td><td>Janet Wishnia</td></tr>\n    <tr><td>Leasing_Manager_Telephone</td><td>+2721 550 7000</td></tr>\n    <tr><td>Leasing_Manager_Mobile</td><td>+2783 379 1232</td></tr>\n    <tr><td>Marketing_Company_Name</td><td></td></tr>\n    <tr><td>Owner</td><td>Century City Property Investment Trust</td></tr>\n    <tr><td>Name_of_Holding_Company</td><td></td></tr>\n    <tr><td>Name_of_Developer</td><td></td></tr>\n    <tr><td>Year_Developed</td><td>2007</td></tr>\n    <tr><td>Year_Last_Refurbished</td><td>2008</td></tr>\n    <tr><td>No_of_Retail_Floors</td><td>1</td></tr>\n    <tr><td>Latest_Annual_Foot_Count</td><td>0</td></tr>\n    <tr><td>No_of_Shops</td><td>13</td></tr>\n    <tr><td>Main_Anchors</td><td>Woolworths, Restaurants</td></tr>\n    <tr><td>Parking_Total</td><td>0</td></tr>"},"_name":"The Colosseum"}},{"type":"Feature","geometry":{"type":"Point","coordinates":[18.4611660177514,-34.090684994011,0]},"properties":{"name":"The Old Bakery","visibility":false,"description":{"@type":"html","value":"<br><br><br>\n    <table border=\"1\" padding=\"0\">\n    <tr><td>Shopping_Centre_Name</td><td>The Old Bakery</td></tr>\n    <tr><td>Street_Address</td><td>Cnr Main & Lincoln Roads</td></tr>\n    <tr><td>Street_Suburb</td><td>Lakeside</td></tr>\n    <tr><td>Street_City_or_Town</td><td>Cape Town</td></tr>\n    <tr><td>Street_Province_</td><td>Western Cape</td></tr>\n    <tr><td>Street_Country</td><td>South Africa</td></tr>\n    <tr><td>Core_Classification_ICSC</td><td>Local Convenience Centre</td></tr>\n    <tr><td>Classification_MD</td><td>Local Convenience Centre</td></tr>\n    <tr><td>Gross_Leasable_Floor_Area_in_sq</td><td>1604</td></tr>\n    <tr><td>Centre_Manager_Name</td><td></td></tr>\n    <tr><td>Centre_Manager_Telephone</td><td>+2721 788 7771</td></tr>\n    <tr><td>Centre_Manager_Mobile</td><td></td></tr>\n    <tr><td>Centre_Manager_Email</td><td></td></tr>\n    <tr><td>Shopping_Centre_Website</td><td></td></tr>\n    <tr><td>Type</td><td></td></tr>\n    <tr><td>Leasing_Company_Name</td><td>Masalini Capital</td></tr>\n    <tr><td>Leasing_Manager_Name</td><td>Dawn East</td></tr>\n    <tr><td>Leasing_Manager_Telephone</td><td>+2721 788 7771</td></tr>\n    <tr><td>Leasing_Manager_Mobile</td><td></td></tr>\n    <tr><td>Marketing_Company_Name</td><td></td></tr>\n    <tr><td>Owner</td><td>Masalini Properties (Pty) Ltd</td></tr>\n    <tr><td>Name_of_Holding_Company</td><td></td></tr>\n    <tr><td>Name_of_Developer</td><td>Thynk Property Partners</td></tr>\n    <tr><td>Year_Developed</td><td>2005</td></tr>\n    <tr><td>Year_Last_Refurbished</td><td>0</td></tr>\n    <tr><td>No_of_Retail_Floors</td><td>1</td></tr>\n    <tr><td>Latest_Annual_Foot_Count</td><td>0</td></tr>\n    <tr><td>No_of_Shops</td><td>13</td></tr>\n    <tr><td>Main_Anchors</td><td>Woolworths Food, Sostanza Coffee Shop</td></tr>\n    <tr><td>Parking_Total</td><td>77</td></tr>"},"_name":"The Old Bakery"}},{"type":"Feature","geometry":{"type":"Point","coordinates":[18.4215060093118,-33.920511011686,0]},"properties":{"name":"Matador Centre","visibility":false,"description":{"@type":"html","value":"<br><br><br>\n    <table border=\"1\" padding=\"0\">\n    <tr><td>Shopping_Centre_Name</td><td>Matador Centre</td></tr>\n    <tr><td>Street_Address</td><td>Strand Street</td></tr>\n    <tr><td>Street_Suburb</td><td>Central</td></tr>\n    <tr><td>Street_City_or_Town</td><td>Cape Town</td></tr>\n    <tr><td>Street_Province_</td><td>Western Cape</td></tr>\n    <tr><td>Street_Country</td><td>South Africa</td></tr>\n    <tr><td>Core_Classification_ICSC</td><td>Local Convenience Centre</td></tr>\n    <tr><td>Classification_MD</td><td>Local Convenience Centre</td></tr>\n    <tr><td>Gross_Leasable_Floor_Area_in_sq</td><td>1657</td></tr>\n    <tr><td>Centre_Manager_Name</td><td></td></tr>\n    <tr><td>Centre_Manager_Telephone</td><td></td></tr>\n    <tr><td>Centre_Manager_Mobile</td><td></td></tr>\n    <tr><td>Centre_Manager_Email</td><td></td></tr>\n    <tr><td>Shopping_Centre_Website</td><td></td></tr>\n    <tr><td>Type</td><td>Majors</td></tr>\n    <tr><td>Leasing_Company_Name</td><td>Public Investment Corporation SOC Ltd (Mowana Properties)</td></tr>\n    <tr><td>Leasing_Manager_Name</td><td>Paul Smith</td></tr>\n    <tr><td>Leasing_Manager_Telephone</td><td>+2721 685 2252</td></tr>\n    <tr><td>Leasing_Manager_Mobile</td><td>+2782 887 1166</td></tr>\n    <tr><td>Marketing_Company_Name</td><td></td></tr>\n    <tr><td>Owner</td><td>Government Employees Pension Fund c/o Public Investment Corporation</td></tr>\n    <tr><td>Name_of_Holding_Company</td><td>Public Investment Company</td></tr>\n    <tr><td>Name_of_Developer</td><td></td></tr>\n    <tr><td>Year_Developed</td><td>1970</td></tr>\n    <tr><td>Year_Last_Refurbished</td><td>2006</td></tr>\n    <tr><td>No_of_Retail_Floors</td><td>2</td></tr>\n    <tr><td>Latest_Annual_Foot_Count</td><td>0</td></tr>\n    <tr><td>No_of_Shops</td><td>19</td></tr>\n    <tr><td>Main_Anchors</td><td>Nando's, Kauai Juice, Caroline's Fine Wine</td></tr>\n    <tr><td>Parking_Total</td><td>0</td></tr>"},"_name":"Matador Centre"}},{"type":"Feature","geometry":{"type":"Point","coordinates":[18.5415830030686,-33.86026199497,0]},"properties":{"name":"Centurion Shopping Centre","visibility":false,"description":{"@type":"html","value":"<br><br><br>\n    <table border=\"1\" padding=\"0\">\n    <tr><td>Shopping_Centre_Name</td><td>Centurion Shopping Centre</td></tr>\n    <tr><td>Street_Address</td><td>De Grendel Avenue</td></tr>\n    <tr><td>Street_Suburb</td><td>Bothasig</td></tr>\n    <tr><td>Street_City_or_Town</td><td>Cape Town</td></tr>\n    <tr><td>Street_Province_</td><td>Western Cape</td></tr>\n    <tr><td>Street_Country</td><td>South Africa</td></tr>\n    <tr><td>Core_Classification_ICSC</td><td>Local Convenience Centre</td></tr>\n    <tr><td>Classification_MD</td><td>Local Convenience Centre</td></tr>\n    <tr><td>Gross_Leasable_Floor_Area_in_sq</td><td>1700</td></tr>\n    <tr><td>Centre_Manager_Name</td><td></td></tr>\n    <tr><td>Centre_Manager_Telephone</td><td></td></tr>\n    <tr><td>Centre_Manager_Mobile</td><td></td></tr>\n    <tr><td>Centre_Manager_Email</td><td></td></tr>\n    <tr><td>Shopping_Centre_Website</td><td></td></tr>\n    <tr><td>Type</td><td></td></tr>\n    <tr><td>Leasing_Company_Name</td><td>Trafalgar</td></tr>\n    <tr><td>Leasing_Manager_Name</td><td></td></tr>\n    <tr><td>Leasing_Manager_Telephone</td><td>+2721 410 5500</td></tr>\n    <tr><td>Leasing_Manager_Mobile</td><td></td></tr>\n    <tr><td>Marketing_Company_Name</td><td></td></tr>\n    <tr><td>Owner</td><td>Corpco 2320 CC</td></tr>\n    <tr><td>Name_of_Holding_Company</td><td></td></tr>\n    <tr><td>Name_of_Developer</td><td></td></tr>\n    <tr><td>Year_Developed</td><td>0</td></tr>\n    <tr><td>Year_Last_Refurbished</td><td>0</td></tr>\n    <tr><td>No_of_Retail_Floors</td><td>1</td></tr>\n    <tr><td>Latest_Annual_Foot_Count</td><td>0</td></tr>\n    <tr><td>No_of_Shops</td><td>8</td></tr>\n    <tr><td>Main_Anchors</td><td>7 Eleven, Liquor Stores</td></tr>\n    <tr><td>Parking_Total</td><td>30</td></tr>"},"_name":"Centurion Shopping Centre"}},{"type":"Feature","geometry":{"type":"Point","coordinates":[18.620584019743,-34.051232009802,0]},"properties":{"name":"Unity Centre","visibility":false,"description":{"@type":"html","value":"<br><br><br>\n    <table border=\"1\" padding=\"0\">\n    <tr><td>Shopping_Centre_Name</td><td>Unity Centre</td></tr>\n    <tr><td>Street_Address</td><td>Polka Place</td></tr>\n    <tr><td>Street_Suburb</td><td>Town Centre</td></tr>\n    <tr><td>Street_City_or_Town</td><td>Mitchell's Plain</td></tr>\n    <tr><td>Street_Province_</td><td>Western Cape</td></tr>\n    <tr><td>Street_Country</td><td>South Africa</td></tr>\n    <tr><td>Core_Classification_ICSC</td><td>Local Convenience Centre</td></tr>\n    <tr><td>Classification_MD</td><td>Local Convenience Centre</td></tr>\n    <tr><td>Gross_Leasable_Floor_Area_in_sq</td><td>1745</td></tr>\n    <tr><td>Centre_Manager_Name</td><td></td></tr>\n    <tr><td>Centre_Manager_Telephone</td><td></td></tr>\n    <tr><td>Centre_Manager_Mobile</td><td></td></tr>\n    <tr><td>Centre_Manager_Email</td><td></td></tr>\n    <tr><td>Shopping_Centre_Website</td><td></td></tr>\n    <tr><td>Type</td><td>Majors</td></tr>\n    <tr><td>Leasing_Company_Name</td><td>Public Investment Corporation SOC Ltd (Mowana Properties)</td></tr>\n    <tr><td>Leasing_Manager_Name</td><td>Norman August</td></tr>\n    <tr><td>Leasing_Manager_Telephone</td><td>+2721 658 3900</td></tr>\n    <tr><td>Leasing_Manager_Mobile</td><td></td></tr>\n    <tr><td>Marketing_Company_Name</td><td></td></tr>\n    <tr><td>Owner</td><td>Community Property Company (Pty) Ltd</td></tr>\n    <tr><td>Name_of_Holding_Company</td><td>Public Investment Company</td></tr>\n    <tr><td>Name_of_Developer</td><td></td></tr>\n    <tr><td>Year_Developed</td><td>1982</td></tr>\n    <tr><td>Year_Last_Refurbished</td><td>0</td></tr>\n    <tr><td>No_of_Retail_Floors</td><td>1</td></tr>\n    <tr><td>Latest_Annual_Foot_Count</td><td>0</td></tr>\n    <tr><td>No_of_Shops</td><td>2</td></tr>\n    <tr><td>Main_Anchors</td><td>Small shops</td></tr>\n    <tr><td>Parking_Total</td><td>0</td></tr>"},"_name":"Unity Centre"}},{"type":"Feature","geometry":{"type":"Point","coordinates":[18.506799985819,-33.974089987422,0]},"properties":{"name":"Krombroom Shopping Centre","visibility":false,"description":{"@type":"html","value":"<br><br><br>\n    <table border=\"1\" padding=\"0\">\n    <tr><td>Shopping_Centre_Name</td><td>Krombroom Shopping Centre</td></tr>\n    <tr><td>Street_Address</td><td>Rokeby Road</td></tr>\n    <tr><td>Street_Suburb</td><td>Crawford</td></tr>\n    <tr><td>Street_City_or_Town</td><td>Cape Town</td></tr>\n    <tr><td>Street_Province_</td><td>Western Cape</td></tr>\n    <tr><td>Street_Country</td><td>South Africa</td></tr>\n    <tr><td>Core_Classification_ICSC</td><td>Local Convenience Centre</td></tr>\n    <tr><td>Classification_MD</td><td>Local Convenience Centre</td></tr>\n    <tr><td>Gross_Leasable_Floor_Area_in_sq</td><td>1760</td></tr>\n    <tr><td>Centre_Manager_Name</td><td></td></tr>\n    <tr><td>Centre_Manager_Telephone</td><td></td></tr>\n    <tr><td>Centre_Manager_Mobile</td><td></td></tr>\n    <tr><td>Centre_Manager_Email</td><td></td></tr>\n    <tr><td>Shopping_Centre_Website</td><td></td></tr>\n    <tr><td>Type</td><td>Majors</td></tr>\n    <tr><td>Leasing_Company_Name</td><td>Broll Property Group (Pty) Ltd</td></tr>\n    <tr><td>Leasing_Manager_Name</td><td>Gary Rackham</td></tr>\n    <tr><td>Leasing_Manager_Telephone</td><td>+2721 419 7373</td></tr>\n    <tr><td>Leasing_Manager_Mobile</td><td>+2782 413 8919</td></tr>\n    <tr><td>Marketing_Company_Name</td><td></td></tr>\n    <tr><td>Owner</td><td>The Landsdowne Trust</td></tr>\n    <tr><td>Name_of_Holding_Company</td><td></td></tr>\n    <tr><td>Name_of_Developer</td><td></td></tr>\n    <tr><td>Year_Developed</td><td>2010</td></tr>\n    <tr><td>Year_Last_Refurbished</td><td>0</td></tr>\n    <tr><td>No_of_Retail_Floors</td><td>2</td></tr>\n    <tr><td>Latest_Annual_Foot_Count</td><td>0</td></tr>\n    <tr><td>No_of_Shops</td><td>11</td></tr>\n    <tr><td>Main_Anchors</td><td>Woolworths</td></tr>\n    <tr><td>Parking_Total</td><td>0</td></tr>"},"_name":"Krombroom Shopping Centre"}},{"type":"Feature","geometry":{"type":"Point","coordinates":[18.5679730163272,-33.909521995515,0]},"properties":{"name":"Campwell Centre","visibility":false,"description":{"@type":"html","value":"<br><br><br>\n    <table border=\"1\" padding=\"0\">\n    <tr><td>Shopping_Centre_Name</td><td>Campwell Centre</td></tr>\n    <tr><td>Street_Address</td><td>Cnr Voortrekker Road & De Wet Street</td></tr>\n    <tr><td>Street_Suburb</td><td>Central</td></tr>\n    <tr><td>Street_City_or_Town</td><td>Goodwood</td></tr>\n    <tr><td>Street_Province_</td><td>Western Cape</td></tr>\n    <tr><td>Street_Country</td><td>South Africa</td></tr>\n    <tr><td>Core_Classification_ICSC</td><td>Local Convenience Centre</td></tr>\n    <tr><td>Classification_MD</td><td>Local Convenience Centre</td></tr>\n    <tr><td>Gross_Leasable_Floor_Area_in_sq</td><td>1765</td></tr>\n    <tr><td>Centre_Manager_Name</td><td></td></tr>\n    <tr><td>Centre_Manager_Telephone</td><td></td></tr>\n    <tr><td>Centre_Manager_Mobile</td><td></td></tr>\n    <tr><td>Centre_Manager_Email</td><td></td></tr>\n    <tr><td>Shopping_Centre_Website</td><td></td></tr>\n    <tr><td>Type</td><td></td></tr>\n    <tr><td>Leasing_Company_Name</td><td>Topit Properties</td></tr>\n    <tr><td>Leasing_Manager_Name</td><td>Fairoz Osman</td></tr>\n    <tr><td>Leasing_Manager_Telephone</td><td>+2721 931 4540</td></tr>\n    <tr><td>Leasing_Manager_Mobile</td><td></td></tr>\n    <tr><td>Marketing_Company_Name</td><td></td></tr>\n    <tr><td>Owner</td><td>Oscorp Property Holdings</td></tr>\n    <tr><td>Name_of_Holding_Company</td><td></td></tr>\n    <tr><td>Name_of_Developer</td><td></td></tr>\n    <tr><td>Year_Developed</td><td>0</td></tr>\n    <tr><td>Year_Last_Refurbished</td><td>0</td></tr>\n    <tr><td>No_of_Retail_Floors</td><td>1</td></tr>\n    <tr><td>Latest_Annual_Foot_Count</td><td>0</td></tr>\n    <tr><td>No_of_Shops</td><td>6</td></tr>\n    <tr><td>Main_Anchors</td><td>Campwell Hardware</td></tr>\n    <tr><td>Parking_Total</td><td>40</td></tr>"},"_name":"Campwell Centre"}},{"type":"Feature","geometry":{"type":"Point","coordinates":[18.633900008983,-33.862099990734,0]},"properties":{"name":"Ipic Shopping Centre - Kenridge","visibility":false,"description":{"@type":"html","value":"<br><br><br>\n    <table border=\"1\" padding=\"0\">\n    <tr><td>Shopping_Centre_Name</td><td>Ipic Shopping Centre - Kenridge</td></tr>\n    <tr><td>Street_Address</td><td>Doordekraal Road</td></tr>\n    <tr><td>Street_Suburb</td><td>Kenridge</td></tr>\n    <tr><td>Street_City_or_Town</td><td>Bellville</td></tr>\n    <tr><td>Street_Province_</td><td>Western Cape</td></tr>\n    <tr><td>Street_Country</td><td>South Africa</td></tr>\n    <tr><td>Core_Classification_ICSC</td><td>Local Convenience Centre</td></tr>\n    <tr><td>Classification_MD</td><td>Local Convenience Centre</td></tr>\n    <tr><td>Gross_Leasable_Floor_Area_in_sq</td><td>1786</td></tr>\n    <tr><td>Centre_Manager_Name</td><td>Louis Kruger Property Management</td></tr>\n    <tr><td>Centre_Manager_Telephone</td><td>+2721 903 3101</td></tr>\n    <tr><td>Centre_Manager_Mobile</td><td>+2783 270 3466</td></tr>\n    <tr><td>Centre_Manager_Email</td><td>louis@lkpm.co.za</td></tr>\n    <tr><td>Shopping_Centre_Website</td><td>www.ipicgroup.com</td></tr>\n    <tr><td>Type</td><td>Majors</td></tr>\n    <tr><td>Leasing_Company_Name</td><td>Louis Kruger Property Management</td></tr>\n    <tr><td>Leasing_Manager_Name</td><td>Louis Kruger</td></tr>\n    <tr><td>Leasing_Manager_Telephone</td><td>+2721 903 3101</td></tr>\n    <tr><td>Leasing_Manager_Mobile</td><td>+2783 270 3466</td></tr>\n    <tr><td>Marketing_Company_Name</td><td>The Blue Room</td></tr>\n    <tr><td>Owner</td><td>Ipic Properties (Pty) Ltd</td></tr>\n    <tr><td>Name_of_Holding_Company</td><td></td></tr>\n    <tr><td>Name_of_Developer</td><td>Dielemaar Holdings (Cape) (Pty)  Ltd</td></tr>\n    <tr><td>Year_Developed</td><td>1988</td></tr>\n    <tr><td>Year_Last_Refurbished</td><td>2003</td></tr>\n    <tr><td>No_of_Retail_Floors</td><td>1</td></tr>\n    <tr><td>Latest_Annual_Foot_Count</td><td>0</td></tr>\n    <tr><td>No_of_Shops</td><td>18</td></tr>\n    <tr><td>Main_Anchors</td><td>Pick n Pay</td></tr>\n    <tr><td>Parking_Total</td><td>56</td></tr>"},"_name":"Ipic Shopping Centre - Kenridge"}},{"type":"Feature","geometry":{"type":"Point","coordinates":[18.4307419810696,-34.15705500198,0]},"properties":{"name":"Glencairn Shopping Centre","visibility":false,"description":{"@type":"html","value":"<br><br><br>\n    <table border=\"1\" padding=\"0\">\n    <tr><td>Shopping_Centre_Name</td><td>Glencairn Shopping Centre</td></tr>\n    <tr><td>Street_Address</td><td>Cnr Blackhill and Birkenhead Roads</td></tr>\n    <tr><td>Street_Suburb</td><td>Glencairn Heights</td></tr>\n    <tr><td>Street_City_or_Town</td><td>Simon's Town</td></tr>\n    <tr><td>Street_Province_</td><td>Western Cape</td></tr>\n    <tr><td>Street_Country</td><td>South Africa</td></tr>\n    <tr><td>Core_Classification_ICSC</td><td>Local Convenience Centre</td></tr>\n    <tr><td>Classification_MD</td><td>Local Convenience Centre</td></tr>\n    <tr><td>Gross_Leasable_Floor_Area_in_sq</td><td>1800</td></tr>\n    <tr><td>Centre_Manager_Name</td><td></td></tr>\n    <tr><td>Centre_Manager_Telephone</td><td></td></tr>\n    <tr><td>Centre_Manager_Mobile</td><td></td></tr>\n    <tr><td>Centre_Manager_Email</td><td></td></tr>\n    <tr><td>Shopping_Centre_Website</td><td></td></tr>\n    <tr><td>Type</td><td></td></tr>\n    <tr><td>Leasing_Company_Name</td><td>Owner Leased</td></tr>\n    <tr><td>Leasing_Manager_Name</td><td>Pat de Wet</td></tr>\n    <tr><td>Leasing_Manager_Telephone</td><td>+2721 782 5711</td></tr>\n    <tr><td>Leasing_Manager_Mobile</td><td></td></tr>\n    <tr><td>Marketing_Company_Name</td><td></td></tr>\n    <tr><td>Owner</td><td>Privately Owned</td></tr>\n    <tr><td>Name_of_Holding_Company</td><td></td></tr>\n    <tr><td>Name_of_Developer</td><td></td></tr>\n    <tr><td>Year_Developed</td><td>0</td></tr>\n    <tr><td>Year_Last_Refurbished</td><td>0</td></tr>\n    <tr><td>No_of_Retail_Floors</td><td>1</td></tr>\n    <tr><td>Latest_Annual_Foot_Count</td><td>0</td></tr>\n    <tr><td>No_of_Shops</td><td>10</td></tr>\n    <tr><td>Main_Anchors</td><td>Kwikspar</td></tr>\n    <tr><td>Parking_Total</td><td>50</td></tr>"},"_name":"Glencairn Shopping Centre"}},{"type":"Feature","geometry":{"type":"Point","coordinates":[18.4980660179404,-33.939953010694,0]},"properties":{"name":"Central Square - Pinelands","visibility":false,"description":{"@type":"html","value":"<br><br><br>\n    <table border=\"1\" padding=\"0\">\n    <tr><td>Shopping_Centre_Name</td><td>Central Square - Pinelands</td></tr>\n    <tr><td>Street_Address</td><td>St Stephens Road</td></tr>\n    <tr><td>Street_Suburb</td><td>Pinelands</td></tr>\n    <tr><td>Street_City_or_Town</td><td>Cape Town</td></tr>\n    <tr><td>Street_Province_</td><td>Western Cape</td></tr>\n    <tr><td>Street_Country</td><td>South Africa</td></tr>\n    <tr><td>Core_Classification_ICSC</td><td>Local Convenience Centre</td></tr>\n    <tr><td>Classification_MD</td><td>Local Convenience Centre</td></tr>\n    <tr><td>Gross_Leasable_Floor_Area_in_sq</td><td>1912</td></tr>\n    <tr><td>Centre_Manager_Name</td><td>Eliot Osrin</td></tr>\n    <tr><td>Centre_Manager_Telephone</td><td>+2721 421 7110</td></tr>\n    <tr><td>Centre_Manager_Mobile</td><td></td></tr>\n    <tr><td>Centre_Manager_Email</td><td>eliot@osrin.co.za</td></tr>\n    <tr><td>Shopping_Centre_Website</td><td></td></tr>\n    <tr><td>Type</td><td></td></tr>\n    <tr><td>Leasing_Company_Name</td><td>Owner Leased</td></tr>\n    <tr><td>Leasing_Manager_Name</td><td>Eliot Osrin</td></tr>\n    <tr><td>Leasing_Manager_Telephone</td><td>+2721 421 7110</td></tr>\n    <tr><td>Leasing_Manager_Mobile</td><td></td></tr>\n    <tr><td>Marketing_Company_Name</td><td></td></tr>\n    <tr><td>Owner</td><td>Sussel Trust & Flax Family Trust</td></tr>\n    <tr><td>Name_of_Holding_Company</td><td></td></tr>\n    <tr><td>Name_of_Developer</td><td>Garden City (Pty) Ltd</td></tr>\n    <tr><td>Year_Developed</td><td>1950</td></tr>\n    <tr><td>Year_Last_Refurbished</td><td>2010</td></tr>\n    <tr><td>No_of_Retail_Floors</td><td>1</td></tr>\n    <tr><td>Latest_Annual_Foot_Count</td><td>0</td></tr>\n    <tr><td>No_of_Shops</td><td>12</td></tr>\n    <tr><td>Main_Anchors</td><td>Kwikspar, Clicks, Magic Aroma</td></tr>\n    <tr><td>Parking_Total</td><td>50</td></tr>"},"_name":"Central Square - Pinelands"}},{"type":"Feature","geometry":{"type":"Point","coordinates":[18.4773000042274,-33.822099994864,0]},"properties":{"name":"Horizon Bay Shopping Centre","visibility":false,"description":{"@type":"html","value":"<br><br><br>\n    <table border=\"1\" padding=\"0\">\n    <tr><td>Shopping_Centre_Name</td><td>Horizon Bay Shopping Centre</td></tr>\n    <tr><td>Street_Address</td><td>Blaauwberg Road, off Marine Drive</td></tr>\n    <tr><td>Street_Suburb</td><td>Bloubergrant</td></tr>\n    <tr><td>Street_City_or_Town</td><td>Blouberg</td></tr>\n    <tr><td>Street_Province_</td><td>Western Cape</td></tr>\n    <tr><td>Street_Country</td><td>South Africa</td></tr>\n    <tr><td>Core_Classification_ICSC</td><td>Local Convenience Centre</td></tr>\n    <tr><td>Classification_MD</td><td>Local Convenience Centre</td></tr>\n    <tr><td>Gross_Leasable_Floor_Area_in_sq</td><td>2000</td></tr>\n    <tr><td>Centre_Manager_Name</td><td>Elzette Oosthuizen</td></tr>\n    <tr><td>Centre_Manager_Telephone</td><td>+2721 447 7244</td></tr>\n    <tr><td>Centre_Manager_Mobile</td><td>+2772 614 7018</td></tr>\n    <tr><td>Centre_Manager_Email</td><td>elzette@swishproperties.co.za</td></tr>\n    <tr><td>Shopping_Centre_Website</td><td>www.swishproperties.co.za</td></tr>\n    <tr><td>Type</td><td>2 to 3</td></tr>\n    <tr><td>Leasing_Company_Name</td><td>Swish Properties Administration CC</td></tr>\n    <tr><td>Leasing_Manager_Name</td><td>Chrystal Grauso</td></tr>\n    <tr><td>Leasing_Manager_Telephone</td><td>+2721 447 7244</td></tr>\n    <tr><td>Leasing_Manager_Mobile</td><td></td></tr>\n    <tr><td>Marketing_Company_Name</td><td>Swish Properties Administration CC</td></tr>\n    <tr><td>Owner</td><td>Crowded Property Investments (Pty) Ltd</td></tr>\n    <tr><td>Name_of_Holding_Company</td><td></td></tr>\n    <tr><td>Name_of_Developer</td><td>Swish Property 3</td></tr>\n    <tr><td>Year_Developed</td><td>2006</td></tr>\n    <tr><td>Year_Last_Refurbished</td><td>0</td></tr>\n    <tr><td>No_of_Retail_Floors</td><td>1</td></tr>\n    <tr><td>Latest_Annual_Foot_Count</td><td>0</td></tr>\n    <tr><td>No_of_Shops</td><td>12</td></tr>\n    <tr><td>Main_Anchors</td><td>Skin Revive Lounge, Golden Fish, Capelli Hair Design</td></tr>\n    <tr><td>Parking_Total</td><td>30</td></tr>"},"_name":"Horizon Bay Shopping Centre"}},{"type":"Feature","geometry":{"type":"Point","coordinates":[18.4632000087676,-33.97940001135,0]},"properties":{"name":"Cavendish Retail Node: 4. Intaba","visibility":false,"description":{"@type":"html","value":"<br><br><br>\n    <table border=\"1\" padding=\"0\">\n    <tr><td>Shopping_Centre_Name</td><td>Cavendish Retail Node: 4. Intaba</td></tr>\n    <tr><td>Street_Address</td><td>Vineyard Road</td></tr>\n    <tr><td>Street_Suburb</td><td>Claremont</td></tr>\n    <tr><td>Street_City_or_Town</td><td>Cape Town</td></tr>\n    <tr><td>Street_Province_</td><td>Western Cape</td></tr>\n    <tr><td>Street_Country</td><td>South Africa</td></tr>\n    <tr><td>Core_Classification_ICSC</td><td>Local Convenience Centre</td></tr>\n    <tr><td>Classification_MD</td><td>Part of Regional Node</td></tr>\n    <tr><td>Gross_Leasable_Floor_Area_in_sq</td><td>2000</td></tr>\n    <tr><td>Centre_Manager_Name</td><td>Elzette Oosthuizen</td></tr>\n    <tr><td>Centre_Manager_Telephone</td><td>+2721 447 7244</td></tr>\n    <tr><td>Centre_Manager_Mobile</td><td>+2772 614 7018</td></tr>\n    <tr><td>Centre_Manager_Email</td><td>elzette@swishproperties.co.za</td></tr>\n    <tr><td>Shopping_Centre_Website</td><td>www.swishproperties.co.za</td></tr>\n    <tr><td>Type</td><td>2 to 3</td></tr>\n    <tr><td>Leasing_Company_Name</td><td>Swish Properties Administration CC</td></tr>\n    <tr><td>Leasing_Manager_Name</td><td>Chrystal Grauso</td></tr>\n    <tr><td>Leasing_Manager_Telephone</td><td>+2721 447 7244</td></tr>\n    <tr><td>Leasing_Manager_Mobile</td><td></td></tr>\n    <tr><td>Marketing_Company_Name</td><td>Swish Properties Administration CC</td></tr>\n    <tr><td>Owner</td><td>La Familia Trust</td></tr>\n    <tr><td>Name_of_Holding_Company</td><td></td></tr>\n    <tr><td>Name_of_Developer</td><td></td></tr>\n    <tr><td>Year_Developed</td><td>2007</td></tr>\n    <tr><td>Year_Last_Refurbished</td><td>0</td></tr>\n    <tr><td>No_of_Retail_Floors</td><td>1</td></tr>\n    <tr><td>Latest_Annual_Foot_Count</td><td>0</td></tr>\n    <tr><td>No_of_Shops</td><td>15</td></tr>\n    <tr><td>Main_Anchors</td><td>Vida e Caffé, Lifestyle Living, Waltons, Bride & Co, Kauai</td></tr>\n    <tr><td>Parking_Total</td><td>0</td></tr>"},"_name":"Cavendish Retail Node: 4. Intaba"}},{"type":"Feature","geometry":{"type":"Point","coordinates":[18.533637012703,-33.969217990888,0]},"properties":{"name":"Gatesville Plaza Shopping Centre","visibility":false,"description":{"@type":"html","value":"<br><br><br>\n    <table border=\"1\" padding=\"0\">\n    <tr><td>Shopping_Centre_Name</td><td>Gatesville Plaza Shopping Centre</td></tr>\n    <tr><td>Street_Address</td><td>Hazel Road</td></tr>\n    <tr><td>Street_Suburb</td><td>Athlone</td></tr>\n    <tr><td>Street_City_or_Town</td><td>Cape Town</td></tr>\n    <tr><td>Street_Province_</td><td>Western Cape</td></tr>\n    <tr><td>Street_Country</td><td>South Africa</td></tr>\n    <tr><td>Core_Classification_ICSC</td><td>Local Convenience Centre</td></tr>\n    <tr><td>Classification_MD</td><td>Local Convenience Centre</td></tr>\n    <tr><td>Gross_Leasable_Floor_Area_in_sq</td><td>2000</td></tr>\n    <tr><td>Centre_Manager_Name</td><td>Basil Wannenberg</td></tr>\n    <tr><td>Centre_Manager_Telephone</td><td>+2786 100 1185 / +2721 685 9994</td></tr>\n    <tr><td>Centre_Manager_Mobile</td><td></td></tr>\n    <tr><td>Centre_Manager_Email</td><td>basil@sulnisa.co.za</td></tr>\n    <tr><td>Shopping_Centre_Website</td><td></td></tr>\n    <tr><td>Type</td><td></td></tr>\n    <tr><td>Leasing_Company_Name</td><td>Sulnisa Development Company (Pty) Ltd</td></tr>\n    <tr><td>Leasing_Manager_Name</td><td>Basil Waningburg</td></tr>\n    <tr><td>Leasing_Manager_Telephone</td><td>+2786 100 1185 / +2721 685 9994</td></tr>\n    <tr><td>Leasing_Manager_Mobile</td><td></td></tr>\n    <tr><td>Marketing_Company_Name</td><td></td></tr>\n    <tr><td>Owner</td><td>Sulnisa Properties</td></tr>\n    <tr><td>Name_of_Holding_Company</td><td></td></tr>\n    <tr><td>Name_of_Developer</td><td></td></tr>\n    <tr><td>Year_Developed</td><td>1975</td></tr>\n    <tr><td>Year_Last_Refurbished</td><td>2000</td></tr>\n    <tr><td>No_of_Retail_Floors</td><td>2</td></tr>\n    <tr><td>Latest_Annual_Foot_Count</td><td>0</td></tr>\n    <tr><td>No_of_Shops</td><td>12</td></tr>\n    <tr><td>Main_Anchors</td><td>Shoprite, Virgin Active</td></tr>\n    <tr><td>Parking_Total</td><td>60</td></tr>"},"_name":"Gatesville Plaza Shopping Centre"}},{"type":"Feature","geometry":{"type":"Point","coordinates":[18.8418100133974,-34.112984988507,0]},"properties":{"name":"Twin Palms Shopping Centre","visibility":false,"description":{"@type":"html","value":"<br><br><br>\n    <table border=\"1\" padding=\"0\">\n    <tr><td>Shopping_Centre_Name</td><td>Twin Palms Shopping Centre</td></tr>\n    <tr><td>Street_Address</td><td>Cnr Broadway Blvd and Altena Road</td></tr>\n    <tr><td>Street_Suburb</td><td></td></tr>\n    <tr><td>Street_City_or_Town</td><td>Strand</td></tr>\n    <tr><td>Street_Province_</td><td>Western Cape</td></tr>\n    <tr><td>Street_Country</td><td>South Africa</td></tr>\n    <tr><td>Core_Classification_ICSC</td><td>Local Convenience Centre</td></tr>\n    <tr><td>Classification_MD</td><td>Local Convenience Centre</td></tr>\n    <tr><td>Gross_Leasable_Floor_Area_in_sq</td><td>2000</td></tr>\n    <tr><td>Centre_Manager_Name</td><td>Graziella De Quintal</td></tr>\n    <tr><td>Centre_Manager_Telephone</td><td>+2721 554 3276</td></tr>\n    <tr><td>Centre_Manager_Mobile</td><td>+2782 461 5578</td></tr>\n    <tr><td>Centre_Manager_Email</td><td>gdq@frazzo.co.za</td></tr>\n    <tr><td>Shopping_Centre_Website</td><td></td></tr>\n    <tr><td>Type</td><td></td></tr>\n    <tr><td>Leasing_Company_Name</td><td>Frazzo Development (Pty) Ltd</td></tr>\n    <tr><td>Leasing_Manager_Name</td><td></td></tr>\n    <tr><td>Leasing_Manager_Telephone</td><td>+2721 982 7682</td></tr>\n    <tr><td>Leasing_Manager_Mobile</td><td></td></tr>\n    <tr><td>Marketing_Company_Name</td><td></td></tr>\n    <tr><td>Owner</td><td>Privately Owned</td></tr>\n    <tr><td>Name_of_Holding_Company</td><td></td></tr>\n    <tr><td>Name_of_Developer</td><td></td></tr>\n    <tr><td>Year_Developed</td><td>2001</td></tr>\n    <tr><td>Year_Last_Refurbished</td><td>0</td></tr>\n    <tr><td>No_of_Retail_Floors</td><td>1</td></tr>\n    <tr><td>Latest_Annual_Foot_Count</td><td>0</td></tr>\n    <tr><td>No_of_Shops</td><td>23</td></tr>\n    <tr><td>Main_Anchors</td><td>Friendly, Twin Palms Liquor Store</td></tr>\n    <tr><td>Parking_Total</td><td>95</td></tr>"},"_name":"Twin Palms Shopping Centre"}},{"type":"Feature","geometry":{"type":"Point","coordinates":[18.6301000081948,-33.874099992108,0]},"properties":{"name":"Tyger Lake","visibility":false,"description":{"@type":"html","value":"<br><br><br>\n    <table border=\"1\" padding=\"0\">\n    <tr><td>Shopping_Centre_Name</td><td>Tyger Lake</td></tr>\n    <tr><td>Street_Address</td><td>Niagara Way</td></tr>\n    <tr><td>Street_Suburb</td><td>Tyger Falls</td></tr>\n    <tr><td>Street_City_or_Town</td><td>Bellville</td></tr>\n    <tr><td>Street_Province_</td><td>Western Cape</td></tr>\n    <tr><td>Street_Country</td><td>South Africa</td></tr>\n    <tr><td>Core_Classification_ICSC</td><td></td></tr>\n    <tr><td>Classification_MD</td><td>Specialty Centre</td></tr>\n    <tr><td>Gross_Leasable_Floor_Area_in_sq</td><td>2032</td></tr>\n    <tr><td>Centre_Manager_Name</td><td>Chrismari Hoepfner</td></tr>\n    <tr><td>Centre_Manager_Telephone</td><td>+2721 702 3200</td></tr>\n    <tr><td>Centre_Manager_Mobile</td><td></td></tr>\n    <tr><td>Centre_Manager_Email</td><td>info@amdec.co.za</td></tr>\n    <tr><td>Shopping_Centre_Website</td><td></td></tr>\n    <tr><td>Type</td><td>2 to 3</td></tr>\n    <tr><td>Leasing_Company_Name</td><td>Dormell Properties 193 (Pty) Ltd</td></tr>\n    <tr><td>Leasing_Manager_Name</td><td>Chrismari Hoepfner</td></tr>\n    <tr><td>Leasing_Manager_Telephone</td><td>+2721 702 3200</td></tr>\n    <tr><td>Leasing_Manager_Mobile</td><td></td></tr>\n    <tr><td>Marketing_Company_Name</td><td></td></tr>\n    <tr><td>Owner</td><td>Dormell Properties 193 (Pty) Ltd</td></tr>\n    <tr><td>Name_of_Holding_Company</td><td></td></tr>\n    <tr><td>Name_of_Developer</td><td></td></tr>\n    <tr><td>Year_Developed</td><td>2006</td></tr>\n    <tr><td>Year_Last_Refurbished</td><td>0</td></tr>\n    <tr><td>No_of_Retail_Floors</td><td>1</td></tr>\n    <tr><td>Latest_Annual_Foot_Count</td><td>0</td></tr>\n    <tr><td>No_of_Shops</td><td>8</td></tr>\n    <tr><td>Main_Anchors</td><td>Bueno Vista Social Cafe</td></tr>\n    <tr><td>Parking_Total</td><td>120</td></tr>"},"_name":"Tyger Lake"}},{"type":"Feature","geometry":{"type":"Point","coordinates":[18.6263319803692,-34.040091993851,0]},"properties":{"name":"Beacon Valley Shopping Centre","visibility":false,"description":{"@type":"html","value":"<br><br><br>\n    <table border=\"1\" padding=\"0\">\n    <tr><td>Shopping_Centre_Name</td><td>Beacon Valley Shopping Centre</td></tr>\n    <tr><td>Street_Address</td><td>Cnr Trampoline & Metropolitan Streets</td></tr>\n    <tr><td>Street_Suburb</td><td>Beacon Valley</td></tr>\n    <tr><td>Street_City_or_Town</td><td>Mitchell's Plain</td></tr>\n    <tr><td>Street_Province_</td><td>Western Cape</td></tr>\n    <tr><td>Street_Country</td><td>South Africa</td></tr>\n    <tr><td>Core_Classification_ICSC</td><td>Local Convenience Centre</td></tr>\n    <tr><td>Classification_MD</td><td>Local Convenience Centre</td></tr>\n    <tr><td>Gross_Leasable_Floor_Area_in_sq</td><td>2058</td></tr>\n    <tr><td>Centre_Manager_Name</td><td>Yaqub Omar</td></tr>\n    <tr><td>Centre_Manager_Telephone</td><td>+2721 943 1029</td></tr>\n    <tr><td>Centre_Manager_Mobile</td><td>+2782 494 2427</td></tr>\n    <tr><td>Centre_Manager_Email</td><td>yaqub.omar@jhi.co.za</td></tr>\n    <tr><td>Shopping_Centre_Website</td><td></td></tr>\n    <tr><td>Type</td><td>Majors</td></tr>\n    <tr><td>Leasing_Company_Name</td><td>JHI Properties (Pty) Ltd</td></tr>\n    <tr><td>Leasing_Manager_Name</td><td>Yaqub Omar</td></tr>\n    <tr><td>Leasing_Manager_Telephone</td><td>+2721 943 1029</td></tr>\n    <tr><td>Leasing_Manager_Mobile</td><td>+2782 494 2427</td></tr>\n    <tr><td>Marketing_Company_Name</td><td></td></tr>\n    <tr><td>Owner</td><td>Khula Enterprise Finance Ltd</td></tr>\n    <tr><td>Name_of_Holding_Company</td><td>Khula Enterprise Finance Ltd</td></tr>\n    <tr><td>Name_of_Developer</td><td></td></tr>\n    <tr><td>Year_Developed</td><td>1985</td></tr>\n    <tr><td>Year_Last_Refurbished</td><td>0</td></tr>\n    <tr><td>No_of_Retail_Floors</td><td>1</td></tr>\n    <tr><td>Latest_Annual_Foot_Count</td><td>0</td></tr>\n    <tr><td>No_of_Shops</td><td>9</td></tr>\n    <tr><td>Main_Anchors</td><td>Rania's Cash and Carry</td></tr>\n    <tr><td>Parking_Total</td><td>30</td></tr>"},"_name":"Beacon Valley Shopping Centre"}},{"type":"Feature","geometry":{"type":"Point","coordinates":[18.6224940091552,-34.050298000781,0]},"properties":{"name":"Sonata Lane","visibility":false,"description":{"@type":"html","value":"<br><br><br>\n    <table border=\"1\" padding=\"0\">\n    <tr><td>Shopping_Centre_Name</td><td>Sonata Lane</td></tr>\n    <tr><td>Street_Address</td><td>Sonata Lane</td></tr>\n    <tr><td>Street_Suburb</td><td>Town Centre</td></tr>\n    <tr><td>Street_City_or_Town</td><td>Mitchell's Plain</td></tr>\n    <tr><td>Street_Province_</td><td>Western Cape</td></tr>\n    <tr><td>Street_Country</td><td>South Africa</td></tr>\n    <tr><td>Core_Classification_ICSC</td><td>Local Convenience Centre</td></tr>\n    <tr><td>Classification_MD</td><td>Local Convenience Centre</td></tr>\n    <tr><td>Gross_Leasable_Floor_Area_in_sq</td><td>2158</td></tr>\n    <tr><td>Centre_Manager_Name</td><td>Carol Badenhorst</td></tr>\n    <tr><td>Centre_Manager_Telephone</td><td>+2721 530 4519</td></tr>\n    <tr><td>Centre_Manager_Mobile</td><td>+2782 412 7007</td></tr>\n    <tr><td>Centre_Manager_Email</td><td>cbadenhorst@oldmutualproperty.com</td></tr>\n    <tr><td>Shopping_Centre_Website</td><td></td></tr>\n    <tr><td>Type</td><td>Majors</td></tr>\n    <tr><td>Leasing_Company_Name</td><td>Old Mutual Property (Pty) Ltd</td></tr>\n    <tr><td>Leasing_Manager_Name</td><td>Rod Warner</td></tr>\n    <tr><td>Leasing_Manager_Telephone</td><td>+2721 530 5950</td></tr>\n    <tr><td>Leasing_Manager_Mobile</td><td>+2783 628 6290</td></tr>\n    <tr><td>Marketing_Company_Name</td><td></td></tr>\n    <tr><td>Owner</td><td>Old Mutual Life Assurance Company (SA) Ltd</td></tr>\n    <tr><td>Name_of_Holding_Company</td><td>Old Mutual</td></tr>\n    <tr><td>Name_of_Developer</td><td></td></tr>\n    <tr><td>Year_Developed</td><td>1991</td></tr>\n    <tr><td>Year_Last_Refurbished</td><td>0</td></tr>\n    <tr><td>No_of_Retail_Floors</td><td>1</td></tr>\n    <tr><td>Latest_Annual_Foot_Count</td><td>0</td></tr>\n    <tr><td>No_of_Shops</td><td>10</td></tr>\n    <tr><td>Main_Anchors</td><td>Discom, Morkels</td></tr>\n    <tr><td>Parking_Total</td><td>0</td></tr>"},"_name":"Sonata Lane"}},{"type":"Feature","geometry":{"type":"Point","coordinates":[18.6102000200632,-34.035300004468,0]},"properties":{"name":"Lentegeur Shopping Centre","visibility":false,"description":{"@type":"html","value":"<br><br><br>\n    <table border=\"1\" padding=\"0\">\n    <tr><td>Shopping_Centre_Name</td><td>Lentegeur Shopping Centre</td></tr>\n    <tr><td>Street_Address</td><td>Merrydale Avenue</td></tr>\n    <tr><td>Street_Suburb</td><td>Lentegeur</td></tr>\n    <tr><td>Street_City_or_Town</td><td>Mitchell's Plain</td></tr>\n    <tr><td>Street_Province_</td><td>Western Cape</td></tr>\n    <tr><td>Street_Country</td><td>South Africa</td></tr>\n    <tr><td>Core_Classification_ICSC</td><td>Local Convenience Centre</td></tr>\n    <tr><td>Classification_MD</td><td>Local Convenience Centre</td></tr>\n    <tr><td>Gross_Leasable_Floor_Area_in_sq</td><td>2174</td></tr>\n    <tr><td>Centre_Manager_Name</td><td>Yaqub Omar</td></tr>\n    <tr><td>Centre_Manager_Telephone</td><td>+2721 943 1029</td></tr>\n    <tr><td>Centre_Manager_Mobile</td><td>+2782 494 2427</td></tr>\n    <tr><td>Centre_Manager_Email</td><td>yaqub.omar@jhi.co.za</td></tr>\n    <tr><td>Shopping_Centre_Website</td><td></td></tr>\n    <tr><td>Type</td><td>Majors</td></tr>\n    <tr><td>Leasing_Company_Name</td><td>JHI Properties (Pty) Ltd</td></tr>\n    <tr><td>Leasing_Manager_Name</td><td>Yaqub Omar</td></tr>\n    <tr><td>Leasing_Manager_Telephone</td><td>+2721 943 1029</td></tr>\n    <tr><td>Leasing_Manager_Mobile</td><td>+2782 494 2427</td></tr>\n    <tr><td>Marketing_Company_Name</td><td></td></tr>\n    <tr><td>Owner</td><td>Khula Enterprise Finance Ltd</td></tr>\n    <tr><td>Name_of_Holding_Company</td><td>Khula Enterprise Finance Ltd</td></tr>\n    <tr><td>Name_of_Developer</td><td></td></tr>\n    <tr><td>Year_Developed</td><td>1985</td></tr>\n    <tr><td>Year_Last_Refurbished</td><td>2004</td></tr>\n    <tr><td>No_of_Retail_Floors</td><td>1</td></tr>\n    <tr><td>Latest_Annual_Foot_Count</td><td>0</td></tr>\n    <tr><td>No_of_Shops</td><td>16</td></tr>\n    <tr><td>Main_Anchors</td><td>Shoprite</td></tr>\n    <tr><td>Parking_Total</td><td>65</td></tr>"},"_name":"Lentegeur Shopping Centre"}},{"type":"Feature","geometry":{"type":"Point","coordinates":[18.4632999799954,-33.981699994847,0]},"properties":{"name":"Cavendish Retail Node: 3. Cavendish Close","visibility":false,"description":{"@type":"html","value":"<br><br><br>\n    <table border=\"1\" padding=\"0\">\n    <tr><td>Shopping_Centre_Name</td><td>Cavendish Retail Node: 3. Cavendish Close</td></tr>\n    <tr><td>Street_Address</td><td>Warwick Street</td></tr>\n    <tr><td>Street_Suburb</td><td>Claremont</td></tr>\n    <tr><td>Street_City_or_Town</td><td>Cape Town</td></tr>\n    <tr><td>Street_Province_</td><td>Western Cape</td></tr>\n    <tr><td>Street_Country</td><td>South Africa</td></tr>\n    <tr><td>Core_Classification_ICSC</td><td>Local Convenience Centre</td></tr>\n    <tr><td>Classification_MD</td><td>Part of Regional Node</td></tr>\n    <tr><td>Gross_Leasable_Floor_Area_in_sq</td><td>2214.08</td></tr>\n    <tr><td>Centre_Manager_Name</td><td>Brenda Bibby</td></tr>\n    <tr><td>Centre_Manager_Telephone</td><td>+2721 657 5600</td></tr>\n    <tr><td>Centre_Manager_Mobile</td><td>+2783 293 9693</td></tr>\n    <tr><td>Centre_Manager_Email</td><td>bbibby@oldmutualproperty.com</td></tr>\n    <tr><td>Shopping_Centre_Website</td><td>www.cavendish.co.za</td></tr>\n    <tr><td>Type</td><td>Majors</td></tr>\n    <tr><td>Leasing_Company_Name</td><td>Old Mutual Property (Pty) Ltd</td></tr>\n    <tr><td>Leasing_Manager_Name</td><td>Rod Warner</td></tr>\n    <tr><td>Leasing_Manager_Telephone</td><td>+2721 530 5950</td></tr>\n    <tr><td>Leasing_Manager_Mobile</td><td>+2783 628 6290</td></tr>\n    <tr><td>Marketing_Company_Name</td><td>Primedia Lifestyle (Pty) Ltd</td></tr>\n    <tr><td>Owner</td><td>City of Cape Town</td></tr>\n    <tr><td>Name_of_Holding_Company</td><td></td></tr>\n    <tr><td>Name_of_Developer</td><td></td></tr>\n    <tr><td>Year_Developed</td><td>2007</td></tr>\n    <tr><td>Year_Last_Refurbished</td><td>0</td></tr>\n    <tr><td>No_of_Retail_Floors</td><td>2</td></tr>\n    <tr><td>Latest_Annual_Foot_Count</td><td>0</td></tr>\n    <tr><td>No_of_Shops</td><td>26</td></tr>\n    <tr><td>Main_Anchors</td><td>Curves, LFY Clinic</td></tr>\n    <tr><td>Parking_Total</td><td>250</td></tr>"},"_name":"Cavendish Retail Node: 3. Cavendish Close"}},{"type":"Feature","geometry":{"type":"Point","coordinates":[18.6223999948672,-34.05009999484,0]},"properties":{"name":"Opera Place","visibility":false,"description":{"@type":"html","value":"<br><br><br>\n    <table border=\"1\" padding=\"0\">\n    <tr><td>Shopping_Centre_Name</td><td>Opera Place</td></tr>\n    <tr><td>Street_Address</td><td>Sonata Lane</td></tr>\n    <tr><td>Street_Suburb</td><td>Town Centre</td></tr>\n    <tr><td>Street_City_or_Town</td><td>Mitchell's Plain</td></tr>\n    <tr><td>Street_Province_</td><td>Western Cape</td></tr>\n    <tr><td>Street_Country</td><td>South Africa</td></tr>\n    <tr><td>Core_Classification_ICSC</td><td>Local Convenience Centre</td></tr>\n    <tr><td>Classification_MD</td><td>Local Convenience Centre</td></tr>\n    <tr><td>Gross_Leasable_Floor_Area_in_sq</td><td>2246</td></tr>\n    <tr><td>Centre_Manager_Name</td><td></td></tr>\n    <tr><td>Centre_Manager_Telephone</td><td></td></tr>\n    <tr><td>Centre_Manager_Mobile</td><td></td></tr>\n    <tr><td>Centre_Manager_Email</td><td></td></tr>\n    <tr><td>Shopping_Centre_Website</td><td></td></tr>\n    <tr><td>Type</td><td>Majors</td></tr>\n    <tr><td>Leasing_Company_Name</td><td>Public Investment Corporation SOC Ltd (Mowana Properties)</td></tr>\n    <tr><td>Leasing_Manager_Name</td><td>Norman August</td></tr>\n    <tr><td>Leasing_Manager_Telephone</td><td>+2721 658 3900</td></tr>\n    <tr><td>Leasing_Manager_Mobile</td><td></td></tr>\n    <tr><td>Marketing_Company_Name</td><td></td></tr>\n    <tr><td>Owner</td><td>Community Property Company (Pty) Ltd</td></tr>\n    <tr><td>Name_of_Holding_Company</td><td>Public Investment Company</td></tr>\n    <tr><td>Name_of_Developer</td><td></td></tr>\n    <tr><td>Year_Developed</td><td>1980</td></tr>\n    <tr><td>Year_Last_Refurbished</td><td>0</td></tr>\n    <tr><td>No_of_Retail_Floors</td><td>1</td></tr>\n    <tr><td>Latest_Annual_Foot_Count</td><td>0</td></tr>\n    <tr><td>No_of_Shops</td><td>12</td></tr>\n    <tr><td>Main_Anchors</td><td>Nedbank</td></tr>\n    <tr><td>Parking_Total</td><td>0</td></tr>"},"_name":"Opera Place"}},{"type":"Feature","geometry":{"type":"Point","coordinates":[18.628710987613,-33.901339997056,0]},"properties":{"name":"30 Voortrekker Road","visibility":false,"description":{"@type":"html","value":"<br><br><br>\n    <table border=\"1\" padding=\"0\">\n    <tr><td>Shopping_Centre_Name</td><td>30 Voortrekker Road</td></tr>\n    <tr><td>Street_Address</td><td>Voortrekker Road</td></tr>\n    <tr><td>Street_Suburb</td><td>Central</td></tr>\n    <tr><td>Street_City_or_Town</td><td>Bellville</td></tr>\n    <tr><td>Street_Province_</td><td>Western Cape</td></tr>\n    <tr><td>Street_Country</td><td>South Africa</td></tr>\n    <tr><td>Core_Classification_ICSC</td><td>Local Convenience Centre</td></tr>\n    <tr><td>Classification_MD</td><td>CBD/Town Centre</td></tr>\n    <tr><td>Gross_Leasable_Floor_Area_in_sq</td><td>2335</td></tr>\n    <tr><td>Centre_Manager_Name</td><td>Yaqub Omar</td></tr>\n    <tr><td>Centre_Manager_Telephone</td><td>+2721 943 1029</td></tr>\n    <tr><td>Centre_Manager_Mobile</td><td>+2782 494 2427</td></tr>\n    <tr><td>Centre_Manager_Email</td><td>yaqub.omar@jhi.co.za</td></tr>\n    <tr><td>Shopping_Centre_Website</td><td></td></tr>\n    <tr><td>Type</td><td>Majors</td></tr>\n    <tr><td>Leasing_Company_Name</td><td>JHI Properties (Pty) Ltd</td></tr>\n    <tr><td>Leasing_Manager_Name</td><td>Yaqub Omar</td></tr>\n    <tr><td>Leasing_Manager_Telephone</td><td>+2721 943 1029</td></tr>\n    <tr><td>Leasing_Manager_Mobile</td><td>+2782 494 2427</td></tr>\n    <tr><td>Marketing_Company_Name</td><td></td></tr>\n    <tr><td>Owner</td><td>Mergence Africa Property Investment Trust</td></tr>\n    <tr><td>Name_of_Holding_Company</td><td>Mergence Africa Property (Pty) Ltd</td></tr>\n    <tr><td>Name_of_Developer</td><td></td></tr>\n    <tr><td>Year_Developed</td><td>0</td></tr>\n    <tr><td>Year_Last_Refurbished</td><td>0</td></tr>\n    <tr><td>No_of_Retail_Floors</td><td>2</td></tr>\n    <tr><td>Latest_Annual_Foot_Count</td><td>0</td></tr>\n    <tr><td>No_of_Shops</td><td>1</td></tr>\n    <tr><td>Main_Anchors</td><td>Edgars</td></tr>\n    <tr><td>Parking_Total</td><td>0</td></tr>"},"_name":"30 Voortrekker Road"}},{"type":"Feature","geometry":{"type":"Point","coordinates":[18.4701999803602,-33.960799994849,0]},"properties":{"name":"Fountain Centre","visibility":false,"description":{"@type":"html","value":"<br><br><br>\n    <table border=\"1\" padding=\"0\">\n    <tr><td>Shopping_Centre_Name</td><td>Fountain Centre</td></tr>\n    <tr><td>Street_Address</td><td>Cnr Belmont & Main Roads</td></tr>\n    <tr><td>Street_Suburb</td><td>Rondebosch</td></tr>\n    <tr><td>Street_City_or_Town</td><td>Cape Town</td></tr>\n    <tr><td>Street_Province_</td><td>Western Cape</td></tr>\n    <tr><td>Street_Country</td><td>South Africa</td></tr>\n    <tr><td>Core_Classification_ICSC</td><td>Local Convenience Centre</td></tr>\n    <tr><td>Classification_MD</td><td>Local Convenience Centre</td></tr>\n    <tr><td>Gross_Leasable_Floor_Area_in_sq</td><td>2343.5</td></tr>\n    <tr><td>Centre_Manager_Name</td><td>Nawaal Mukadem</td></tr>\n    <tr><td>Centre_Manager_Telephone</td><td>+2721 595 3000</td></tr>\n    <tr><td>Centre_Manager_Mobile</td><td></td></tr>\n    <tr><td>Centre_Manager_Email</td><td>info@fpggroup.co.za</td></tr>\n    <tr><td>Shopping_Centre_Website</td><td>www.fpggroup.co.za</td></tr>\n    <tr><td>Type</td><td>Majors</td></tr>\n    <tr><td>Leasing_Company_Name</td><td>Foodprop Property Holdings (Pty) Ltd</td></tr>\n    <tr><td>Leasing_Manager_Name</td><td>Nawaal Mukadem</td></tr>\n    <tr><td>Leasing_Manager_Telephone</td><td>+2721 595 3000</td></tr>\n    <tr><td>Leasing_Manager_Mobile</td><td></td></tr>\n    <tr><td>Marketing_Company_Name</td><td>FPG Holdings (Pty) Ltd</td></tr>\n    <tr><td>Owner</td><td>FPG Holdings (Pty) Ltd</td></tr>\n    <tr><td>Name_of_Holding_Company</td><td>Foodprop Property Holdings (Pty) Ltd</td></tr>\n    <tr><td>Name_of_Developer</td><td></td></tr>\n    <tr><td>Year_Developed</td><td>1980</td></tr>\n    <tr><td>Year_Last_Refurbished</td><td>0</td></tr>\n    <tr><td>No_of_Retail_Floors</td><td>1</td></tr>\n    <tr><td>Latest_Annual_Foot_Count</td><td>0</td></tr>\n    <tr><td>No_of_Shops</td><td>24</td></tr>\n    <tr><td>Main_Anchors</td><td>The Zone Gym, Spec Savers</td></tr>\n    <tr><td>Parking_Total</td><td>0</td></tr>"},"_name":"Fountain Centre"}},{"type":"Feature","geometry":{"type":"Point","coordinates":[18.4697810089276,-33.960003006566,0]},"properties":{"name":"Ronsyn Building","visibility":false,"description":{"@type":"html","value":"<br><br><br>\n    <table border=\"1\" padding=\"0\">\n    <tr><td>Shopping_Centre_Name</td><td>Ronsyn Building</td></tr>\n    <tr><td>Street_Address</td><td>Main Road</td></tr>\n    <tr><td>Street_Suburb</td><td>Rondebosch</td></tr>\n    <tr><td>Street_City_or_Town</td><td>Cape Town</td></tr>\n    <tr><td>Street_Province_</td><td>Western Cape</td></tr>\n    <tr><td>Street_Country</td><td>South Africa</td></tr>\n    <tr><td>Core_Classification_ICSC</td><td>Local Convenience Centre</td></tr>\n    <tr><td>Classification_MD</td><td>Local Convenience Centre</td></tr>\n    <tr><td>Gross_Leasable_Floor_Area_in_sq</td><td>2391</td></tr>\n    <tr><td>Centre_Manager_Name</td><td>Nigel Smithie</td></tr>\n    <tr><td>Centre_Manager_Telephone</td><td>+2721 943 1013</td></tr>\n    <tr><td>Centre_Manager_Mobile</td><td>+2774 581 6869</td></tr>\n    <tr><td>Centre_Manager_Email</td><td>nigel.smithie@jhi.co.za</td></tr>\n    <tr><td>Shopping_Centre_Website</td><td></td></tr>\n    <tr><td>Type</td><td>Majors</td></tr>\n    <tr><td>Leasing_Company_Name</td><td>JHI Properties (Pty) Ltd</td></tr>\n    <tr><td>Leasing_Manager_Name</td><td>Nigel Smithie</td></tr>\n    <tr><td>Leasing_Manager_Telephone</td><td>+2721 943 1000</td></tr>\n    <tr><td>Leasing_Manager_Mobile</td><td>+2774 581 6869</td></tr>\n    <tr><td>Marketing_Company_Name</td><td>JHI Properties (Pty) Ltd</td></tr>\n    <tr><td>Owner</td><td>Arrowhead Properties Ltd</td></tr>\n    <tr><td>Name_of_Holding_Company</td><td>Arrowhead Properties Ltd</td></tr>\n    <tr><td>Name_of_Developer</td><td></td></tr>\n    <tr><td>Year_Developed</td><td>0</td></tr>\n    <tr><td>Year_Last_Refurbished</td><td>0</td></tr>\n    <tr><td>No_of_Retail_Floors</td><td>2</td></tr>\n    <tr><td>Latest_Annual_Foot_Count</td><td>0</td></tr>\n    <tr><td>No_of_Shops</td><td>7</td></tr>\n    <tr><td>Main_Anchors</td><td>Small shops</td></tr>\n    <tr><td>Parking_Total</td><td>0</td></tr>"},"_name":"Ronsyn Building"}},{"type":"Feature","geometry":{"type":"Point","coordinates":[18.6629999840932,-33.882549003329,0]},"properties":{"name":"Old Oak Centre","visibility":false,"description":{"@type":"html","value":"<br><br><br>\n    <table border=\"1\" padding=\"0\">\n    <tr><td>Shopping_Centre_Name</td><td>Old Oak Centre</td></tr>\n    <tr><td>Street_Address</td><td>Meerlust Road</td></tr>\n    <tr><td>Street_Suburb</td><td>Oakglen</td></tr>\n    <tr><td>Street_City_or_Town</td><td>Bellville</td></tr>\n    <tr><td>Street_Province_</td><td>Western Cape</td></tr>\n    <tr><td>Street_Country</td><td>South Africa</td></tr>\n    <tr><td>Core_Classification_ICSC</td><td>Local Convenience Centre</td></tr>\n    <tr><td>Classification_MD</td><td>Local Convenience Centre</td></tr>\n    <tr><td>Gross_Leasable_Floor_Area_in_sq</td><td>2411</td></tr>\n    <tr><td>Centre_Manager_Name</td><td></td></tr>\n    <tr><td>Centre_Manager_Telephone</td><td>+2721 919 2711</td></tr>\n    <tr><td>Centre_Manager_Mobile</td><td></td></tr>\n    <tr><td>Centre_Manager_Email</td><td>henk.oldoakspar@gmail.com</td></tr>\n    <tr><td>Shopping_Centre_Website</td><td></td></tr>\n    <tr><td>Type</td><td></td></tr>\n    <tr><td>Leasing_Company_Name</td><td>Owner Leased</td></tr>\n    <tr><td>Leasing_Manager_Name</td><td></td></tr>\n    <tr><td>Leasing_Manager_Telephone</td><td>+2721 919 2711</td></tr>\n    <tr><td>Leasing_Manager_Mobile</td><td></td></tr>\n    <tr><td>Marketing_Company_Name</td><td></td></tr>\n    <tr><td>Owner</td><td>Privately Owned</td></tr>\n    <tr><td>Name_of_Holding_Company</td><td></td></tr>\n    <tr><td>Name_of_Developer</td><td></td></tr>\n    <tr><td>Year_Developed</td><td>0</td></tr>\n    <tr><td>Year_Last_Refurbished</td><td>0</td></tr>\n    <tr><td>No_of_Retail_Floors</td><td>1</td></tr>\n    <tr><td>Latest_Annual_Foot_Count</td><td>0</td></tr>\n    <tr><td>No_of_Shops</td><td>13</td></tr>\n    <tr><td>Main_Anchors</td><td>Spar</td></tr>\n    <tr><td>Parking_Total</td><td>80</td></tr>"},"_name":"Old Oak Centre"}},{"type":"Feature","geometry":{"type":"Point","coordinates":[18.850312997896,-34.082494007159,0]},"properties":{"name":"SS Fountain Square","visibility":false,"description":{"@type":"html","value":"<br><br><br>\n    <table border=\"1\" padding=\"0\">\n    <tr><td>Shopping_Centre_Name</td><td>SS Fountain Square</td></tr>\n    <tr><td>Street_Address</td><td>Main Road</td></tr>\n    <tr><td>Street_Suburb</td><td>Central</td></tr>\n    <tr><td>Street_City_or_Town</td><td>Somerset West</td></tr>\n    <tr><td>Street_Province_</td><td>Western Cape</td></tr>\n    <tr><td>Street_Country</td><td>South Africa</td></tr>\n    <tr><td>Core_Classification_ICSC</td><td>Local Convenience Centre</td></tr>\n    <tr><td>Classification_MD</td><td>Local Convenience Centre</td></tr>\n    <tr><td>Gross_Leasable_Floor_Area_in_sq</td><td>2428</td></tr>\n    <tr><td>Centre_Manager_Name</td><td>Kobus Joubert</td></tr>\n    <tr><td>Centre_Manager_Telephone</td><td>+2721 852 2193</td></tr>\n    <tr><td>Centre_Manager_Mobile</td><td>+2782 564 5899</td></tr>\n    <tr><td>Centre_Manager_Email</td><td>joubertjm@vodamail.co.za</td></tr>\n    <tr><td>Shopping_Centre_Website</td><td></td></tr>\n    <tr><td>Type</td><td></td></tr>\n    <tr><td>Leasing_Company_Name</td><td>Kobus Joubert</td></tr>\n    <tr><td>Leasing_Manager_Name</td><td>Kobus Joubert</td></tr>\n    <tr><td>Leasing_Manager_Telephone</td><td>+2721 852 2193</td></tr>\n    <tr><td>Leasing_Manager_Mobile</td><td>+2782 564 5899</td></tr>\n    <tr><td>Marketing_Company_Name</td><td>Kobus Joubert</td></tr>\n    <tr><td>Owner</td><td>Sectional Title</td></tr>\n    <tr><td>Name_of_Holding_Company</td><td>Sectional Title</td></tr>\n    <tr><td>Name_of_Developer</td><td>Jim Trust</td></tr>\n    <tr><td>Year_Developed</td><td>2005</td></tr>\n    <tr><td>Year_Last_Refurbished</td><td>0</td></tr>\n    <tr><td>No_of_Retail_Floors</td><td>1</td></tr>\n    <tr><td>Latest_Annual_Foot_Count</td><td>0</td></tr>\n    <tr><td>No_of_Shops</td><td>19</td></tr>\n    <tr><td>Main_Anchors</td><td>West Workout Gym, Multimedia Entertainers, Caruma Meat Deli</td></tr>\n    <tr><td>Parking_Total</td><td>75</td></tr>"},"_name":"SS Fountain Square"}},{"type":"Feature","geometry":{"type":"Point","coordinates":[18.6190870043002,-33.873943008776,0]},"properties":{"name":"Welgemoed Plaza","visibility":false,"description":{"@type":"html","value":"<br><br><br>\n    <table border=\"1\" padding=\"0\">\n    <tr><td>Shopping_Centre_Name</td><td>Welgemoed Plaza</td></tr>\n    <tr><td>Street_Address</td><td>Cnr Kommissaris & Sluyskens Streets</td></tr>\n    <tr><td>Street_Suburb</td><td>Welgemoed</td></tr>\n    <tr><td>Street_City_or_Town</td><td>Bellville</td></tr>\n    <tr><td>Street_Province_</td><td>Western Cape</td></tr>\n    <tr><td>Street_Country</td><td>South Africa</td></tr>\n    <tr><td>Core_Classification_ICSC</td><td>Local Convenience Centre</td></tr>\n    <tr><td>Classification_MD</td><td>Local Convenience Centre</td></tr>\n    <tr><td>Gross_Leasable_Floor_Area_in_sq</td><td>2455</td></tr>\n    <tr><td>Centre_Manager_Name</td><td>David Newham Property Group</td></tr>\n    <tr><td>Centre_Manager_Telephone</td><td>+2721 948 0934</td></tr>\n    <tr><td>Centre_Manager_Mobile</td><td>+2782 573 9205</td></tr>\n    <tr><td>Centre_Manager_Email</td><td>pretoriusp@dnpg.co.za</td></tr>\n    <tr><td>Shopping_Centre_Website</td><td></td></tr>\n    <tr><td>Type</td><td>Majors</td></tr>\n    <tr><td>Leasing_Company_Name</td><td>David Newham Property Group</td></tr>\n    <tr><td>Leasing_Manager_Name</td><td>Piet Pretorius</td></tr>\n    <tr><td>Leasing_Manager_Telephone</td><td>+2721 948 0934</td></tr>\n    <tr><td>Leasing_Manager_Mobile</td><td>+2782 573 9205</td></tr>\n    <tr><td>Marketing_Company_Name</td><td>David Newham Property Group</td></tr>\n    <tr><td>Owner</td><td>Shavante Investments (Pty) Ltd</td></tr>\n    <tr><td>Name_of_Holding_Company</td><td></td></tr>\n    <tr><td>Name_of_Developer</td><td>David Newham Property Group</td></tr>\n    <tr><td>Year_Developed</td><td>0</td></tr>\n    <tr><td>Year_Last_Refurbished</td><td>0</td></tr>\n    <tr><td>No_of_Retail_Floors</td><td>2</td></tr>\n    <tr><td>Latest_Annual_Foot_Count</td><td>0</td></tr>\n    <tr><td>No_of_Shops</td><td>17</td></tr>\n    <tr><td>Main_Anchors</td><td>Pick n Pay</td></tr>\n    <tr><td>Parking_Total</td><td>0</td></tr>"},"_name":"Welgemoed Plaza"}},{"type":"Feature","geometry":{"type":"Point","coordinates":[18.4673720143678,-33.980701002879,0]},"properties":{"name":"Palmyra Junction","visibility":false,"description":{"@type":"html","value":"<br><br><br>\n    <table border=\"1\" padding=\"0\">\n    <tr><td>Shopping_Centre_Name</td><td>Palmyra Junction</td></tr>\n    <tr><td>Street_Address</td><td>Palmyra Road</td></tr>\n    <tr><td>Street_Suburb</td><td>Claremont</td></tr>\n    <tr><td>Street_City_or_Town</td><td>Cape Town</td></tr>\n    <tr><td>Street_Province_</td><td>Western Cape</td></tr>\n    <tr><td>Street_Country</td><td>South Africa</td></tr>\n    <tr><td>Core_Classification_ICSC</td><td>Local Convenience Centre</td></tr>\n    <tr><td>Classification_MD</td><td>Local Convenience Centre</td></tr>\n    <tr><td>Gross_Leasable_Floor_Area_in_sq</td><td>2500</td></tr>\n    <tr><td>Centre_Manager_Name</td><td>Janet Wishnia</td></tr>\n    <tr><td>Centre_Manager_Telephone</td><td>+2721 550 7000</td></tr>\n    <tr><td>Centre_Manager_Mobile</td><td>+2783 379 1232</td></tr>\n    <tr><td>Centre_Manager_Email</td><td>janet@rabie.co.za</td></tr>\n    <tr><td>Shopping_Centre_Website</td><td></td></tr>\n    <tr><td>Type</td><td>Majors</td></tr>\n    <tr><td>Leasing_Company_Name</td><td>Rabie Property Administrators (Pty) Ltd</td></tr>\n    <tr><td>Leasing_Manager_Name</td><td>Janet Wishnia</td></tr>\n    <tr><td>Leasing_Manager_Telephone</td><td>+2721 550 7000</td></tr>\n    <tr><td>Leasing_Manager_Mobile</td><td>+2783 379 1232</td></tr>\n    <tr><td>Marketing_Company_Name</td><td>Rabie Property Administrators (Pty) Ltd</td></tr>\n    <tr><td>Owner</td><td>Insight Property Developers Palmyra Road (Pty) Ltd</td></tr>\n    <tr><td>Name_of_Holding_Company</td><td></td></tr>\n    <tr><td>Name_of_Developer</td><td></td></tr>\n    <tr><td>Year_Developed</td><td>2010</td></tr>\n    <tr><td>Year_Last_Refurbished</td><td>0</td></tr>\n    <tr><td>No_of_Retail_Floors</td><td>1</td></tr>\n    <tr><td>Latest_Annual_Foot_Count</td><td>0</td></tr>\n    <tr><td>No_of_Shops</td><td>21</td></tr>\n    <tr><td>Main_Anchors</td><td>Woolworths</td></tr>\n    <tr><td>Parking_Total</td><td>150</td></tr>"},"_name":"Palmyra Junction"}},{"type":"Feature","geometry":{"type":"Point","coordinates":[18.711399998398,-33.870600005861,0]},"properties":{"name":"Northpine Shopping Centre","visibility":false,"description":{"@type":"html","value":"<br><br><br>\n    <table border=\"1\" padding=\"0\">\n    <tr><td>Shopping_Centre_Name</td><td>Northpine Shopping Centre</td></tr>\n    <tr><td>Street_Address</td><td>Cnr Central Avenue & Northpine Street</td></tr>\n    <tr><td>Street_Suburb</td><td>Northpine</td></tr>\n    <tr><td>Street_City_or_Town</td><td>Kraaifontein</td></tr>\n    <tr><td>Street_Province_</td><td>Western Cape</td></tr>\n    <tr><td>Street_Country</td><td>South Africa</td></tr>\n    <tr><td>Core_Classification_ICSC</td><td>Local Convenience Centre</td></tr>\n    <tr><td>Classification_MD</td><td>Local Convenience Centre</td></tr>\n    <tr><td>Gross_Leasable_Floor_Area_in_sq</td><td>2500</td></tr>\n    <tr><td>Centre_Manager_Name</td><td>Mr Katz</td></tr>\n    <tr><td>Centre_Manager_Telephone</td><td>+2721 981 7374</td></tr>\n    <tr><td>Centre_Manager_Mobile</td><td>+2772 194 2088</td></tr>\n    <tr><td>Centre_Manager_Email</td><td></td></tr>\n    <tr><td>Shopping_Centre_Website</td><td></td></tr>\n    <tr><td>Type</td><td></td></tr>\n    <tr><td>Leasing_Company_Name</td><td>Owner Leased</td></tr>\n    <tr><td>Leasing_Manager_Name</td><td>Mr Katz</td></tr>\n    <tr><td>Leasing_Manager_Telephone</td><td></td></tr>\n    <tr><td>Leasing_Manager_Mobile</td><td>+2772 194 2088</td></tr>\n    <tr><td>Marketing_Company_Name</td><td></td></tr>\n    <tr><td>Owner</td><td>Privately Owned</td></tr>\n    <tr><td>Name_of_Holding_Company</td><td></td></tr>\n    <tr><td>Name_of_Developer</td><td></td></tr>\n    <tr><td>Year_Developed</td><td>1985</td></tr>\n    <tr><td>Year_Last_Refurbished</td><td>0</td></tr>\n    <tr><td>No_of_Retail_Floors</td><td>1</td></tr>\n    <tr><td>Latest_Annual_Foot_Count</td><td>0</td></tr>\n    <tr><td>No_of_Shops</td><td>5</td></tr>\n    <tr><td>Main_Anchors</td><td>Northpine Food Supermarket</td></tr>\n    <tr><td>Parking_Total</td><td>50</td></tr>"},"_name":"Northpine Shopping Centre"}},{"type":"Feature","geometry":{"type":"Point","coordinates":[18.5505389986558,-33.912768007396,0]},"properties":{"name":"Foodprop Centre - Goodwood","visibility":false,"description":{"@type":"html","value":"<br><br><br>\n    <table border=\"1\" padding=\"0\">\n    <tr><td>Shopping_Centre_Name</td><td>Foodprop Centre - Goodwood</td></tr>\n    <tr><td>Street_Address</td><td>Voortrekker Road</td></tr>\n    <tr><td>Street_Suburb</td><td>Goodwood</td></tr>\n    <tr><td>Street_City_or_Town</td><td>Goodwood</td></tr>\n    <tr><td>Street_Province_</td><td>Western Cape</td></tr>\n    <tr><td>Street_Country</td><td>South Africa</td></tr>\n    <tr><td>Core_Classification_ICSC</td><td>Local Convenience Centre</td></tr>\n    <tr><td>Classification_MD</td><td>Local Convenience Centre</td></tr>\n    <tr><td>Gross_Leasable_Floor_Area_in_sq</td><td>2509</td></tr>\n    <tr><td>Centre_Manager_Name</td><td>Nawaal Mukadem</td></tr>\n    <tr><td>Centre_Manager_Telephone</td><td>+2721 595 3000</td></tr>\n    <tr><td>Centre_Manager_Mobile</td><td></td></tr>\n    <tr><td>Centre_Manager_Email</td><td>info@fpggroup.co.za</td></tr>\n    <tr><td>Shopping_Centre_Website</td><td>www.fpggroup.co.za</td></tr>\n    <tr><td>Type</td><td>Majors</td></tr>\n    <tr><td>Leasing_Company_Name</td><td>Foodprop Property Holdings (Pty) Ltd</td></tr>\n    <tr><td>Leasing_Manager_Name</td><td>Nawaal Mukadem</td></tr>\n    <tr><td>Leasing_Manager_Telephone</td><td>+2721 595 3000</td></tr>\n    <tr><td>Leasing_Manager_Mobile</td><td></td></tr>\n    <tr><td>Marketing_Company_Name</td><td>FPG Holdings (Pty) Ltd</td></tr>\n    <tr><td>Owner</td><td>FPG Holdings (Pty) Ltd</td></tr>\n    <tr><td>Name_of_Holding_Company</td><td>Foodprop Property Holdings (Pty) Ltd</td></tr>\n    <tr><td>Name_of_Developer</td><td></td></tr>\n    <tr><td>Year_Developed</td><td>1980</td></tr>\n    <tr><td>Year_Last_Refurbished</td><td>0</td></tr>\n    <tr><td>No_of_Retail_Floors</td><td>1</td></tr>\n    <tr><td>Latest_Annual_Foot_Count</td><td>0</td></tr>\n    <tr><td>No_of_Shops</td><td>0</td></tr>\n    <tr><td>Main_Anchors</td><td>Shoprite</td></tr>\n    <tr><td>Parking_Total</td><td>0</td></tr>"},"_name":"Foodprop Centre - Goodwood"}},{"type":"Feature","geometry":{"type":"Point","coordinates":[18.633603985546,-33.862584005256,0]},"properties":{"name":"Kenridge Centre","visibility":false,"description":{"@type":"html","value":"<br><br><br>\n    <table border=\"1\" padding=\"0\">\n    <tr><td>Shopping_Centre_Name</td><td>Kenridge Centre</td></tr>\n    <tr><td>Street_Address</td><td>Cnr Mildred & Tygerbergvalley Road</td></tr>\n    <tr><td>Street_Suburb</td><td>Kenridge</td></tr>\n    <tr><td>Street_City_or_Town</td><td>Bellville</td></tr>\n    <tr><td>Street_Province_</td><td>Western Cape</td></tr>\n    <tr><td>Street_Country</td><td>South Africa</td></tr>\n    <tr><td>Core_Classification_ICSC</td><td>Local Convenience Centre</td></tr>\n    <tr><td>Classification_MD</td><td>Local Convenience Centre</td></tr>\n    <tr><td>Gross_Leasable_Floor_Area_in_sq</td><td>2585</td></tr>\n    <tr><td>Centre_Manager_Name</td><td>Debbie Gibson-Röbeck</td></tr>\n    <tr><td>Centre_Manager_Telephone</td><td>+2721 914 2222</td></tr>\n    <tr><td>Centre_Manager_Mobile</td><td>+2783 252 5690</td></tr>\n    <tr><td>Centre_Manager_Email</td><td>debbie@stead.co.za</td></tr>\n    <tr><td>Shopping_Centre_Website</td><td></td></tr>\n    <tr><td>Type</td><td></td></tr>\n    <tr><td>Leasing_Company_Name</td><td>Stead Realty</td></tr>\n    <tr><td>Leasing_Manager_Name</td><td>Debbie Gibson-Röbeck</td></tr>\n    <tr><td>Leasing_Manager_Telephone</td><td>+2721 914 2222</td></tr>\n    <tr><td>Leasing_Manager_Mobile</td><td>+2783 252 5690</td></tr>\n    <tr><td>Marketing_Company_Name</td><td></td></tr>\n    <tr><td>Owner</td><td>Inframax Investments</td></tr>\n    <tr><td>Name_of_Holding_Company</td><td>Inframax Holdings (Pty) Ltd</td></tr>\n    <tr><td>Name_of_Developer</td><td>Highland Knight Investments</td></tr>\n    <tr><td>Year_Developed</td><td>0</td></tr>\n    <tr><td>Year_Last_Refurbished</td><td>2011</td></tr>\n    <tr><td>No_of_Retail_Floors</td><td>1</td></tr>\n    <tr><td>Latest_Annual_Foot_Count</td><td>0</td></tr>\n    <tr><td>No_of_Shops</td><td>13</td></tr>\n    <tr><td>Main_Anchors</td><td>BP, The Vineyard Deli, Cymot (Greensport)</td></tr>\n    <tr><td>Parking_Total</td><td>60</td></tr>"},"_name":"Kenridge Centre"}},{"type":"Feature","geometry":{"type":"Point","coordinates":[18.3893760185368,-33.916614987428,0]},"properties":{"name":"Shoprite Sea Point","visibility":false,"description":{"@type":"html","value":"<br><br><br>\n    <table border=\"1\" padding=\"0\">\n    <tr><td>Shopping_Centre_Name</td><td>Shoprite Sea Point</td></tr>\n    <tr><td>Street_Address</td><td>Main Road</td></tr>\n    <tr><td>Street_Suburb</td><td>Sea Point</td></tr>\n    <tr><td>Street_City_or_Town</td><td>Cape Town</td></tr>\n    <tr><td>Street_Province_</td><td>Western Cape</td></tr>\n    <tr><td>Street_Country</td><td>South Africa</td></tr>\n    <tr><td>Core_Classification_ICSC</td><td>Local Convenience Centre</td></tr>\n    <tr><td>Classification_MD</td><td>Local Convenience Centre</td></tr>\n    <tr><td>Gross_Leasable_Floor_Area_in_sq</td><td>2637</td></tr>\n    <tr><td>Centre_Manager_Name</td><td></td></tr>\n    <tr><td>Centre_Manager_Telephone</td><td></td></tr>\n    <tr><td>Centre_Manager_Mobile</td><td></td></tr>\n    <tr><td>Centre_Manager_Email</td><td></td></tr>\n    <tr><td>Shopping_Centre_Website</td><td></td></tr>\n    <tr><td>Type</td><td></td></tr>\n    <tr><td>Leasing_Company_Name</td><td>Heriot Properties (Pty) Ltd</td></tr>\n    <tr><td>Leasing_Manager_Name</td><td>Hannetjie Ludick</td></tr>\n    <tr><td>Leasing_Manager_Telephone</td><td>+2711 684 1570</td></tr>\n    <tr><td>Leasing_Manager_Mobile</td><td></td></tr>\n    <tr><td>Marketing_Company_Name</td><td></td></tr>\n    <tr><td>Owner</td><td>In Process of Transfer</td></tr>\n    <tr><td>Name_of_Holding_Company</td><td></td></tr>\n    <tr><td>Name_of_Developer</td><td></td></tr>\n    <tr><td>Year_Developed</td><td>1980</td></tr>\n    <tr><td>Year_Last_Refurbished</td><td>0</td></tr>\n    <tr><td>No_of_Retail_Floors</td><td>1</td></tr>\n    <tr><td>Latest_Annual_Foot_Count</td><td>0</td></tr>\n    <tr><td>No_of_Shops</td><td>6</td></tr>\n    <tr><td>Main_Anchors</td><td>Shoprite</td></tr>\n    <tr><td>Parking_Total</td><td>50</td></tr>"},"_name":"Shoprite Sea Point"}},{"type":"Feature","geometry":{"type":"Point","coordinates":[18.6457999890568,-33.832700001739,0]},"properties":{"name":"Spiro's Corner","visibility":false,"description":{"@type":"html","value":"<br><br><br>\n    <table border=\"1\" padding=\"0\">\n    <tr><td>Shopping_Centre_Name</td><td>Spiro's Corner</td></tr>\n    <tr><td>Street_Address</td><td>Cnr Durban & Wellington Roads</td></tr>\n    <tr><td>Street_Suburb</td><td>Central</td></tr>\n    <tr><td>Street_City_or_Town</td><td>Durbanville</td></tr>\n    <tr><td>Street_Province_</td><td>Western Cape</td></tr>\n    <tr><td>Street_Country</td><td>South Africa</td></tr>\n    <tr><td>Core_Classification_ICSC</td><td>Local Convenience Centre</td></tr>\n    <tr><td>Classification_MD</td><td>Local Convenience Centre</td></tr>\n    <tr><td>Gross_Leasable_Floor_Area_in_sq</td><td>2666</td></tr>\n    <tr><td>Centre_Manager_Name</td><td></td></tr>\n    <tr><td>Centre_Manager_Telephone</td><td></td></tr>\n    <tr><td>Centre_Manager_Mobile</td><td></td></tr>\n    <tr><td>Centre_Manager_Email</td><td></td></tr>\n    <tr><td>Shopping_Centre_Website</td><td></td></tr>\n    <tr><td>Type</td><td>2 to 3</td></tr>\n    <tr><td>Leasing_Company_Name</td><td>Blend Property Management (Pty) Ltd</td></tr>\n    <tr><td>Leasing_Manager_Name</td><td>Manuel da Silva</td></tr>\n    <tr><td>Leasing_Manager_Telephone</td><td>+2721 464 8800</td></tr>\n    <tr><td>Leasing_Manager_Mobile</td><td></td></tr>\n    <tr><td>Marketing_Company_Name</td><td>Blend Property Management (Pty) Ltd</td></tr>\n    <tr><td>Owner</td><td>Micmar Investments (Pty) Ltd</td></tr>\n    <tr><td>Name_of_Holding_Company</td><td></td></tr>\n    <tr><td>Name_of_Developer</td><td></td></tr>\n    <tr><td>Year_Developed</td><td>2008</td></tr>\n    <tr><td>Year_Last_Refurbished</td><td>0</td></tr>\n    <tr><td>No_of_Retail_Floors</td><td>1</td></tr>\n    <tr><td>Latest_Annual_Foot_Count</td><td>0</td></tr>\n    <tr><td>No_of_Shops</td><td>20</td></tr>\n    <tr><td>Main_Anchors</td><td>Mica</td></tr>\n    <tr><td>Parking_Total</td><td>50</td></tr>"},"_name":"Spiro's Corner"}},{"type":"Feature","geometry":{"type":"Point","coordinates":[18.4832999798782,-34.020899997594,0]},"properties":{"name":"Prospur Shopping Centre","visibility":false,"description":{"@type":"html","value":"<br><br><br>\n    <table border=\"1\" padding=\"0\">\n    <tr><td>Shopping_Centre_Name</td><td>Prospur Shopping Centre</td></tr>\n    <tr><td>Street_Address</td><td>Cnr Churchill & Basil Roads</td></tr>\n    <tr><td>Street_Suburb</td><td>Plumstead</td></tr>\n    <tr><td>Street_City_or_Town</td><td>Cape Town</td></tr>\n    <tr><td>Street_Province_</td><td>Western Cape</td></tr>\n    <tr><td>Street_Country</td><td>South Africa</td></tr>\n    <tr><td>Core_Classification_ICSC</td><td>Local Convenience Centre</td></tr>\n    <tr><td>Classification_MD</td><td>Local Convenience Centre</td></tr>\n    <tr><td>Gross_Leasable_Floor_Area_in_sq</td><td>2900</td></tr>\n    <tr><td>Centre_Manager_Name</td><td>Mr van Schalkwyk</td></tr>\n    <tr><td>Centre_Manager_Telephone</td><td>+2721 762 9565</td></tr>\n    <tr><td>Centre_Manager_Mobile</td><td>+2783 564 2357</td></tr>\n    <tr><td>Centre_Manager_Email</td><td>prospursc@absamail.co.za</td></tr>\n    <tr><td>Shopping_Centre_Website</td><td></td></tr>\n    <tr><td>Type</td><td></td></tr>\n    <tr><td>Leasing_Company_Name</td><td>Prospur Shopping Centre CC</td></tr>\n    <tr><td>Leasing_Manager_Name</td><td>Mr van Schalkwyk</td></tr>\n    <tr><td>Leasing_Manager_Telephone</td><td>021 762 9565</td></tr>\n    <tr><td>Leasing_Manager_Mobile</td><td>+2783 564 2357</td></tr>\n    <tr><td>Marketing_Company_Name</td><td>Prospur Shopping Centre CC</td></tr>\n    <tr><td>Owner</td><td>Prospur Shopping Centre CC</td></tr>\n    <tr><td>Name_of_Holding_Company</td><td></td></tr>\n    <tr><td>Name_of_Developer</td><td></td></tr>\n    <tr><td>Year_Developed</td><td>1963</td></tr>\n    <tr><td>Year_Last_Refurbished</td><td>2008</td></tr>\n    <tr><td>No_of_Retail_Floors</td><td>2</td></tr>\n    <tr><td>Latest_Annual_Foot_Count</td><td>0</td></tr>\n    <tr><td>No_of_Shops</td><td>24</td></tr>\n    <tr><td>Main_Anchors</td><td>Spar</td></tr>\n    <tr><td>Parking_Total</td><td>70</td></tr>"},"_name":"Prospur Shopping Centre"}},{"type":"Feature","geometry":{"type":"Point","coordinates":[18.6640719901168,-34.026068010135,0]},"properties":{"name":"Nonquabela Shopping Centre","visibility":false,"description":{"@type":"html","value":"<br><br><br>\n    <table border=\"1\" padding=\"0\">\n    <tr><td>Shopping_Centre_Name</td><td>Nonquabela Shopping Centre</td></tr>\n    <tr><td>Street_Address</td><td>Sulani Drive</td></tr>\n    <tr><td>Street_Suburb</td><td>Nonqubela</td></tr>\n    <tr><td>Street_City_or_Town</td><td>Khayelitsha</td></tr>\n    <tr><td>Street_Province_</td><td>Western Cape</td></tr>\n    <tr><td>Street_Country</td><td>South Africa</td></tr>\n    <tr><td>Core_Classification_ICSC</td><td>Local Convenience Centre</td></tr>\n    <tr><td>Classification_MD</td><td>Local Convenience Centre</td></tr>\n    <tr><td>Gross_Leasable_Floor_Area_in_sq</td><td>2911</td></tr>\n    <tr><td>Centre_Manager_Name</td><td></td></tr>\n    <tr><td>Centre_Manager_Telephone</td><td></td></tr>\n    <tr><td>Centre_Manager_Mobile</td><td></td></tr>\n    <tr><td>Centre_Manager_Email</td><td>swileman@herom.co.za</td></tr>\n    <tr><td>Shopping_Centre_Website</td><td></td></tr>\n    <tr><td>Type</td><td>Majors</td></tr>\n    <tr><td>Leasing_Company_Name</td><td>Hermans & Roman Property Solutions (Pty) Ltd</td></tr>\n    <tr><td>Leasing_Manager_Name</td><td>Susarah Wileman</td></tr>\n    <tr><td>Leasing_Manager_Telephone</td><td>+2721 910 6100</td></tr>\n    <tr><td>Leasing_Manager_Mobile</td><td>+2784 415 2664</td></tr>\n    <tr><td>Marketing_Company_Name</td><td></td></tr>\n    <tr><td>Owner</td><td>Quickstep 307 (Pty) Ltd</td></tr>\n    <tr><td>Name_of_Holding_Company</td><td></td></tr>\n    <tr><td>Name_of_Developer</td><td></td></tr>\n    <tr><td>Year_Developed</td><td>2011</td></tr>\n    <tr><td>Year_Last_Refurbished</td><td>0</td></tr>\n    <tr><td>No_of_Retail_Floors</td><td>1</td></tr>\n    <tr><td>Latest_Annual_Foot_Count</td><td>0</td></tr>\n    <tr><td>No_of_Shops</td><td>16</td></tr>\n    <tr><td>Main_Anchors</td><td>Pick n Pay</td></tr>\n    <tr><td>Parking_Total</td><td>0</td></tr>"},"_name":"Nonquabela Shopping Centre"}},{"type":"Feature","geometry":{"type":"Point","coordinates":[18.5289320028226,-33.995072006508,0]},"properties":{"name":"Foodprop Centre - Hanover Park","visibility":false,"description":{"@type":"html","value":"<br><br><br>\n    <table border=\"1\" padding=\"0\">\n    <tr><td>Shopping_Centre_Name</td><td>Foodprop Centre - Hanover Park</td></tr>\n    <tr><td>Street_Address</td><td>Stonelands Road</td></tr>\n    <tr><td>Street_Suburb</td><td>Hanover Park</td></tr>\n    <tr><td>Street_City_or_Town</td><td>Cape Town</td></tr>\n    <tr><td>Street_Province_</td><td>Western Cape</td></tr>\n    <tr><td>Street_Country</td><td>South Africa</td></tr>\n    <tr><td>Core_Classification_ICSC</td><td>Local Convenience Centre</td></tr>\n    <tr><td>Classification_MD</td><td>Local Convenience Centre</td></tr>\n    <tr><td>Gross_Leasable_Floor_Area_in_sq</td><td>2934</td></tr>\n    <tr><td>Centre_Manager_Name</td><td>Ashraf Allie</td></tr>\n    <tr><td>Centre_Manager_Telephone</td><td>+2721 595 3000</td></tr>\n    <tr><td>Centre_Manager_Mobile</td><td></td></tr>\n    <tr><td>Centre_Manager_Email</td><td>info@fpggroup.co.za</td></tr>\n    <tr><td>Shopping_Centre_Website</td><td>www.fpggroup.co.za</td></tr>\n    <tr><td>Type</td><td>Majors</td></tr>\n    <tr><td>Leasing_Company_Name</td><td>Foodprop Property Holdings (Pty) Ltd</td></tr>\n    <tr><td>Leasing_Manager_Name</td><td>Ashraf Allie</td></tr>\n    <tr><td>Leasing_Manager_Telephone</td><td>+2721 595 3000</td></tr>\n    <tr><td>Leasing_Manager_Mobile</td><td></td></tr>\n    <tr><td>Marketing_Company_Name</td><td>FPG Holdings (Pty) Ltd</td></tr>\n    <tr><td>Owner</td><td>FPG Holdings (Pty) Ltd</td></tr>\n    <tr><td>Name_of_Holding_Company</td><td>Foodprop Property Holdings (Pty) Ltd</td></tr>\n    <tr><td>Name_of_Developer</td><td></td></tr>\n    <tr><td>Year_Developed</td><td>1980</td></tr>\n    <tr><td>Year_Last_Refurbished</td><td>0</td></tr>\n    <tr><td>No_of_Retail_Floors</td><td>1</td></tr>\n    <tr><td>Latest_Annual_Foot_Count</td><td>0</td></tr>\n    <tr><td>No_of_Shops</td><td>6</td></tr>\n    <tr><td>Main_Anchors</td><td>Shoprite</td></tr>\n    <tr><td>Parking_Total</td><td>0</td></tr>"},"_name":"Foodprop Centre - Hanover Park"}},{"type":"Feature","geometry":{"type":"Point","coordinates":[18.5916999938314,-33.912900011357,0]},"properties":{"name":"Parow Valley Centre","visibility":false,"description":{"@type":"html","value":"<br><br><br>\n    <table border=\"1\" padding=\"0\">\n    <tr><td>Shopping_Centre_Name</td><td>Parow Valley Centre</td></tr>\n    <tr><td>Street_Address</td><td>Market Street</td></tr>\n    <tr><td>Street_Suburb</td><td>Parow Valley</td></tr>\n    <tr><td>Street_City_or_Town</td><td>Parow</td></tr>\n    <tr><td>Street_Province_</td><td>Western Cape</td></tr>\n    <tr><td>Street_Country</td><td>South Africa</td></tr>\n    <tr><td>Core_Classification_ICSC</td><td>Local Convenience Centre</td></tr>\n    <tr><td>Classification_MD</td><td>Local Convenience Centre</td></tr>\n    <tr><td>Gross_Leasable_Floor_Area_in_sq</td><td>3000</td></tr>\n    <tr><td>Centre_Manager_Name</td><td>Mr Pineli</td></tr>\n    <tr><td>Centre_Manager_Telephone</td><td>+2721 554 1247</td></tr>\n    <tr><td>Centre_Manager_Mobile</td><td></td></tr>\n    <tr><td>Centre_Manager_Email</td><td></td></tr>\n    <tr><td>Shopping_Centre_Website</td><td></td></tr>\n    <tr><td>Type</td><td></td></tr>\n    <tr><td>Leasing_Company_Name</td><td>Owner Leased</td></tr>\n    <tr><td>Leasing_Manager_Name</td><td>Debbie McKillewie</td></tr>\n    <tr><td>Leasing_Manager_Telephone</td><td></td></tr>\n    <tr><td>Leasing_Manager_Mobile</td><td>+2772 907 7140</td></tr>\n    <tr><td>Marketing_Company_Name</td><td></td></tr>\n    <tr><td>Owner</td><td>Mr Pineli</td></tr>\n    <tr><td>Name_of_Holding_Company</td><td></td></tr>\n    <tr><td>Name_of_Developer</td><td>Mr da Sousa</td></tr>\n    <tr><td>Year_Developed</td><td>1997</td></tr>\n    <tr><td>Year_Last_Refurbished</td><td>2008</td></tr>\n    <tr><td>No_of_Retail_Floors</td><td>1</td></tr>\n    <tr><td>Latest_Annual_Foot_Count</td><td>0</td></tr>\n    <tr><td>No_of_Shops</td><td>10</td></tr>\n    <tr><td>Main_Anchors</td><td>Spar</td></tr>\n    <tr><td>Parking_Total</td><td>60</td></tr>"},"_name":"Parow Valley Centre"}},{"type":"Feature","geometry":{"type":"Point","coordinates":[18.478199988418,-33.960799994849,0]},"properties":{"name":"Silwood Court","visibility":false,"description":{"@type":"html","value":"<br><br><br>\n    <table border=\"1\" padding=\"0\">\n    <tr><td>Shopping_Centre_Name</td><td>Silwood Court</td></tr>\n    <tr><td>Street_Address</td><td>Camp Ground Road</td></tr>\n    <tr><td>Street_Suburb</td><td>Rondebosch</td></tr>\n    <tr><td>Street_City_or_Town</td><td>Cape Town</td></tr>\n    <tr><td>Street_Province_</td><td>Western Cape</td></tr>\n    <tr><td>Street_Country</td><td>South Africa</td></tr>\n    <tr><td>Core_Classification_ICSC</td><td>Local Convenience Centre</td></tr>\n    <tr><td>Classification_MD</td><td>Local Convenience Centre</td></tr>\n    <tr><td>Gross_Leasable_Floor_Area_in_sq</td><td>3000</td></tr>\n    <tr><td>Centre_Manager_Name</td><td>Jean Pierre Questiaux</td></tr>\n    <tr><td>Centre_Manager_Telephone</td><td>+2721 441 8800</td></tr>\n    <tr><td>Centre_Manager_Mobile</td><td></td></tr>\n    <tr><td>Centre_Manager_Email</td><td>jpg@permanenttrust.co.za</td></tr>\n    <tr><td>Shopping_Centre_Website</td><td></td></tr>\n    <tr><td>Type</td><td>2 to 3</td></tr>\n    <tr><td>Leasing_Company_Name</td><td>Permanent Trust Property Group</td></tr>\n    <tr><td>Leasing_Manager_Name</td><td>J-P Questiax</td></tr>\n    <tr><td>Leasing_Manager_Telephone</td><td>+2721 441 8800</td></tr>\n    <tr><td>Leasing_Manager_Mobile</td><td></td></tr>\n    <tr><td>Marketing_Company_Name</td><td></td></tr>\n    <tr><td>Owner</td><td>Abdul Banderker</td></tr>\n    <tr><td>Name_of_Holding_Company</td><td></td></tr>\n    <tr><td>Name_of_Developer</td><td></td></tr>\n    <tr><td>Year_Developed</td><td>1980</td></tr>\n    <tr><td>Year_Last_Refurbished</td><td>0</td></tr>\n    <tr><td>No_of_Retail_Floors</td><td>1</td></tr>\n    <tr><td>Latest_Annual_Foot_Count</td><td>0</td></tr>\n    <tr><td>No_of_Shops</td><td>5</td></tr>\n    <tr><td>Main_Anchors</td><td>Kwikspar</td></tr>\n    <tr><td>Parking_Total</td><td>25</td></tr>"},"_name":"Silwood Court"}},{"type":"Feature","geometry":{"type":"Point","coordinates":[18.6077740056754,-33.940547995292,0]},"properties":{"name":"Spar Centre - Belhar","visibility":false,"description":{"@type":"html","value":"<br><br><br>\n    <table border=\"1\" padding=\"0\">\n    <tr><td>Shopping_Centre_Name</td><td>Spar Centre - Belhar</td></tr>\n    <tr><td>Street_Address</td><td>Modderdam East Road and Amandel Road</td></tr>\n    <tr><td>Street_Suburb</td><td>Belhar</td></tr>\n    <tr><td>Street_City_or_Town</td><td>Bellville</td></tr>\n    <tr><td>Street_Province_</td><td>Western Cape</td></tr>\n    <tr><td>Street_Country</td><td>South Africa</td></tr>\n    <tr><td>Core_Classification_ICSC</td><td>Local Convenience Centre</td></tr>\n    <tr><td>Classification_MD</td><td>Local Convenience Centre</td></tr>\n    <tr><td>Gross_Leasable_Floor_Area_in_sq</td><td>3000</td></tr>\n    <tr><td>Centre_Manager_Name</td><td>Steve Lawrence</td></tr>\n    <tr><td>Centre_Manager_Telephone</td><td></td></tr>\n    <tr><td>Centre_Manager_Mobile</td><td>+2773 281 7165</td></tr>\n    <tr><td>Centre_Manager_Email</td><td>lawrencejsteve@gmail.com</td></tr>\n    <tr><td>Shopping_Centre_Website</td><td></td></tr>\n    <tr><td>Type</td><td></td></tr>\n    <tr><td>Leasing_Company_Name</td><td>Sulnisa Development Company (Pty) Ltd</td></tr>\n    <tr><td>Leasing_Manager_Name</td><td>Basil Waningburg</td></tr>\n    <tr><td>Leasing_Manager_Telephone</td><td>+2786 100 1185 / +2721 685 9994</td></tr>\n    <tr><td>Leasing_Manager_Mobile</td><td></td></tr>\n    <tr><td>Marketing_Company_Name</td><td></td></tr>\n    <tr><td>Owner</td><td>Sulnisa Properties</td></tr>\n    <tr><td>Name_of_Holding_Company</td><td></td></tr>\n    <tr><td>Name_of_Developer</td><td></td></tr>\n    <tr><td>Year_Developed</td><td>2007</td></tr>\n    <tr><td>Year_Last_Refurbished</td><td>2012</td></tr>\n    <tr><td>No_of_Retail_Floors</td><td>1</td></tr>\n    <tr><td>Latest_Annual_Foot_Count</td><td>0</td></tr>\n    <tr><td>No_of_Shops</td><td>30</td></tr>\n    <tr><td>Main_Anchors</td><td>Superspar, Ackermans, Debonairs, Steers,  PEP</td></tr>\n    <tr><td>Parking_Total</td><td>150</td></tr>"},"_name":"Spar Centre - Belhar"}},{"type":"Feature","geometry":{"type":"Point","coordinates":[18.467626015039,-34.021412989232,0]},"properties":{"name":"Village Square - Plumstead","visibility":false,"description":{"@type":"html","value":"<br><br><br>\n    <table border=\"1\" padding=\"0\">\n    <tr><td>Shopping_Centre_Name</td><td>Village Square - Plumstead</td></tr>\n    <tr><td>Street_Address</td><td>Main Road</td></tr>\n    <tr><td>Street_Suburb</td><td>Plumstead</td></tr>\n    <tr><td>Street_City_or_Town</td><td>Cape Town</td></tr>\n    <tr><td>Street_Province_</td><td>Western Cape</td></tr>\n    <tr><td>Street_Country</td><td>South Africa</td></tr>\n    <tr><td>Core_Classification_ICSC</td><td>Local Convenience Centre</td></tr>\n    <tr><td>Classification_MD</td><td>Local Convenience Centre</td></tr>\n    <tr><td>Gross_Leasable_Floor_Area_in_sq</td><td>3000</td></tr>\n    <tr><td>Centre_Manager_Name</td><td>David Greve</td></tr>\n    <tr><td>Centre_Manager_Telephone</td><td>+2721 424 1210</td></tr>\n    <tr><td>Centre_Manager_Mobile</td><td>+2782 409 2251</td></tr>\n    <tr><td>Centre_Manager_Email</td><td>admin@daleglen.co.za</td></tr>\n    <tr><td>Shopping_Centre_Website</td><td></td></tr>\n    <tr><td>Type</td><td>Majors</td></tr>\n    <tr><td>Leasing_Company_Name</td><td>Daleglen Property Group (Pty) Ltd</td></tr>\n    <tr><td>Leasing_Manager_Name</td><td>Denise Bryer</td></tr>\n    <tr><td>Leasing_Manager_Telephone</td><td>+2721 424 1210</td></tr>\n    <tr><td>Leasing_Manager_Mobile</td><td></td></tr>\n    <tr><td>Marketing_Company_Name</td><td>Daleglen Property Group (Pty) Ltd</td></tr>\n    <tr><td>Owner</td><td>The Daleglen Trust</td></tr>\n    <tr><td>Name_of_Holding_Company</td><td></td></tr>\n    <tr><td>Name_of_Developer</td><td></td></tr>\n    <tr><td>Year_Developed</td><td>1989</td></tr>\n    <tr><td>Year_Last_Refurbished</td><td>0</td></tr>\n    <tr><td>No_of_Retail_Floors</td><td>2</td></tr>\n    <tr><td>Latest_Annual_Foot_Count</td><td>0</td></tr>\n    <tr><td>No_of_Shops</td><td>30</td></tr>\n    <tr><td>Main_Anchors</td><td>Clicks</td></tr>\n    <tr><td>Parking_Total</td><td>45</td></tr>"},"_name":"Village Square - Plumstead"}},{"type":"Feature","geometry":{"type":"Point","coordinates":[18.6380560078402,-33.914124000575,0]},"properties":{"name":"Kasselvlei Shopping Centre","visibility":false,"description":{"@type":"html","value":"<br><br><br>\n    <table border=\"1\" padding=\"0\">\n    <tr><td>Shopping_Centre_Name</td><td>Kasselvlei Shopping Centre</td></tr>\n    <tr><td>Street_Address</td><td>Kasselvlei Road</td></tr>\n    <tr><td>Street_Suburb</td><td>Bellville South</td></tr>\n    <tr><td>Street_City_or_Town</td><td>Bellville</td></tr>\n    <tr><td>Street_Province_</td><td>Western Cape</td></tr>\n    <tr><td>Street_Country</td><td>South Africa</td></tr>\n    <tr><td>Core_Classification_ICSC</td><td>Local Convenience Centre</td></tr>\n    <tr><td>Classification_MD</td><td>Local Convenience Centre</td></tr>\n    <tr><td>Gross_Leasable_Floor_Area_in_sq</td><td>3020</td></tr>\n    <tr><td>Centre_Manager_Name</td><td></td></tr>\n    <tr><td>Centre_Manager_Telephone</td><td></td></tr>\n    <tr><td>Centre_Manager_Mobile</td><td></td></tr>\n    <tr><td>Centre_Manager_Email</td><td></td></tr>\n    <tr><td>Shopping_Centre_Website</td><td>www.abreal.co.za</td></tr>\n    <tr><td>Type</td><td>Majors</td></tr>\n    <tr><td>Leasing_Company_Name</td><td>Abreal (Pty) Ltd</td></tr>\n    <tr><td>Leasing_Manager_Name</td><td>Margi Bezuidenhout</td></tr>\n    <tr><td>Leasing_Manager_Telephone</td><td>+2721 934 2074</td></tr>\n    <tr><td>Leasing_Manager_Mobile</td><td>+2783 654 0845</td></tr>\n    <tr><td>Marketing_Company_Name</td><td></td></tr>\n    <tr><td>Owner</td><td>Privately Owned</td></tr>\n    <tr><td>Name_of_Holding_Company</td><td></td></tr>\n    <tr><td>Name_of_Developer</td><td></td></tr>\n    <tr><td>Year_Developed</td><td>2010</td></tr>\n    <tr><td>Year_Last_Refurbished</td><td>0</td></tr>\n    <tr><td>No_of_Retail_Floors</td><td>1</td></tr>\n    <tr><td>Latest_Annual_Foot_Count</td><td>0</td></tr>\n    <tr><td>No_of_Shops</td><td>22</td></tr>\n    <tr><td>Main_Anchors</td><td>Spar</td></tr>\n    <tr><td>Parking_Total</td><td>0</td></tr>"},"_name":"Kasselvlei Shopping Centre"}},{"type":"Feature","geometry":{"type":"Point","coordinates":[18.5896010032816,-33.928190992707,0]},"properties":{"name":"Foodprop Centre - Cravenby","visibility":false,"description":{"@type":"html","value":"<br><br><br>\n    <table border=\"1\" padding=\"0\">\n    <tr><td>Shopping_Centre_Name</td><td>Foodprop Centre - Cravenby</td></tr>\n    <tr><td>Street_Address</td><td>Cnr Balvenie Avenue & Connaught Road</td></tr>\n    <tr><td>Street_Suburb</td><td>Cravenby</td></tr>\n    <tr><td>Street_City_or_Town</td><td>Elsies River</td></tr>\n    <tr><td>Street_Province_</td><td>Western Cape</td></tr>\n    <tr><td>Street_Country</td><td>South Africa</td></tr>\n    <tr><td>Core_Classification_ICSC</td><td>Local Convenience Centre</td></tr>\n    <tr><td>Classification_MD</td><td>Local Convenience Centre</td></tr>\n    <tr><td>Gross_Leasable_Floor_Area_in_sq</td><td>3095</td></tr>\n    <tr><td>Centre_Manager_Name</td><td>Nawaal Mukadem</td></tr>\n    <tr><td>Centre_Manager_Telephone</td><td>+2721 595 3000</td></tr>\n    <tr><td>Centre_Manager_Mobile</td><td></td></tr>\n    <tr><td>Centre_Manager_Email</td><td>info@fpggroup.co.za</td></tr>\n    <tr><td>Shopping_Centre_Website</td><td>www.fpggroup.co.za</td></tr>\n    <tr><td>Type</td><td>Majors</td></tr>\n    <tr><td>Leasing_Company_Name</td><td>Foodprop Property Holdings (Pty) Ltd</td></tr>\n    <tr><td>Leasing_Manager_Name</td><td>Nawaal Mukadem</td></tr>\n    <tr><td>Leasing_Manager_Telephone</td><td>+2721 595 3000</td></tr>\n    <tr><td>Leasing_Manager_Mobile</td><td></td></tr>\n    <tr><td>Marketing_Company_Name</td><td>FPG Holdings (Pty) Ltd</td></tr>\n    <tr><td>Owner</td><td>FPG Holdings (Pty) Ltd</td></tr>\n    <tr><td>Name_of_Holding_Company</td><td>Foodprop Property Holdings (Pty) Ltd</td></tr>\n    <tr><td>Name_of_Developer</td><td></td></tr>\n    <tr><td>Year_Developed</td><td>1990</td></tr>\n    <tr><td>Year_Last_Refurbished</td><td>0</td></tr>\n    <tr><td>No_of_Retail_Floors</td><td>1</td></tr>\n    <tr><td>Latest_Annual_Foot_Count</td><td>0</td></tr>\n    <tr><td>No_of_Shops</td><td>9</td></tr>\n    <tr><td>Main_Anchors</td><td>Shoprite, Pep</td></tr>\n    <tr><td>Parking_Total</td><td>50</td></tr>"},"_name":"Foodprop Centre - Cravenby"}},{"type":"Feature","geometry":{"type":"Point","coordinates":[18.4430999971336,-34.021099989342,0]},"properties":{"name":"Constantia Village Courtyard","visibility":false,"description":{"@type":"html","value":"<br><br><br>\n    <table border=\"1\" padding=\"0\">\n    <tr><td>Shopping_Centre_Name</td><td>Constantia Village Courtyard</td></tr>\n    <tr><td>Street_Address</td><td>Main Road</td></tr>\n    <tr><td>Street_Suburb</td><td>Constantia</td></tr>\n    <tr><td>Street_City_or_Town</td><td>Cape Town</td></tr>\n    <tr><td>Street_Province_</td><td>Western Cape</td></tr>\n    <tr><td>Street_Country</td><td>South Africa</td></tr>\n    <tr><td>Core_Classification_ICSC</td><td>Local Convenience Centre</td></tr>\n    <tr><td>Classification_MD</td><td>Local Convenience Centre</td></tr>\n    <tr><td>Gross_Leasable_Floor_Area_in_sq</td><td>3100</td></tr>\n    <tr><td>Centre_Manager_Name</td><td>Alan Williams</td></tr>\n    <tr><td>Centre_Manager_Telephone</td><td>+2721 797 2495</td></tr>\n    <tr><td>Centre_Manager_Mobile</td><td></td></tr>\n    <tr><td>Centre_Manager_Email</td><td>alan@lonepalm.co.za</td></tr>\n    <tr><td>Shopping_Centre_Website</td><td>www.constantiavillagecourtyard.co.za</td></tr>\n    <tr><td>Type</td><td>2 to 3</td></tr>\n    <tr><td>Leasing_Company_Name</td><td>Rosewill Properties (Pty) Ltd</td></tr>\n    <tr><td>Leasing_Manager_Name</td><td>Alan Williams</td></tr>\n    <tr><td>Leasing_Manager_Telephone</td><td>+2721 797 2495</td></tr>\n    <tr><td>Leasing_Manager_Mobile</td><td></td></tr>\n    <tr><td>Marketing_Company_Name</td><td>Rosewill Properties (Pty) Ltd</td></tr>\n    <tr><td>Owner</td><td>Constantia Courtyard  (Pty) Ltd</td></tr>\n    <tr><td>Name_of_Holding_Company</td><td></td></tr>\n    <tr><td>Name_of_Developer</td><td></td></tr>\n    <tr><td>Year_Developed</td><td>1999</td></tr>\n    <tr><td>Year_Last_Refurbished</td><td>2011</td></tr>\n    <tr><td>No_of_Retail_Floors</td><td>2</td></tr>\n    <tr><td>Latest_Annual_Foot_Count</td><td>0</td></tr>\n    <tr><td>No_of_Shops</td><td>18</td></tr>\n    <tr><td>Main_Anchors</td><td>Clicks</td></tr>\n    <tr><td>Parking_Total</td><td>0</td></tr>"},"_name":"Constantia Village Courtyard"}},{"type":"Feature","geometry":{"type":"Point","coordinates":[18.5078899842322,-33.813659998165,0]},"properties":{"name":"Parklands Junction Shopping Centre","visibility":false,"description":{"@type":"html","value":"<br><br><br>\n    <table border=\"1\" padding=\"0\">\n    <tr><td>Shopping_Centre_Name</td><td>Parklands Junction Shopping Centre</td></tr>\n    <tr><td>Street_Address</td><td>Cnr Parklands Main Road & Wood Drive</td></tr>\n    <tr><td>Street_Suburb</td><td>Parklands</td></tr>\n    <tr><td>Street_City_or_Town</td><td>Cape Town</td></tr>\n    <tr><td>Street_Province_</td><td>Western Cape</td></tr>\n    <tr><td>Street_Country</td><td>South Africa</td></tr>\n    <tr><td>Core_Classification_ICSC</td><td>Local Convenience Centre</td></tr>\n    <tr><td>Classification_MD</td><td>Local Convenience Centre</td></tr>\n    <tr><td>Gross_Leasable_Floor_Area_in_sq</td><td>3348</td></tr>\n    <tr><td>Centre_Manager_Name</td><td>Pointbreak Investment Management</td></tr>\n    <tr><td>Centre_Manager_Telephone</td><td>+2721 912 4000</td></tr>\n    <tr><td>Centre_Manager_Mobile</td><td></td></tr>\n    <tr><td>Centre_Manager_Email</td><td>melissa@pointbreak.co.za</td></tr>\n    <tr><td>Shopping_Centre_Website</td><td></td></tr>\n    <tr><td>Type</td><td>Single Centres</td></tr>\n    <tr><td>Leasing_Company_Name</td><td>Pointbreak Investment Management</td></tr>\n    <tr><td>Leasing_Manager_Name</td><td></td></tr>\n    <tr><td>Leasing_Manager_Telephone</td><td>+2721 912 4000</td></tr>\n    <tr><td>Leasing_Manager_Mobile</td><td></td></tr>\n    <tr><td>Marketing_Company_Name</td><td>Mustard Seed</td></tr>\n    <tr><td>Owner</td><td>Landotrim (Pty) Ltd</td></tr>\n    <tr><td>Name_of_Holding_Company</td><td></td></tr>\n    <tr><td>Name_of_Developer</td><td></td></tr>\n    <tr><td>Year_Developed</td><td>2006</td></tr>\n    <tr><td>Year_Last_Refurbished</td><td>0</td></tr>\n    <tr><td>No_of_Retail_Floors</td><td>1</td></tr>\n    <tr><td>Latest_Annual_Foot_Count</td><td>0</td></tr>\n    <tr><td>No_of_Shops</td><td>18</td></tr>\n    <tr><td>Main_Anchors</td><td>Woolworths</td></tr>\n    <tr><td>Parking_Total</td><td>0</td></tr>"},"_name":"Parklands Junction Shopping Centre"}},{"type":"Feature","geometry":{"type":"Point","coordinates":[18.476576013163,-34.075645008314,0]},"properties":{"name":"Foodprop Centre - Steenberg","visibility":false,"description":{"@type":"html","value":"<br><br><br>\n    <table border=\"1\" padding=\"0\">\n    <tr><td>Shopping_Centre_Name</td><td>Foodprop Centre - Steenberg</td></tr>\n    <tr><td>Street_Address</td><td>Military Road</td></tr>\n    <tr><td>Street_Suburb</td><td>Steenberg</td></tr>\n    <tr><td>Street_City_or_Town</td><td>Cape Town</td></tr>\n    <tr><td>Street_Province_</td><td>Western Cape</td></tr>\n    <tr><td>Street_Country</td><td>South Africa</td></tr>\n    <tr><td>Core_Classification_ICSC</td><td>Local Convenience Centre</td></tr>\n    <tr><td>Classification_MD</td><td>Local Convenience Centre</td></tr>\n    <tr><td>Gross_Leasable_Floor_Area_in_sq</td><td>3356</td></tr>\n    <tr><td>Centre_Manager_Name</td><td>Adnan Chogle</td></tr>\n    <tr><td>Centre_Manager_Telephone</td><td>+2721 595 3000</td></tr>\n    <tr><td>Centre_Manager_Mobile</td><td></td></tr>\n    <tr><td>Centre_Manager_Email</td><td>info@fpggroup.co.za</td></tr>\n    <tr><td>Shopping_Centre_Website</td><td>www.fpggroup.co.za</td></tr>\n    <tr><td>Type</td><td>Majors</td></tr>\n    <tr><td>Leasing_Company_Name</td><td>Foodprop Property Holdings (Pty) Ltd</td></tr>\n    <tr><td>Leasing_Manager_Name</td><td>Adnan Chogle</td></tr>\n    <tr><td>Leasing_Manager_Telephone</td><td>+2721 595 3000</td></tr>\n    <tr><td>Leasing_Manager_Mobile</td><td></td></tr>\n    <tr><td>Marketing_Company_Name</td><td>FPG Holdings (Pty) Ltd</td></tr>\n    <tr><td>Owner</td><td>FPG Holdings (Pty) Ltd</td></tr>\n    <tr><td>Name_of_Holding_Company</td><td>Foodprop Property Holdings (Pty) Ltd</td></tr>\n    <tr><td>Name_of_Developer</td><td></td></tr>\n    <tr><td>Year_Developed</td><td>2005</td></tr>\n    <tr><td>Year_Last_Refurbished</td><td>0</td></tr>\n    <tr><td>No_of_Retail_Floors</td><td>1</td></tr>\n    <tr><td>Latest_Annual_Foot_Count</td><td>0</td></tr>\n    <tr><td>No_of_Shops</td><td>11</td></tr>\n    <tr><td>Main_Anchors</td><td>Shoprite, Pie City</td></tr>\n    <tr><td>Parking_Total</td><td>60</td></tr>"},"_name":"Foodprop Centre - Steenberg"}},{"type":"Feature","geometry":{"type":"Point","coordinates":[18.4640140023034,-33.971301991658,0]},"properties":{"name":"Dean Street Arcade","visibility":false,"description":{"@type":"html","value":"<br><br><br>\n    <table border=\"1\" padding=\"0\">\n    <tr><td>Shopping_Centre_Name</td><td>Dean Street Arcade</td></tr>\n    <tr><td>Street_Address</td><td>Cnr Main & Dean Streets</td></tr>\n    <tr><td>Street_Suburb</td><td>Rondebosch</td></tr>\n    <tr><td>Street_City_or_Town</td><td>Cape Town</td></tr>\n    <tr><td>Street_Province_</td><td>Western Cape</td></tr>\n    <tr><td>Street_Country</td><td>South Africa</td></tr>\n    <tr><td>Core_Classification_ICSC</td><td>Local Convenience Centre</td></tr>\n    <tr><td>Classification_MD</td><td>Local Convenience Centre</td></tr>\n    <tr><td>Gross_Leasable_Floor_Area_in_sq</td><td>3367</td></tr>\n    <tr><td>Centre_Manager_Name</td><td></td></tr>\n    <tr><td>Centre_Manager_Telephone</td><td></td></tr>\n    <tr><td>Centre_Manager_Mobile</td><td></td></tr>\n    <tr><td>Centre_Manager_Email</td><td></td></tr>\n    <tr><td>Shopping_Centre_Website</td><td></td></tr>\n    <tr><td>Type</td><td></td></tr>\n    <tr><td>Leasing_Company_Name</td><td>TCI Group (Pty) Ltd</td></tr>\n    <tr><td>Leasing_Manager_Name</td><td>Teresa Thompson</td></tr>\n    <tr><td>Leasing_Manager_Telephone</td><td>+2721 683 5516</td></tr>\n    <tr><td>Leasing_Manager_Mobile</td><td></td></tr>\n    <tr><td>Marketing_Company_Name</td><td></td></tr>\n    <tr><td>Owner</td><td>Colin Hibbert</td></tr>\n    <tr><td>Name_of_Holding_Company</td><td></td></tr>\n    <tr><td>Name_of_Developer</td><td></td></tr>\n    <tr><td>Year_Developed</td><td>2001</td></tr>\n    <tr><td>Year_Last_Refurbished</td><td>0</td></tr>\n    <tr><td>No_of_Retail_Floors</td><td>1</td></tr>\n    <tr><td>Latest_Annual_Foot_Count</td><td>0</td></tr>\n    <tr><td>No_of_Shops</td><td>18</td></tr>\n    <tr><td>Main_Anchors</td><td>Woolworths</td></tr>\n    <tr><td>Parking_Total</td><td>102</td></tr>"},"_name":"Dean Street Arcade"}},{"type":"Feature","geometry":{"type":"Point","coordinates":[18.6801000079018,-33.926800012731,0]},"properties":{"name":"Aroma Centre","visibility":false,"description":{"@type":"html","value":"<br><br><br>\n    <table border=\"1\" padding=\"0\">\n    <tr><td>Shopping_Centre_Name</td><td>Aroma Centre</td></tr>\n    <tr><td>Street_Address</td><td>Van Riebeek Road</td></tr>\n    <tr><td>Street_Suburb</td><td>Kuils River</td></tr>\n    <tr><td>Street_City_or_Town</td><td>Kuils River</td></tr>\n    <tr><td>Street_Province_</td><td>Western Cape</td></tr>\n    <tr><td>Street_Country</td><td>South Africa</td></tr>\n    <tr><td>Core_Classification_ICSC</td><td>Local Convenience Centre</td></tr>\n    <tr><td>Classification_MD</td><td>Local Convenience Centre</td></tr>\n    <tr><td>Gross_Leasable_Floor_Area_in_sq</td><td>3370</td></tr>\n    <tr><td>Centre_Manager_Name</td><td></td></tr>\n    <tr><td>Centre_Manager_Telephone</td><td></td></tr>\n    <tr><td>Centre_Manager_Mobile</td><td></td></tr>\n    <tr><td>Centre_Manager_Email</td><td></td></tr>\n    <tr><td>Shopping_Centre_Website</td><td></td></tr>\n    <tr><td>Type</td><td></td></tr>\n    <tr><td>Leasing_Company_Name</td><td>Don Niewald</td></tr>\n    <tr><td>Leasing_Manager_Name</td><td>Stephan Pretorius</td></tr>\n    <tr><td>Leasing_Manager_Telephone</td><td>+2728 312 1804</td></tr>\n    <tr><td>Leasing_Manager_Mobile</td><td>+2782 312 1804</td></tr>\n    <tr><td>Marketing_Company_Name</td><td></td></tr>\n    <tr><td>Owner</td><td>Eight Mile Investments (Pty) Ltd</td></tr>\n    <tr><td>Name_of_Holding_Company</td><td></td></tr>\n    <tr><td>Name_of_Developer</td><td></td></tr>\n    <tr><td>Year_Developed</td><td>1994</td></tr>\n    <tr><td>Year_Last_Refurbished</td><td>2003</td></tr>\n    <tr><td>No_of_Retail_Floors</td><td>1</td></tr>\n    <tr><td>Latest_Annual_Foot_Count</td><td>0</td></tr>\n    <tr><td>No_of_Shops</td><td>9</td></tr>\n    <tr><td>Main_Anchors</td><td>Spar, Tops</td></tr>\n    <tr><td>Parking_Total</td><td>100</td></tr>"},"_name":"Aroma Centre"}},{"type":"Feature","geometry":{"type":"Point","coordinates":[18.8209000200442,-34.084199998962,0]},"properties":{"name":"Somerset West Retail Node: 8. The Flags @ Circle 5","visibility":false,"description":{"@type":"html","value":"<br><br><br>\n    <table border=\"1\" padding=\"0\">\n    <tr><td>Shopping_Centre_Name</td><td>Somerset West Retail Node: 8. The Flags @ Circle 5</td></tr>\n    <tr><td>Street_Address</td><td>Cnr Centenary Drive / Liebenberg Road</td></tr>\n    <tr><td>Street_Suburb</td><td>Somerset Mall Precinct</td></tr>\n    <tr><td>Street_City_or_Town</td><td>Somerset West</td></tr>\n    <tr><td>Street_Province_</td><td>Western Cape</td></tr>\n    <tr><td>Street_Country</td><td>South Africa</td></tr>\n    <tr><td>Core_Classification_ICSC</td><td>Local Convenience Centre</td></tr>\n    <tr><td>Classification_MD</td><td>Part of Super Regional Node</td></tr>\n    <tr><td>Gross_Leasable_Floor_Area_in_sq</td><td>3405</td></tr>\n    <tr><td>Centre_Manager_Name</td><td>Tony Cowie</td></tr>\n    <tr><td>Centre_Manager_Telephone</td><td></td></tr>\n    <tr><td>Centre_Manager_Mobile</td><td>+2772 551 5284</td></tr>\n    <tr><td>Centre_Manager_Email</td><td>tonycowie3@gmail.com</td></tr>\n    <tr><td>Shopping_Centre_Website</td><td></td></tr>\n    <tr><td>Type</td><td>Majors</td></tr>\n    <tr><td>Leasing_Company_Name</td><td>Moolman Group (Pty) Ltd</td></tr>\n    <tr><td>Leasing_Manager_Name</td><td>Ennerine Brits</td></tr>\n    <tr><td>Leasing_Manager_Telephone</td><td>+2712 361 7970</td></tr>\n    <tr><td>Leasing_Manager_Mobile</td><td></td></tr>\n    <tr><td>Marketing_Company_Name</td><td></td></tr>\n    <tr><td>Owner</td><td>Defensive Play Properties 14 (Pty) Ltd</td></tr>\n    <tr><td>Name_of_Holding_Company</td><td></td></tr>\n    <tr><td>Name_of_Developer</td><td>Moolman Group of Companies</td></tr>\n    <tr><td>Year_Developed</td><td>2009</td></tr>\n    <tr><td>Year_Last_Refurbished</td><td>0</td></tr>\n    <tr><td>No_of_Retail_Floors</td><td>2</td></tr>\n    <tr><td>Latest_Annual_Foot_Count</td><td>0</td></tr>\n    <tr><td>No_of_Shops</td><td>8</td></tr>\n    <tr><td>Main_Anchors</td><td>Small shops</td></tr>\n    <tr><td>Parking_Total</td><td>0</td></tr>"},"_name":"Somerset West Retail Node: 8. The Flags @ Circle 5"}},{"type":"Feature","geometry":{"type":"Point","coordinates":[18.6497280032656,-33.829448006305,0]},"properties":{"name":"Durbanville Village Walk","visibility":false,"description":{"@type":"html","value":"<br><br><br>\n    <table border=\"1\" padding=\"0\">\n    <tr><td>Shopping_Centre_Name</td><td>Durbanville Village Walk</td></tr>\n    <tr><td>Street_Address</td><td>Wellington Road</td></tr>\n    <tr><td>Street_Suburb</td><td>Central</td></tr>\n    <tr><td>Street_City_or_Town</td><td>Durbanville</td></tr>\n    <tr><td>Street_Province_</td><td>Western Cape</td></tr>\n    <tr><td>Street_Country</td><td>South Africa</td></tr>\n    <tr><td>Core_Classification_ICSC</td><td>Local Convenience Centre</td></tr>\n    <tr><td>Classification_MD</td><td>Local Convenience Centre</td></tr>\n    <tr><td>Gross_Leasable_Floor_Area_in_sq</td><td>3500</td></tr>\n    <tr><td>Centre_Manager_Name</td><td>Johan Botha</td></tr>\n    <tr><td>Centre_Manager_Telephone</td><td>+2721 872 3832</td></tr>\n    <tr><td>Centre_Manager_Mobile</td><td>+2782 805 1095</td></tr>\n    <tr><td>Centre_Manager_Email</td><td>johanbotha@mweb.co.za</td></tr>\n    <tr><td>Shopping_Centre_Website</td><td></td></tr>\n    <tr><td>Type</td><td></td></tr>\n    <tr><td>Leasing_Company_Name</td><td>Village Walk Property (Pty) Ltd</td></tr>\n    <tr><td>Leasing_Manager_Name</td><td>Johan Botha</td></tr>\n    <tr><td>Leasing_Manager_Telephone</td><td>+2721 872 3832</td></tr>\n    <tr><td>Leasing_Manager_Mobile</td><td>+2782 805 1095</td></tr>\n    <tr><td>Marketing_Company_Name</td><td></td></tr>\n    <tr><td>Owner</td><td>Village Walk Property (Pty) Ltd</td></tr>\n    <tr><td>Name_of_Holding_Company</td><td>Estantia Holding 1990 (Pty) Ltd</td></tr>\n    <tr><td>Name_of_Developer</td><td></td></tr>\n    <tr><td>Year_Developed</td><td>2004</td></tr>\n    <tr><td>Year_Last_Refurbished</td><td>2011</td></tr>\n    <tr><td>No_of_Retail_Floors</td><td>2</td></tr>\n    <tr><td>Latest_Annual_Foot_Count</td><td>0</td></tr>\n    <tr><td>No_of_Shops</td><td>9</td></tr>\n    <tr><td>Main_Anchors</td><td>Bella Belotta, Bossa-Nova, Capitec Bank</td></tr>\n    <tr><td>Parking_Total</td><td>111</td></tr>"},"_name":"Durbanville Village Walk"}},{"type":"Feature","geometry":{"type":"Point","coordinates":[18.6328190067646,-33.876730011636,0]},"properties":{"name":"Sportsmans Warehouse","visibility":false,"description":{"@type":"html","value":"<br><br><br>\n    <table border=\"1\" padding=\"0\">\n    <tr><td>Shopping_Centre_Name</td><td>Sportsmans Warehouse</td></tr>\n    <tr><td>Street_Address</td><td>Bill Bezuidenhout Avenue</td></tr>\n    <tr><td>Street_Suburb</td><td>Tyger Valley</td></tr>\n    <tr><td>Street_City_or_Town</td><td>Bellville</td></tr>\n    <tr><td>Street_Province_</td><td>Western Cape</td></tr>\n    <tr><td>Street_Country</td><td>South Africa</td></tr>\n    <tr><td>Core_Classification_ICSC</td><td>Local Convenience Centre</td></tr>\n    <tr><td>Classification_MD</td><td>Local Convenience Centre</td></tr>\n    <tr><td>Gross_Leasable_Floor_Area_in_sq</td><td>3503</td></tr>\n    <tr><td>Centre_Manager_Name</td><td>James Mason</td></tr>\n    <tr><td>Centre_Manager_Telephone</td><td>+2721 673 8454</td></tr>\n    <tr><td>Centre_Manager_Mobile</td><td>+2784 511 6041</td></tr>\n    <tr><td>Centre_Manager_Email</td><td>adilima@growthpoint.co.za</td></tr>\n    <tr><td>Shopping_Centre_Website</td><td></td></tr>\n    <tr><td>Type</td><td>Majors</td></tr>\n    <tr><td>Leasing_Company_Name</td><td>Growthpoint Management Services (Pty) Ltd</td></tr>\n    <tr><td>Leasing_Manager_Name</td><td>Amanda Dilima</td></tr>\n    <tr><td>Leasing_Manager_Telephone</td><td>+2721 674 8454</td></tr>\n    <tr><td>Leasing_Manager_Mobile</td><td>+2783 625 2488</td></tr>\n    <tr><td>Marketing_Company_Name</td><td>Growthpoint Management Services (Pty) Ltd</td></tr>\n    <tr><td>Owner</td><td>Paramount Property Fund Ltd</td></tr>\n    <tr><td>Name_of_Holding_Company</td><td>Growthpoint Properties Ltd</td></tr>\n    <tr><td>Name_of_Developer</td><td></td></tr>\n    <tr><td>Year_Developed</td><td>0</td></tr>\n    <tr><td>Year_Last_Refurbished</td><td>0</td></tr>\n    <tr><td>No_of_Retail_Floors</td><td>1</td></tr>\n    <tr><td>Latest_Annual_Foot_Count</td><td>0</td></tr>\n    <tr><td>No_of_Shops</td><td>2</td></tr>\n    <tr><td>Main_Anchors</td><td>Sportsman's Warehouse, Mr Price Sport</td></tr>\n    <tr><td>Parking_Total</td><td>128</td></tr>"},"_name":"Sportsmans Warehouse"}},{"type":"Feature","geometry":{"type":"Point","coordinates":[18.4314579890242,-34.138266986965,0]},"properties":{"name":"Town Square -  Fish Hoek","visibility":false,"description":{"@type":"html","value":"<br><br><br>\n    <table border=\"1\" padding=\"0\">\n    <tr><td>Shopping_Centre_Name</td><td>Town Square -  Fish Hoek</td></tr>\n    <tr><td>Street_Address</td><td>Main Road</td></tr>\n    <tr><td>Street_Suburb</td><td>Fish Hoek</td></tr>\n    <tr><td>Street_City_or_Town</td><td>Cape Town</td></tr>\n    <tr><td>Street_Province_</td><td>Western Cape</td></tr>\n    <tr><td>Street_Country</td><td>South Africa</td></tr>\n    <tr><td>Core_Classification_ICSC</td><td>Local Convenience Centre</td></tr>\n    <tr><td>Classification_MD</td><td>Local Convenience Centre</td></tr>\n    <tr><td>Gross_Leasable_Floor_Area_in_sq</td><td>3519</td></tr>\n    <tr><td>Centre_Manager_Name</td><td></td></tr>\n    <tr><td>Centre_Manager_Telephone</td><td></td></tr>\n    <tr><td>Centre_Manager_Mobile</td><td></td></tr>\n    <tr><td>Centre_Manager_Email</td><td></td></tr>\n    <tr><td>Shopping_Centre_Website</td><td></td></tr>\n    <tr><td>Type</td><td>Majors</td></tr>\n    <tr><td>Leasing_Company_Name</td><td>Rennie Property Management (Pty) Ltd</td></tr>\n    <tr><td>Leasing_Manager_Name</td><td>Gascon Human</td></tr>\n    <tr><td>Leasing_Manager_Telephone</td><td>+2721 418 1550</td></tr>\n    <tr><td>Leasing_Manager_Mobile</td><td></td></tr>\n    <tr><td>Marketing_Company_Name</td><td></td></tr>\n    <tr><td>Owner</td><td>Divprop6 (Pty) Ltd</td></tr>\n    <tr><td>Name_of_Holding_Company</td><td></td></tr>\n    <tr><td>Name_of_Developer</td><td></td></tr>\n    <tr><td>Year_Developed</td><td>1998</td></tr>\n    <tr><td>Year_Last_Refurbished</td><td>0</td></tr>\n    <tr><td>No_of_Retail_Floors</td><td>1</td></tr>\n    <tr><td>Latest_Annual_Foot_Count</td><td>0</td></tr>\n    <tr><td>No_of_Shops</td><td>21</td></tr>\n    <tr><td>Main_Anchors</td><td>Woolworths</td></tr>\n    <tr><td>Parking_Total</td><td>100</td></tr>"},"_name":"Town Square -  Fish Hoek"}},{"type":"Feature","geometry":{"type":"Point","coordinates":[18.4320790101292,-34.135342989495,0]},"properties":{"name":"54 Main Road","visibility":false,"description":{"@type":"html","value":"<br><br><br>\n    <table border=\"1\" padding=\"0\">\n    <tr><td>Shopping_Centre_Name</td><td>54 Main Road</td></tr>\n    <tr><td>Street_Address</td><td>Main Road</td></tr>\n    <tr><td>Street_Suburb</td><td>Fish Hoek</td></tr>\n    <tr><td>Street_City_or_Town</td><td>Cape Town</td></tr>\n    <tr><td>Street_Province_</td><td>Western Cape</td></tr>\n    <tr><td>Street_Country</td><td>South Africa</td></tr>\n    <tr><td>Core_Classification_ICSC</td><td>Local Convenience Centre</td></tr>\n    <tr><td>Classification_MD</td><td>Local Convenience Centre</td></tr>\n    <tr><td>Gross_Leasable_Floor_Area_in_sq</td><td>3617</td></tr>\n    <tr><td>Centre_Manager_Name</td><td></td></tr>\n    <tr><td>Centre_Manager_Telephone</td><td></td></tr>\n    <tr><td>Centre_Manager_Mobile</td><td></td></tr>\n    <tr><td>Centre_Manager_Email</td><td></td></tr>\n    <tr><td>Shopping_Centre_Website</td><td></td></tr>\n    <tr><td>Type</td><td></td></tr>\n    <tr><td>Leasing_Company_Name</td><td>Heriot Properties (Pty) Ltd</td></tr>\n    <tr><td>Leasing_Manager_Name</td><td>Hannetjie Ludick</td></tr>\n    <tr><td>Leasing_Manager_Telephone</td><td>+2711 684 1570</td></tr>\n    <tr><td>Leasing_Manager_Mobile</td><td></td></tr>\n    <tr><td>Marketing_Company_Name</td><td></td></tr>\n    <tr><td>Owner</td><td>In Process of Transfer</td></tr>\n    <tr><td>Name_of_Holding_Company</td><td></td></tr>\n    <tr><td>Name_of_Developer</td><td></td></tr>\n    <tr><td>Year_Developed</td><td>0</td></tr>\n    <tr><td>Year_Last_Refurbished</td><td>0</td></tr>\n    <tr><td>No_of_Retail_Floors</td><td>1</td></tr>\n    <tr><td>Latest_Annual_Foot_Count</td><td>0</td></tr>\n    <tr><td>No_of_Shops</td><td>1</td></tr>\n    <tr><td>Main_Anchors</td><td>Shoprite</td></tr>\n    <tr><td>Parking_Total</td><td>211</td></tr>"},"_name":"54 Main Road"}},{"type":"Feature","geometry":{"type":"Point","coordinates":[18.4688000184604,-34.10630000171,0]},"properties":{"name":"Checkers Centre - Muizenberg","visibility":false,"description":{"@type":"html","value":"<br><br><br>\n    <table border=\"1\" padding=\"0\">\n    <tr><td>Shopping_Centre_Name</td><td>Checkers Centre - Muizenberg</td></tr>\n    <tr><td>Street_Address</td><td>Cnr Main & Atlantic Roads</td></tr>\n    <tr><td>Street_Suburb</td><td>Muizenberg</td></tr>\n    <tr><td>Street_City_or_Town</td><td>Cape Town</td></tr>\n    <tr><td>Street_Province_</td><td>Western Cape</td></tr>\n    <tr><td>Street_Country</td><td>South Africa</td></tr>\n    <tr><td>Core_Classification_ICSC</td><td>Local Convenience Centre</td></tr>\n    <tr><td>Classification_MD</td><td>Local Convenience Centre</td></tr>\n    <tr><td>Gross_Leasable_Floor_Area_in_sq</td><td>3673</td></tr>\n    <tr><td>Centre_Manager_Name</td><td></td></tr>\n    <tr><td>Centre_Manager_Telephone</td><td></td></tr>\n    <tr><td>Centre_Manager_Mobile</td><td></td></tr>\n    <tr><td>Centre_Manager_Email</td><td></td></tr>\n    <tr><td>Shopping_Centre_Website</td><td></td></tr>\n    <tr><td>Type</td><td></td></tr>\n    <tr><td>Leasing_Company_Name</td><td>Spire Property Management (Pty) Ltd</td></tr>\n    <tr><td>Leasing_Manager_Name</td><td>Sarah Swabey</td></tr>\n    <tr><td>Leasing_Manager_Telephone</td><td>+2721 685 4020</td></tr>\n    <tr><td>Leasing_Manager_Mobile</td><td></td></tr>\n    <tr><td>Marketing_Company_Name</td><td>Spire Property Management (Pty) Ltd</td></tr>\n    <tr><td>Owner</td><td>Shoprite Checkers (Pty) Ltd</td></tr>\n    <tr><td>Name_of_Holding_Company</td><td>Cubisol Investments</td></tr>\n    <tr><td>Name_of_Developer</td><td>David Newham Property Group</td></tr>\n    <tr><td>Year_Developed</td><td>0</td></tr>\n    <tr><td>Year_Last_Refurbished</td><td>2007</td></tr>\n    <tr><td>No_of_Retail_Floors</td><td>1</td></tr>\n    <tr><td>Latest_Annual_Foot_Count</td><td>0</td></tr>\n    <tr><td>No_of_Shops</td><td>13</td></tr>\n    <tr><td>Main_Anchors</td><td>Checkers</td></tr>\n    <tr><td>Parking_Total</td><td>0</td></tr>"},"_name":"Checkers Centre - Muizenberg"}},{"type":"Feature","geometry":{"type":"Point","coordinates":[18.3882010020304,-33.917879999255,0]},"properties":{"name":"Piazza St. John","visibility":false,"description":{"@type":"html","value":"<br><br><br>\n    <table border=\"1\" padding=\"0\">\n    <tr><td>Shopping_Centre_Name</td><td>Piazza St. John</td></tr>\n    <tr><td>Street_Address</td><td>Main Road</td></tr>\n    <tr><td>Street_Suburb</td><td>Sea Point</td></tr>\n    <tr><td>Street_City_or_Town</td><td>Cape Town</td></tr>\n    <tr><td>Street_Province_</td><td>Western Cape</td></tr>\n    <tr><td>Street_Country</td><td>South Africa</td></tr>\n    <tr><td>Core_Classification_ICSC</td><td>Local Convenience Centre</td></tr>\n    <tr><td>Classification_MD</td><td>Local Convenience Centre</td></tr>\n    <tr><td>Gross_Leasable_Floor_Area_in_sq</td><td>3729</td></tr>\n    <tr><td>Centre_Manager_Name</td><td>Terrance Abrahams</td></tr>\n    <tr><td>Centre_Manager_Telephone</td><td>+2721 424 1210</td></tr>\n    <tr><td>Centre_Manager_Mobile</td><td>+2782 878 9241</td></tr>\n    <tr><td>Centre_Manager_Email</td><td>admin@daleglen.co.za</td></tr>\n    <tr><td>Shopping_Centre_Website</td><td></td></tr>\n    <tr><td>Type</td><td>Majors</td></tr>\n    <tr><td>Leasing_Company_Name</td><td>Daleglen Property Group (Pty) Ltd</td></tr>\n    <tr><td>Leasing_Manager_Name</td><td>Denise Bryer</td></tr>\n    <tr><td>Leasing_Manager_Telephone</td><td>+2721 424 1210</td></tr>\n    <tr><td>Leasing_Manager_Mobile</td><td></td></tr>\n    <tr><td>Marketing_Company_Name</td><td>Daleglen Property Group (Pty) Ltd</td></tr>\n    <tr><td>Owner</td><td>Nedglen Property Development (Pty) Ltd</td></tr>\n    <tr><td>Name_of_Holding_Company</td><td>Nedglen Property Development (Pty) Ltd</td></tr>\n    <tr><td>Name_of_Developer</td><td>Nedplan Property Development (Pty) Ltd</td></tr>\n    <tr><td>Year_Developed</td><td>2004</td></tr>\n    <tr><td>Year_Last_Refurbished</td><td>2005</td></tr>\n    <tr><td>No_of_Retail_Floors</td><td>2</td></tr>\n    <tr><td>Latest_Annual_Foot_Count</td><td>0</td></tr>\n    <tr><td>No_of_Shops</td><td>40</td></tr>\n    <tr><td>Main_Anchors</td><td>Woolworths Foods, Ocean Basket, Vida e Caffé</td></tr>\n    <tr><td>Parking_Total</td><td>200</td></tr>"},"_name":"Piazza St. John"}},{"type":"Feature","geometry":{"type":"Point","coordinates":[18.4795300069294,-33.990064008268,0]},"properties":{"name":"Rosmead Shopping Centre","visibility":false,"description":{"@type":"html","value":"<br><br><br>\n    <table border=\"1\" padding=\"0\">\n    <tr><td>Shopping_Centre_Name</td><td>Rosmead Shopping Centre</td></tr>\n    <tr><td>Street_Address</td><td>Rosmead Avenue</td></tr>\n    <tr><td>Street_Suburb</td><td>Kenilworth</td></tr>\n    <tr><td>Street_City_or_Town</td><td>Cape Town</td></tr>\n    <tr><td>Street_Province_</td><td>Western Cape</td></tr>\n    <tr><td>Street_Country</td><td>South Africa</td></tr>\n    <tr><td>Core_Classification_ICSC</td><td>Local Convenience Centre</td></tr>\n    <tr><td>Classification_MD</td><td>Local Convenience Centre</td></tr>\n    <tr><td>Gross_Leasable_Floor_Area_in_sq</td><td>3785</td></tr>\n    <tr><td>Centre_Manager_Name</td><td>Janet Wishnia</td></tr>\n    <tr><td>Centre_Manager_Telephone</td><td>+2721 550 7000</td></tr>\n    <tr><td>Centre_Manager_Mobile</td><td>+2783 379 1232</td></tr>\n    <tr><td>Centre_Manager_Email</td><td>janet@rabie.co.za</td></tr>\n    <tr><td>Shopping_Centre_Website</td><td></td></tr>\n    <tr><td>Type</td><td>Majors</td></tr>\n    <tr><td>Leasing_Company_Name</td><td>Rabie Property Administrators (Pty) Ltd</td></tr>\n    <tr><td>Leasing_Manager_Name</td><td>Janet Wishnia</td></tr>\n    <tr><td>Leasing_Manager_Telephone</td><td>+2721 550 7000</td></tr>\n    <tr><td>Leasing_Manager_Mobile</td><td>+2783 379 1232</td></tr>\n    <tr><td>Marketing_Company_Name</td><td></td></tr>\n    <tr><td>Owner</td><td>Rosmead Joint Venture</td></tr>\n    <tr><td>Name_of_Holding_Company</td><td></td></tr>\n    <tr><td>Name_of_Developer</td><td>Barprop Ltd</td></tr>\n    <tr><td>Year_Developed</td><td>1997</td></tr>\n    <tr><td>Year_Last_Refurbished</td><td>0</td></tr>\n    <tr><td>No_of_Retail_Floors</td><td>1</td></tr>\n    <tr><td>Latest_Annual_Foot_Count</td><td>0</td></tr>\n    <tr><td>No_of_Shops</td><td>7</td></tr>\n    <tr><td>Main_Anchors</td><td>Spar</td></tr>\n    <tr><td>Parking_Total</td><td>189</td></tr>"},"_name":"Rosmead Shopping Centre"}},{"type":"Feature","geometry":{"type":"Point","coordinates":[18.3587000073538,-34.044600012718,0]},"properties":{"name":"Checkers Centre - Hout Bay","visibility":false,"description":{"@type":"html","value":"<br><br><br>\n    <table border=\"1\" padding=\"0\">\n    <tr><td>Shopping_Centre_Name</td><td>Checkers Centre - Hout Bay</td></tr>\n    <tr><td>Street_Address</td><td>Milkwood Crescent</td></tr>\n    <tr><td>Street_Suburb</td><td>Hout Bay</td></tr>\n    <tr><td>Street_City_or_Town</td><td>Cape Town</td></tr>\n    <tr><td>Street_Province_</td><td>Western Cape</td></tr>\n    <tr><td>Street_Country</td><td>South Africa</td></tr>\n    <tr><td>Core_Classification_ICSC</td><td>Local Convenience Centre</td></tr>\n    <tr><td>Classification_MD</td><td>Local Convenience Centre</td></tr>\n    <tr><td>Gross_Leasable_Floor_Area_in_sq</td><td>3793</td></tr>\n    <tr><td>Centre_Manager_Name</td><td>André Mouton</td></tr>\n    <tr><td>Centre_Manager_Telephone</td><td></td></tr>\n    <tr><td>Centre_Manager_Mobile</td><td>+2783 444 5928</td></tr>\n    <tr><td>Centre_Manager_Email</td><td>andre@mpbb.co.za</td></tr>\n    <tr><td>Shopping_Centre_Website</td><td></td></tr>\n    <tr><td>Type</td><td>Majors</td></tr>\n    <tr><td>Leasing_Company_Name</td><td>MPBB Properties</td></tr>\n    <tr><td>Leasing_Manager_Name</td><td>André Mouton</td></tr>\n    <tr><td>Leasing_Manager_Telephone</td><td></td></tr>\n    <tr><td>Leasing_Manager_Mobile</td><td>+2783 444 5928</td></tr>\n    <tr><td>Marketing_Company_Name</td><td></td></tr>\n    <tr><td>Owner</td><td>Amrichprop 7 Properties (Pty) Ltd</td></tr>\n    <tr><td>Name_of_Holding_Company</td><td></td></tr>\n    <tr><td>Name_of_Developer</td><td></td></tr>\n    <tr><td>Year_Developed</td><td>1985</td></tr>\n    <tr><td>Year_Last_Refurbished</td><td>0</td></tr>\n    <tr><td>No_of_Retail_Floors</td><td>2</td></tr>\n    <tr><td>Latest_Annual_Foot_Count</td><td>0</td></tr>\n    <tr><td>No_of_Shops</td><td>12</td></tr>\n    <tr><td>Main_Anchors</td><td>Shoprite, Standard Bank</td></tr>\n    <tr><td>Parking_Total</td><td>131</td></tr>"},"_name":"Checkers Centre - Hout Bay"}},{"type":"Feature","geometry":{"type":"Point","coordinates":[18.854399985403,-34.087499993461,0]},"properties":{"name":"Riverside Shopping Centre - Somerset West","visibility":false,"description":{"@type":"html","value":"<br><br><br>\n    <table border=\"1\" padding=\"0\">\n    <tr><td>Shopping_Centre_Name</td><td>Riverside Shopping Centre - Somerset West</td></tr>\n    <tr><td>Street_Address</td><td>Main</td></tr>\n    <tr><td>Street_Suburb</td><td>Vanderstel</td></tr>\n    <tr><td>Street_City_or_Town</td><td>Somerset West</td></tr>\n    <tr><td>Street_Province_</td><td>Western Cape</td></tr>\n    <tr><td>Street_Country</td><td>South Africa</td></tr>\n    <tr><td>Core_Classification_ICSC</td><td>Local Convenience Centre</td></tr>\n    <tr><td>Classification_MD</td><td>Local Convenience Centre</td></tr>\n    <tr><td>Gross_Leasable_Floor_Area_in_sq</td><td>3797</td></tr>\n    <tr><td>Centre_Manager_Name</td><td></td></tr>\n    <tr><td>Centre_Manager_Telephone</td><td></td></tr>\n    <tr><td>Centre_Manager_Mobile</td><td></td></tr>\n    <tr><td>Centre_Manager_Email</td><td></td></tr>\n    <tr><td>Shopping_Centre_Website</td><td></td></tr>\n    <tr><td>Type</td><td></td></tr>\n    <tr><td>Leasing_Company_Name</td><td>JT Ross Properties (Pty) Ltd</td></tr>\n    <tr><td>Leasing_Manager_Name</td><td>Robyn Renzo</td></tr>\n    <tr><td>Leasing_Manager_Telephone</td><td>+2731 372 9700</td></tr>\n    <tr><td>Leasing_Manager_Mobile</td><td></td></tr>\n    <tr><td>Marketing_Company_Name</td><td></td></tr>\n    <tr><td>Owner</td><td>JT Ross Properties (Pty) Ltd</td></tr>\n    <tr><td>Name_of_Holding_Company</td><td></td></tr>\n    <tr><td>Name_of_Developer</td><td></td></tr>\n    <tr><td>Year_Developed</td><td>1988</td></tr>\n    <tr><td>Year_Last_Refurbished</td><td>2011</td></tr>\n    <tr><td>No_of_Retail_Floors</td><td>1</td></tr>\n    <tr><td>Latest_Annual_Foot_Count</td><td>0</td></tr>\n    <tr><td>No_of_Shops</td><td>1</td></tr>\n    <tr><td>Main_Anchors</td><td>Pick n Pay Super</td></tr>\n    <tr><td>Parking_Total</td><td>170</td></tr>"},"_name":"Riverside Shopping Centre - Somerset West"}},{"type":"Feature","geometry":{"type":"Point","coordinates":[18.4323999959806,-34.193000004451,0]},"properties":{"name":"Simonstown Waterfront","visibility":false,"description":{"@type":"html","value":"<br><br><br>\n    <table border=\"1\" padding=\"0\">\n    <tr><td>Shopping_Centre_Name</td><td>Simonstown Waterfront</td></tr>\n    <tr><td>Street_Address</td><td>Jubilee Square</td></tr>\n    <tr><td>Street_Suburb</td><td>Simonstown</td></tr>\n    <tr><td>Street_City_or_Town</td><td>Cape Town</td></tr>\n    <tr><td>Street_Province_</td><td>Western Cape</td></tr>\n    <tr><td>Street_Country</td><td>South Africa</td></tr>\n    <tr><td>Core_Classification_ICSC</td><td></td></tr>\n    <tr><td>Classification_MD</td><td>Specialty Centre</td></tr>\n    <tr><td>Gross_Leasable_Floor_Area_in_sq</td><td>3827</td></tr>\n    <tr><td>Centre_Manager_Name</td><td></td></tr>\n    <tr><td>Centre_Manager_Telephone</td><td></td></tr>\n    <tr><td>Centre_Manager_Mobile</td><td></td></tr>\n    <tr><td>Centre_Manager_Email</td><td></td></tr>\n    <tr><td>Shopping_Centre_Website</td><td></td></tr>\n    <tr><td>Type</td><td>Majors</td></tr>\n    <tr><td>Leasing_Company_Name</td><td>Public Investment Corporation SOC Ltd (Mowana Properties)</td></tr>\n    <tr><td>Leasing_Manager_Name</td><td>Karen Veenendaal</td></tr>\n    <tr><td>Leasing_Manager_Telephone</td><td>+2721 685 2252</td></tr>\n    <tr><td>Leasing_Manager_Mobile</td><td>+2782 294 0884</td></tr>\n    <tr><td>Marketing_Company_Name</td><td></td></tr>\n    <tr><td>Owner</td><td>Government Employees Pension Fund c/o Public Investment Corporation</td></tr>\n    <tr><td>Name_of_Holding_Company</td><td>Public Investment Company</td></tr>\n    <tr><td>Name_of_Developer</td><td>CBS Property Group (Pty) Ltd</td></tr>\n    <tr><td>Year_Developed</td><td>2007</td></tr>\n    <tr><td>Year_Last_Refurbished</td><td>0</td></tr>\n    <tr><td>No_of_Retail_Floors</td><td>1</td></tr>\n    <tr><td>Latest_Annual_Foot_Count</td><td>0</td></tr>\n    <tr><td>No_of_Shops</td><td>21</td></tr>\n    <tr><td>Main_Anchors</td><td>Quayside Hotel, Harbourview Restaurant, SA Post Office</td></tr>\n    <tr><td>Parking_Total</td><td>0</td></tr>"},"_name":"Simonstown Waterfront"}},{"type":"Feature","geometry":{"type":"Point","coordinates":[18.6763889965,-33.924246002609,0]},"properties":{"name":"River Park Centre - Kuils River","visibility":false,"description":{"@type":"html","value":"<br><br><br>\n    <table border=\"1\" padding=\"0\">\n    <tr><td>Shopping_Centre_Name</td><td>River Park Centre - Kuils River</td></tr>\n    <tr><td>Street_Address</td><td>Nooiensfontein Road</td></tr>\n    <tr><td>Street_Suburb</td><td>De Kuilen</td></tr>\n    <tr><td>Street_City_or_Town</td><td>Kuils River</td></tr>\n    <tr><td>Street_Province_</td><td>Western Cape</td></tr>\n    <tr><td>Street_Country</td><td>South Africa</td></tr>\n    <tr><td>Core_Classification_ICSC</td><td>Local Convenience Centre</td></tr>\n    <tr><td>Classification_MD</td><td>Local Convenience Centre</td></tr>\n    <tr><td>Gross_Leasable_Floor_Area_in_sq</td><td>3837</td></tr>\n    <tr><td>Centre_Manager_Name</td><td>Jacqueline Grant</td></tr>\n    <tr><td>Centre_Manager_Telephone</td><td>+2731 362 1759</td></tr>\n    <tr><td>Centre_Manager_Mobile</td><td>+2782 567 2560</td></tr>\n    <tr><td>Centre_Manager_Email</td><td>jgrant@broll.co.za</td></tr>\n    <tr><td>Shopping_Centre_Website</td><td></td></tr>\n    <tr><td>Type</td><td>Majors</td></tr>\n    <tr><td>Leasing_Company_Name</td><td>Broll Property Group (Pty) Ltd</td></tr>\n    <tr><td>Leasing_Manager_Name</td><td>Sharyn Geyser</td></tr>\n    <tr><td>Leasing_Manager_Telephone</td><td>+2731 362 1753</td></tr>\n    <tr><td>Leasing_Manager_Mobile</td><td></td></tr>\n    <tr><td>Marketing_Company_Name</td><td></td></tr>\n    <tr><td>Owner</td><td>Abdul Banderker</td></tr>\n    <tr><td>Name_of_Holding_Company</td><td>Green Willows Properties 15 (Pty) Ltd</td></tr>\n    <tr><td>Name_of_Developer</td><td></td></tr>\n    <tr><td>Year_Developed</td><td>0</td></tr>\n    <tr><td>Year_Last_Refurbished</td><td>2008</td></tr>\n    <tr><td>No_of_Retail_Floors</td><td>1</td></tr>\n    <tr><td>Latest_Annual_Foot_Count</td><td>0</td></tr>\n    <tr><td>No_of_Shops</td><td>22</td></tr>\n    <tr><td>Main_Anchors</td><td>Pick n Pay</td></tr>\n    <tr><td>Parking_Total</td><td>0</td></tr>"},"_name":"River Park Centre - Kuils River"}},{"type":"Feature","geometry":{"type":"Point","coordinates":[18.6369750056218,-33.876620008335,0]},"properties":{"name":"Tyger Manor","visibility":false,"description":{"@type":"html","value":"<br><br><br>\n    <table border=\"1\" padding=\"0\">\n    <tr><td>Shopping_Centre_Name</td><td>Tyger Manor</td></tr>\n    <tr><td>Street_Address</td><td>Durban Road</td></tr>\n    <tr><td>Street_Suburb</td><td>Tyger Valley</td></tr>\n    <tr><td>Street_City_or_Town</td><td>Bellville</td></tr>\n    <tr><td>Street_Province_</td><td>Western Cape</td></tr>\n    <tr><td>Street_Country</td><td>South Africa</td></tr>\n    <tr><td>Core_Classification_ICSC</td><td>Local Convenience Centre</td></tr>\n    <tr><td>Classification_MD</td><td>Local Convenience Centre</td></tr>\n    <tr><td>Gross_Leasable_Floor_Area_in_sq</td><td>3846</td></tr>\n    <tr><td>Centre_Manager_Name</td><td></td></tr>\n    <tr><td>Centre_Manager_Telephone</td><td></td></tr>\n    <tr><td>Centre_Manager_Mobile</td><td></td></tr>\n    <tr><td>Centre_Manager_Email</td><td></td></tr>\n    <tr><td>Shopping_Centre_Website</td><td></td></tr>\n    <tr><td>Type</td><td></td></tr>\n    <tr><td>Leasing_Company_Name</td><td>Rennie Property Management (Pty) Ltd</td></tr>\n    <tr><td>Leasing_Manager_Name</td><td>Richard Finch</td></tr>\n    <tr><td>Leasing_Manager_Telephone</td><td>+2721 418 1550</td></tr>\n    <tr><td>Leasing_Manager_Mobile</td><td></td></tr>\n    <tr><td>Marketing_Company_Name</td><td></td></tr>\n    <tr><td>Owner</td><td>Accelerate Property Fund (Pty) Ltd</td></tr>\n    <tr><td>Name_of_Holding_Company</td><td>Georgiou Group</td></tr>\n    <tr><td>Name_of_Developer</td><td></td></tr>\n    <tr><td>Year_Developed</td><td>1980</td></tr>\n    <tr><td>Year_Last_Refurbished</td><td>0</td></tr>\n    <tr><td>No_of_Retail_Floors</td><td>2</td></tr>\n    <tr><td>Latest_Annual_Foot_Count</td><td>0</td></tr>\n    <tr><td>No_of_Shops</td><td>8</td></tr>\n    <tr><td>Main_Anchors</td><td>Kwikspar, Eastwoods, Mac Donalds</td></tr>\n    <tr><td>Parking_Total</td><td>154</td></tr>"},"_name":"Tyger Manor"}},{"type":"Feature","geometry":{"type":"Point","coordinates":[18.6745750070224,-33.815224997615,0]},"properties":{"name":"Graanendal Shopping Centre","visibility":false,"description":{"@type":"html","value":"<br><br><br>\n    <table border=\"1\" padding=\"0\">\n    <tr><td>Shopping_Centre_Name</td><td>Graanendal Shopping Centre</td></tr>\n    <tr><td>Street_Address</td><td>Cnr Bergrivier Street & Brackenfell Boulevard</td></tr>\n    <tr><td>Street_Suburb</td><td>Goedemoed</td></tr>\n    <tr><td>Street_City_or_Town</td><td>Durbanville</td></tr>\n    <tr><td>Street_Province_</td><td>Western Cape</td></tr>\n    <tr><td>Street_Country</td><td>South Africa</td></tr>\n    <tr><td>Core_Classification_ICSC</td><td>Local Convenience Centre</td></tr>\n    <tr><td>Classification_MD</td><td>Local Convenience Centre</td></tr>\n    <tr><td>Gross_Leasable_Floor_Area_in_sq</td><td>3965</td></tr>\n    <tr><td>Centre_Manager_Name</td><td>Lisa Janse van Rensburg</td></tr>\n    <tr><td>Centre_Manager_Telephone</td><td>+2721 976 2114</td></tr>\n    <tr><td>Centre_Manager_Mobile</td><td></td></tr>\n    <tr><td>Centre_Manager_Email</td><td>lisa@phesantekraal.co.za</td></tr>\n    <tr><td>Shopping_Centre_Website</td><td></td></tr>\n    <tr><td>Type</td><td></td></tr>\n    <tr><td>Leasing_Company_Name</td><td>Owner Leased</td></tr>\n    <tr><td>Leasing_Manager_Name</td><td></td></tr>\n    <tr><td>Leasing_Manager_Telephone</td><td>+2721 976 2114</td></tr>\n    <tr><td>Leasing_Manager_Mobile</td><td>+2782 770 9501</td></tr>\n    <tr><td>Marketing_Company_Name</td><td></td></tr>\n    <tr><td>Owner</td><td>Graanendal Winkelsentrum (Pty) Ltd</td></tr>\n    <tr><td>Name_of_Holding_Company</td><td>Graanendal Winkelsentrum (Pty) Ltd</td></tr>\n    <tr><td>Name_of_Developer</td><td>Multidirect Investments 41</td></tr>\n    <tr><td>Year_Developed</td><td>2008</td></tr>\n    <tr><td>Year_Last_Refurbished</td><td>0</td></tr>\n    <tr><td>No_of_Retail_Floors</td><td>1</td></tr>\n    <tr><td>Latest_Annual_Foot_Count</td><td>0</td></tr>\n    <tr><td>No_of_Shops</td><td>18</td></tr>\n    <tr><td>Main_Anchors</td><td>Pick n Pay, Pick n Pay Clothing, Clicks</td></tr>\n    <tr><td>Parking_Total</td><td>0</td></tr>"},"_name":"Graanendal Shopping Centre"}},{"type":"Feature","geometry":{"type":"Point","coordinates":[18.8725000051534,-34.154699990703,0]},"properties":{"name":"Mountain View Shopping Centre","visibility":false,"description":{"@type":"html","value":"<br><br><br>\n    <table border=\"1\" padding=\"0\">\n    <tr><td>Shopping_Centre_Name</td><td>Mountain View Shopping Centre</td></tr>\n    <tr><td>Street_Address</td><td>Somerlust Street</td></tr>\n    <tr><td>Street_Suburb</td><td></td></tr>\n    <tr><td>Street_City_or_Town</td><td>Gordon's Bay</td></tr>\n    <tr><td>Street_Province_</td><td>Western Cape</td></tr>\n    <tr><td>Street_Country</td><td>South Africa</td></tr>\n    <tr><td>Core_Classification_ICSC</td><td>Local Convenience Centre</td></tr>\n    <tr><td>Classification_MD</td><td>Local Convenience Centre</td></tr>\n    <tr><td>Gross_Leasable_Floor_Area_in_sq</td><td>4000</td></tr>\n    <tr><td>Centre_Manager_Name</td><td>Marietta Robbertse</td></tr>\n    <tr><td>Centre_Manager_Telephone</td><td>+2711 718 6452</td></tr>\n    <tr><td>Centre_Manager_Mobile</td><td></td></tr>\n    <tr><td>Centre_Manager_Email</td><td>mariettar@oriongroup.co.za</td></tr>\n    <tr><td>Shopping_Centre_Website</td><td></td></tr>\n    <tr><td>Type</td><td>Majors</td></tr>\n    <tr><td>Leasing_Company_Name</td><td>Orion Facilities Property Management</td></tr>\n    <tr><td>Leasing_Manager_Name</td><td>Marietta Robbertse</td></tr>\n    <tr><td>Leasing_Manager_Telephone</td><td>+2711 718 6452</td></tr>\n    <tr><td>Leasing_Manager_Mobile</td><td></td></tr>\n    <tr><td>Marketing_Company_Name</td><td></td></tr>\n    <tr><td>Owner</td><td>Orion Property Holding Trust</td></tr>\n    <tr><td>Name_of_Holding_Company</td><td>Orion Property Holding Trust</td></tr>\n    <tr><td>Name_of_Developer</td><td></td></tr>\n    <tr><td>Year_Developed</td><td>2000</td></tr>\n    <tr><td>Year_Last_Refurbished</td><td>2012</td></tr>\n    <tr><td>No_of_Retail_Floors</td><td>1</td></tr>\n    <tr><td>Latest_Annual_Foot_Count</td><td>0</td></tr>\n    <tr><td>No_of_Shops</td><td>20</td></tr>\n    <tr><td>Main_Anchors</td><td>Woolworths, Crazy Store</td></tr>\n    <tr><td>Parking_Total</td><td>100</td></tr>"},"_name":"Mountain View Shopping Centre"}},{"type":"Feature","geometry":{"type":"Point","coordinates":[18.5821549906252,-33.883429003604,0]},"properties":{"name":"Panorama Shopping Centre","visibility":false,"description":{"@type":"html","value":"<br><br><br>\n    <table border=\"1\" padding=\"0\">\n    <tr><td>Shopping_Centre_Name</td><td>Panorama Shopping Centre</td></tr>\n    <tr><td>Street_Address</td><td>Uys Krige Street</td></tr>\n    <tr><td>Street_Suburb</td><td>Panorama</td></tr>\n    <tr><td>Street_City_or_Town</td><td>Parow</td></tr>\n    <tr><td>Street_Province_</td><td>Western Cape</td></tr>\n    <tr><td>Street_Country</td><td>South Africa</td></tr>\n    <tr><td>Core_Classification_ICSC</td><td>Local Convenience Centre</td></tr>\n    <tr><td>Classification_MD</td><td>Local Convenience Centre</td></tr>\n    <tr><td>Gross_Leasable_Floor_Area_in_sq</td><td>4000</td></tr>\n    <tr><td>Centre_Manager_Name</td><td>Paulo & Mario Das Neves</td></tr>\n    <tr><td>Centre_Manager_Telephone</td><td>+2721 939 1472</td></tr>\n    <tr><td>Centre_Manager_Mobile</td><td>+2782 827 2437 / +2783 454 5625</td></tr>\n    <tr><td>Centre_Manager_Email</td><td>paulo@pnppanorama.co.za / mario@pnppanorama.co.za</td></tr>\n    <tr><td>Shopping_Centre_Website</td><td></td></tr>\n    <tr><td>Type</td><td></td></tr>\n    <tr><td>Leasing_Company_Name</td><td>Parow Development Corporation (Pty) Ltd</td></tr>\n    <tr><td>Leasing_Manager_Name</td><td>Mary Das Neves</td></tr>\n    <tr><td>Leasing_Manager_Telephone</td><td>+2721 930 4530</td></tr>\n    <tr><td>Leasing_Manager_Mobile</td><td></td></tr>\n    <tr><td>Marketing_Company_Name</td><td></td></tr>\n    <tr><td>Owner</td><td>Mary Das Neves</td></tr>\n    <tr><td>Name_of_Holding_Company</td><td>Parow Development Corporation</td></tr>\n    <tr><td>Name_of_Developer</td><td>J L Das Neves</td></tr>\n    <tr><td>Year_Developed</td><td>1975</td></tr>\n    <tr><td>Year_Last_Refurbished</td><td>2005</td></tr>\n    <tr><td>No_of_Retail_Floors</td><td>1</td></tr>\n    <tr><td>Latest_Annual_Foot_Count</td><td>0</td></tr>\n    <tr><td>No_of_Shops</td><td>6</td></tr>\n    <tr><td>Main_Anchors</td><td>Pick n Pay, Post Office</td></tr>\n    <tr><td>Parking_Total</td><td>140</td></tr>"},"_name":"Panorama Shopping Centre"}},{"type":"Feature","geometry":{"type":"Point","coordinates":[18.4305409850056,-34.13886999318,0]},"properties":{"name":"The Arcade","visibility":false,"description":{"@type":"html","value":"<br><br><br>\n    <table border=\"1\" padding=\"0\">\n    <tr><td>Shopping_Centre_Name</td><td>The Arcade</td></tr>\n    <tr><td>Street_Address</td><td>Main Road</td></tr>\n    <tr><td>Street_Suburb</td><td>Fish Hoek</td></tr>\n    <tr><td>Street_City_or_Town</td><td>Cape Town</td></tr>\n    <tr><td>Street_Province_</td><td>Western Cape</td></tr>\n    <tr><td>Street_Country</td><td>South Africa</td></tr>\n    <tr><td>Core_Classification_ICSC</td><td>Local Convenience Centre</td></tr>\n    <tr><td>Classification_MD</td><td>Local Convenience Centre</td></tr>\n    <tr><td>Gross_Leasable_Floor_Area_in_sq</td><td>4000</td></tr>\n    <tr><td>Centre_Manager_Name</td><td></td></tr>\n    <tr><td>Centre_Manager_Telephone</td><td></td></tr>\n    <tr><td>Centre_Manager_Mobile</td><td></td></tr>\n    <tr><td>Centre_Manager_Email</td><td></td></tr>\n    <tr><td>Shopping_Centre_Website</td><td>www.optimusproperty.net</td></tr>\n    <tr><td>Type</td><td>2 to 3</td></tr>\n    <tr><td>Leasing_Company_Name</td><td>Louis Group Property Services</td></tr>\n    <tr><td>Leasing_Manager_Name</td><td>Naomi Scheffer</td></tr>\n    <tr><td>Leasing_Manager_Telephone</td><td>+2721 529 4600</td></tr>\n    <tr><td>Leasing_Manager_Mobile</td><td></td></tr>\n    <tr><td>Marketing_Company_Name</td><td></td></tr>\n    <tr><td>Owner</td><td>Privately Owned</td></tr>\n    <tr><td>Name_of_Holding_Company</td><td></td></tr>\n    <tr><td>Name_of_Developer</td><td></td></tr>\n    <tr><td>Year_Developed</td><td>0</td></tr>\n    <tr><td>Year_Last_Refurbished</td><td>2010</td></tr>\n    <tr><td>No_of_Retail_Floors</td><td>1</td></tr>\n    <tr><td>Latest_Annual_Foot_Count</td><td>0</td></tr>\n    <tr><td>No_of_Shops</td><td>13</td></tr>\n    <tr><td>Main_Anchors</td><td>Pick n Pay Family</td></tr>\n    <tr><td>Parking_Total</td><td>0</td></tr>"},"_name":"The Arcade"}},{"type":"Feature","geometry":{"type":"Point","coordinates":[18.585232013434,-33.906247999421,0]},"properties":{"name":"Shoprite Centre - Parow","visibility":false,"description":{"@type":"html","value":"<br><br><br>\n    <table border=\"1\" padding=\"0\">\n    <tr><td>Shopping_Centre_Name</td><td>Shoprite Centre - Parow</td></tr>\n    <tr><td>Street_Address</td><td>Cnr Voortrekker Street & Station Arcade</td></tr>\n    <tr><td>Street_Suburb</td><td>Central</td></tr>\n    <tr><td>Street_City_or_Town</td><td>Parow</td></tr>\n    <tr><td>Street_Province_</td><td>Western Cape</td></tr>\n    <tr><td>Street_Country</td><td>South Africa</td></tr>\n    <tr><td>Core_Classification_ICSC</td><td>Local Convenience Centre</td></tr>\n    <tr><td>Classification_MD</td><td>Local Convenience Centre</td></tr>\n    <tr><td>Gross_Leasable_Floor_Area_in_sq</td><td>4100</td></tr>\n    <tr><td>Centre_Manager_Name</td><td>Faizel Barnes</td></tr>\n    <tr><td>Centre_Manager_Telephone</td><td>+2721 980 4425</td></tr>\n    <tr><td>Centre_Manager_Mobile</td><td>+2782 468 4184</td></tr>\n    <tr><td>Centre_Manager_Email</td><td>fbarnes@shoprite.co.za</td></tr>\n    <tr><td>Shopping_Centre_Website</td><td></td></tr>\n    <tr><td>Type</td><td>Majors</td></tr>\n    <tr><td>Leasing_Company_Name</td><td>Shoprite Checkers (Pty) Ltd - Property Division</td></tr>\n    <tr><td>Leasing_Manager_Name</td><td>Faizel Barnes</td></tr>\n    <tr><td>Leasing_Manager_Telephone</td><td>+2721 980 4425</td></tr>\n    <tr><td>Leasing_Manager_Mobile</td><td>+2782 468 4184</td></tr>\n    <tr><td>Marketing_Company_Name</td><td>Shoprite Checkers (Pty) Ltd - Marketing Division</td></tr>\n    <tr><td>Owner</td><td>Shoprite Checkers (Pty) Ltd</td></tr>\n    <tr><td>Name_of_Holding_Company</td><td></td></tr>\n    <tr><td>Name_of_Developer</td><td>Shoprite Checkers Properties Ltd</td></tr>\n    <tr><td>Year_Developed</td><td>1970</td></tr>\n    <tr><td>Year_Last_Refurbished</td><td>1990</td></tr>\n    <tr><td>No_of_Retail_Floors</td><td>1</td></tr>\n    <tr><td>Latest_Annual_Foot_Count</td><td>0</td></tr>\n    <tr><td>No_of_Shops</td><td>6</td></tr>\n    <tr><td>Main_Anchors</td><td>Shoprite</td></tr>\n    <tr><td>Parking_Total</td><td>0</td></tr>"},"_name":"Shoprite Centre - Parow"}},{"type":"Feature","geometry":{"type":"Point","coordinates":[18.8509210109896,-34.083216997972,0]},"properties":{"name":"Helderberg Village Walk","visibility":false,"description":{"@type":"html","value":"<br><br><br>\n    <table border=\"1\" padding=\"0\">\n    <tr><td>Shopping_Centre_Name</td><td>Helderberg Village Walk</td></tr>\n    <tr><td>Street_Address</td><td>Main Road, Cnr Drama & Caledon Streets</td></tr>\n    <tr><td>Street_Suburb</td><td>Central</td></tr>\n    <tr><td>Street_City_or_Town</td><td>Somerset West</td></tr>\n    <tr><td>Street_Province_</td><td>Western Cape</td></tr>\n    <tr><td>Street_Country</td><td>South Africa</td></tr>\n    <tr><td>Core_Classification_ICSC</td><td>Local Convenience Centre</td></tr>\n    <tr><td>Classification_MD</td><td>Local Convenience Centre</td></tr>\n    <tr><td>Gross_Leasable_Floor_Area_in_sq</td><td>4108</td></tr>\n    <tr><td>Centre_Manager_Name</td><td>Yolanda Van Der Spuy</td></tr>\n    <tr><td>Centre_Manager_Telephone</td><td>+2782 410 9302</td></tr>\n    <tr><td>Centre_Manager_Mobile</td><td></td></tr>\n    <tr><td>Centre_Manager_Email</td><td>yolanda@vdsacc.co.za</td></tr>\n    <tr><td>Shopping_Centre_Website</td><td></td></tr>\n    <tr><td>Type</td><td></td></tr>\n    <tr><td>Leasing_Company_Name</td><td>VDS Accounts</td></tr>\n    <tr><td>Leasing_Manager_Name</td><td>Yolanda Van Der Spuy</td></tr>\n    <tr><td>Leasing_Manager_Telephone</td><td>+2782 410 9302</td></tr>\n    <tr><td>Leasing_Manager_Mobile</td><td></td></tr>\n    <tr><td>Marketing_Company_Name</td><td></td></tr>\n    <tr><td>Owner</td><td>Valerida Beleggings (Pty) Ltd</td></tr>\n    <tr><td>Name_of_Holding_Company</td><td></td></tr>\n    <tr><td>Name_of_Developer</td><td></td></tr>\n    <tr><td>Year_Developed</td><td>1914</td></tr>\n    <tr><td>Year_Last_Refurbished</td><td>2014</td></tr>\n    <tr><td>No_of_Retail_Floors</td><td>1</td></tr>\n    <tr><td>Latest_Annual_Foot_Count</td><td>0</td></tr>\n    <tr><td>No_of_Shops</td><td>34</td></tr>\n    <tr><td>Main_Anchors</td><td>Vodacare, KFC, Crafters Inn, CJ's Coffee Shop</td></tr>\n    <tr><td>Parking_Total</td><td>92</td></tr>"},"_name":"Helderberg Village Walk"}},{"type":"Feature","geometry":{"type":"Point","coordinates":[18.6016999937728,-34.052400004466,0]},"properties":{"name":"Westridge Shopping Centre","visibility":false,"description":{"@type":"html","value":"<br><br><br>\n    <table border=\"1\" padding=\"0\">\n    <tr><td>Shopping_Centre_Name</td><td>Westridge Shopping Centre</td></tr>\n    <tr><td>Street_Address</td><td>Simsonsig Avenue</td></tr>\n    <tr><td>Street_Suburb</td><td>Westridge</td></tr>\n    <tr><td>Street_City_or_Town</td><td>Mitchell's Plain</td></tr>\n    <tr><td>Street_Province_</td><td>Western Cape</td></tr>\n    <tr><td>Street_Country</td><td>South Africa</td></tr>\n    <tr><td>Core_Classification_ICSC</td><td>Local Convenience Centre</td></tr>\n    <tr><td>Classification_MD</td><td>Local Convenience Centre</td></tr>\n    <tr><td>Gross_Leasable_Floor_Area_in_sq</td><td>4126</td></tr>\n    <tr><td>Centre_Manager_Name</td><td>Yaqub Omar</td></tr>\n    <tr><td>Centre_Manager_Telephone</td><td>+2721 943 1029</td></tr>\n    <tr><td>Centre_Manager_Mobile</td><td>+2782 494 2427</td></tr>\n    <tr><td>Centre_Manager_Email</td><td>yaqub.omar@jhi.co.za</td></tr>\n    <tr><td>Shopping_Centre_Website</td><td></td></tr>\n    <tr><td>Type</td><td>Majors</td></tr>\n    <tr><td>Leasing_Company_Name</td><td>JHI Properties (Pty) Ltd</td></tr>\n    <tr><td>Leasing_Manager_Name</td><td>Yaqub Omar</td></tr>\n    <tr><td>Leasing_Manager_Telephone</td><td>+2721 943 1027</td></tr>\n    <tr><td>Leasing_Manager_Mobile</td><td>+2782 494 2427</td></tr>\n    <tr><td>Marketing_Company_Name</td><td></td></tr>\n    <tr><td>Owner</td><td>Khula Enterprise Finance Ltd</td></tr>\n    <tr><td>Name_of_Holding_Company</td><td>Khula Enterprise Finance Ltd</td></tr>\n    <tr><td>Name_of_Developer</td><td></td></tr>\n    <tr><td>Year_Developed</td><td>1978</td></tr>\n    <tr><td>Year_Last_Refurbished</td><td>2004</td></tr>\n    <tr><td>No_of_Retail_Floors</td><td>2</td></tr>\n    <tr><td>Latest_Annual_Foot_Count</td><td>0</td></tr>\n    <tr><td>No_of_Shops</td><td>26</td></tr>\n    <tr><td>Main_Anchors</td><td>Shoprite</td></tr>\n    <tr><td>Parking_Total</td><td>110</td></tr>"},"_name":"Westridge Shopping Centre"}},{"type":"Feature","geometry":{"type":"Point","coordinates":[18.4668910016098,-34.022004002214,0]},"properties":{"name":"Richmond Centre","visibility":false,"description":{"@type":"html","value":"<br><br><br>\n    <table border=\"1\" padding=\"0\">\n    <tr><td>Shopping_Centre_Name</td><td>Richmond Centre</td></tr>\n    <tr><td>Street_Address</td><td>Main Road</td></tr>\n    <tr><td>Street_Suburb</td><td>Plumstead</td></tr>\n    <tr><td>Street_City_or_Town</td><td>Cape Town</td></tr>\n    <tr><td>Street_Province_</td><td>Western Cape</td></tr>\n    <tr><td>Street_Country</td><td>South Africa</td></tr>\n    <tr><td>Core_Classification_ICSC</td><td>Local Convenience Centre</td></tr>\n    <tr><td>Classification_MD</td><td>Local Convenience Centre</td></tr>\n    <tr><td>Gross_Leasable_Floor_Area_in_sq</td><td>4201.65</td></tr>\n    <tr><td>Centre_Manager_Name</td><td></td></tr>\n    <tr><td>Centre_Manager_Telephone</td><td></td></tr>\n    <tr><td>Centre_Manager_Mobile</td><td></td></tr>\n    <tr><td>Centre_Manager_Email</td><td></td></tr>\n    <tr><td>Shopping_Centre_Website</td><td>www.spire.co.za</td></tr>\n    <tr><td>Type</td><td>Majors</td></tr>\n    <tr><td>Leasing_Company_Name</td><td>Spire Property Management (Pty) Ltd</td></tr>\n    <tr><td>Leasing_Manager_Name</td><td>St John Gardner</td></tr>\n    <tr><td>Leasing_Manager_Telephone</td><td>+2721 685 4020</td></tr>\n    <tr><td>Leasing_Manager_Mobile</td><td></td></tr>\n    <tr><td>Marketing_Company_Name</td><td>Spire Property Management (Pty) Ltd</td></tr>\n    <tr><td>Owner</td><td>Cape and Transvaal Land and Finance company</td></tr>\n    <tr><td>Name_of_Holding_Company</td><td></td></tr>\n    <tr><td>Name_of_Developer</td><td></td></tr>\n    <tr><td>Year_Developed</td><td>0</td></tr>\n    <tr><td>Year_Last_Refurbished</td><td>0</td></tr>\n    <tr><td>No_of_Retail_Floors</td><td>1</td></tr>\n    <tr><td>Latest_Annual_Foot_Count</td><td>0</td></tr>\n    <tr><td>No_of_Shops</td><td>7</td></tr>\n    <tr><td>Main_Anchors</td><td>ABSA, small shops</td></tr>\n    <tr><td>Parking_Total</td><td>0</td></tr>"},"_name":"Richmond Centre"}},{"type":"Feature","geometry":{"type":"Point","coordinates":[18.8587000044238,-33.935399997603,0]},"properties":{"name":"Drostdy Centre","visibility":false,"description":{"@type":"html","value":"<br><br><br>\n    <table border=\"1\" padding=\"0\">\n    <tr><td>Shopping_Centre_Name</td><td>Drostdy Centre</td></tr>\n    <tr><td>Street_Address</td><td>Cnr Bird & Alexander Streets</td></tr>\n    <tr><td>Street_Suburb</td><td>Central</td></tr>\n    <tr><td>Street_City_or_Town</td><td>Stellenbosch</td></tr>\n    <tr><td>Street_Province_</td><td>Western Cape</td></tr>\n    <tr><td>Street_Country</td><td>South Africa</td></tr>\n    <tr><td>Core_Classification_ICSC</td><td>Local Convenience Centre</td></tr>\n    <tr><td>Classification_MD</td><td>Local Convenience Centre</td></tr>\n    <tr><td>Gross_Leasable_Floor_Area_in_sq</td><td>4262</td></tr>\n    <tr><td>Centre_Manager_Name</td><td></td></tr>\n    <tr><td>Centre_Manager_Telephone</td><td></td></tr>\n    <tr><td>Centre_Manager_Mobile</td><td></td></tr>\n    <tr><td>Centre_Manager_Email</td><td></td></tr>\n    <tr><td>Shopping_Centre_Website</td><td></td></tr>\n    <tr><td>Type</td><td></td></tr>\n    <tr><td>Leasing_Company_Name</td><td>Abacus Asset Management (Pty) Ltd</td></tr>\n    <tr><td>Leasing_Manager_Name</td><td>Eradus van Antwerpen / Riaan Louw</td></tr>\n    <tr><td>Leasing_Manager_Telephone</td><td>+2721 886 5262</td></tr>\n    <tr><td>Leasing_Manager_Mobile</td><td>+2738 251 6104 / +2783 456 2494</td></tr>\n    <tr><td>Marketing_Company_Name</td><td></td></tr>\n    <tr><td>Owner</td><td>Eikestad Mall (Pty) Ltd</td></tr>\n    <tr><td>Name_of_Holding_Company</td><td>Eikestad Mall (Pty) Ltd</td></tr>\n    <tr><td>Name_of_Developer</td><td>IPG</td></tr>\n    <tr><td>Year_Developed</td><td>1995</td></tr>\n    <tr><td>Year_Last_Refurbished</td><td>0</td></tr>\n    <tr><td>No_of_Retail_Floors</td><td>2</td></tr>\n    <tr><td>Latest_Annual_Foot_Count</td><td>0</td></tr>\n    <tr><td>No_of_Shops</td><td>19</td></tr>\n    <tr><td>Main_Anchors</td><td>Mr Price, The Dros</td></tr>\n    <tr><td>Parking_Total</td><td>0</td></tr>"},"_name":"Drostdy Centre"}},{"type":"Feature","geometry":{"type":"Point","coordinates":[18.4754999953228,-33.804700007243,0]},"properties":{"name":"Westport Square","visibility":false,"description":{"@type":"html","value":"<br><br><br>\n    <table border=\"1\" padding=\"0\">\n    <tr><td>Shopping_Centre_Name</td><td>Westport Square</td></tr>\n    <tr><td>Street_Address</td><td>Sandown Road</td></tr>\n    <tr><td>Street_Suburb</td><td>Blouberg Sands</td></tr>\n    <tr><td>Street_City_or_Town</td><td>Blouberg</td></tr>\n    <tr><td>Street_Province_</td><td>Western Cape</td></tr>\n    <tr><td>Street_Country</td><td>South Africa</td></tr>\n    <tr><td>Core_Classification_ICSC</td><td>Local Convenience Centre</td></tr>\n    <tr><td>Classification_MD</td><td>Local Convenience Centre</td></tr>\n    <tr><td>Gross_Leasable_Floor_Area_in_sq</td><td>4287</td></tr>\n    <tr><td>Centre_Manager_Name</td><td>Anton Vermeulen</td></tr>\n    <tr><td>Centre_Manager_Telephone</td><td>+2782 417 7017</td></tr>\n    <tr><td>Centre_Manager_Mobile</td><td></td></tr>\n    <tr><td>Centre_Manager_Email</td><td>antonvermeulen.sa@gmail.com</td></tr>\n    <tr><td>Shopping_Centre_Website</td><td></td></tr>\n    <tr><td>Type</td><td></td></tr>\n    <tr><td>Leasing_Company_Name</td><td>Swindon Property Services</td></tr>\n    <tr><td>Leasing_Manager_Name</td><td>Jill Coetzee</td></tr>\n    <tr><td>Leasing_Manager_Telephone</td><td>+2721 422 0778</td></tr>\n    <tr><td>Leasing_Manager_Mobile</td><td></td></tr>\n    <tr><td>Marketing_Company_Name</td><td>Swindon Property Services</td></tr>\n    <tr><td>Owner</td><td>Ochre Property Investments (Pty) Ltd</td></tr>\n    <tr><td>Name_of_Holding_Company</td><td></td></tr>\n    <tr><td>Name_of_Developer</td><td>The Milnerton Estates Ltd</td></tr>\n    <tr><td>Year_Developed</td><td>1999</td></tr>\n    <tr><td>Year_Last_Refurbished</td><td>0</td></tr>\n    <tr><td>No_of_Retail_Floors</td><td>1</td></tr>\n    <tr><td>Latest_Annual_Foot_Count</td><td>0</td></tr>\n    <tr><td>No_of_Shops</td><td>25</td></tr>\n    <tr><td>Main_Anchors</td><td>Kwikspar</td></tr>\n    <tr><td>Parking_Total</td><td>200</td></tr>"},"_name":"Westport Square"}},{"type":"Feature","geometry":{"type":"Point","coordinates":[18.8782059835372,-33.926197006515,0]},"properties":{"name":"Simonsrust Shopping Centre","visibility":false,"description":{"@type":"html","value":"<br><br><br>\n    <table border=\"1\" padding=\"0\">\n    <tr><td>Shopping_Centre_Name</td><td>Simonsrust Shopping Centre</td></tr>\n    <tr><td>Street_Address</td><td>Cnr Helshoogte Road & Cluver Avenue</td></tr>\n    <tr><td>Street_Suburb</td><td>Simonsrust</td></tr>\n    <tr><td>Street_City_or_Town</td><td>Stellenbosch</td></tr>\n    <tr><td>Street_Province_</td><td>Western Cape</td></tr>\n    <tr><td>Street_Country</td><td>South Africa</td></tr>\n    <tr><td>Core_Classification_ICSC</td><td>Local Convenience Centre</td></tr>\n    <tr><td>Classification_MD</td><td>Local Convenience Centre</td></tr>\n    <tr><td>Gross_Leasable_Floor_Area_in_sq</td><td>4359</td></tr>\n    <tr><td>Centre_Manager_Name</td><td>André Mouton</td></tr>\n    <tr><td>Centre_Manager_Telephone</td><td></td></tr>\n    <tr><td>Centre_Manager_Mobile</td><td>+2783 444 5928</td></tr>\n    <tr><td>Centre_Manager_Email</td><td>andre@mpbb.co.za</td></tr>\n    <tr><td>Shopping_Centre_Website</td><td></td></tr>\n    <tr><td>Type</td><td>Majors</td></tr>\n    <tr><td>Leasing_Company_Name</td><td>MPBB Properties</td></tr>\n    <tr><td>Leasing_Manager_Name</td><td>André Mouton</td></tr>\n    <tr><td>Leasing_Manager_Telephone</td><td></td></tr>\n    <tr><td>Leasing_Manager_Mobile</td><td>+2783 444 5928</td></tr>\n    <tr><td>Marketing_Company_Name</td><td></td></tr>\n    <tr><td>Owner</td><td>Amrichprop 2 Properties (Pty) Ltd</td></tr>\n    <tr><td>Name_of_Holding_Company</td><td></td></tr>\n    <tr><td>Name_of_Developer</td><td></td></tr>\n    <tr><td>Year_Developed</td><td>2002</td></tr>\n    <tr><td>Year_Last_Refurbished</td><td>0</td></tr>\n    <tr><td>No_of_Retail_Floors</td><td>1</td></tr>\n    <tr><td>Latest_Annual_Foot_Count</td><td>0</td></tr>\n    <tr><td>No_of_Shops</td><td>24</td></tr>\n    <tr><td>Main_Anchors</td><td>Spar, Post Office</td></tr>\n    <tr><td>Parking_Total</td><td>140</td></tr>"},"_name":"Simonsrust Shopping Centre"}},{"type":"Feature","geometry":{"type":"Point","coordinates":[18.860921010931,-33.936891992487,0]},"properties":{"name":"Mill Square","visibility":false,"description":{"@type":"html","value":"<br><br><br>\n    <table border=\"1\" padding=\"0\">\n    <tr><td>Shopping_Centre_Name</td><td>Mill Square</td></tr>\n    <tr><td>Street_Address</td><td>Cnr Andringa and Plein Street</td></tr>\n    <tr><td>Street_Suburb</td><td>Central</td></tr>\n    <tr><td>Street_City_or_Town</td><td>Stellenbosch</td></tr>\n    <tr><td>Street_Province_</td><td>Western Cape</td></tr>\n    <tr><td>Street_Country</td><td>South Africa</td></tr>\n    <tr><td>Core_Classification_ICSC</td><td>Local Convenience Centre</td></tr>\n    <tr><td>Classification_MD</td><td>Local Convenience Centre</td></tr>\n    <tr><td>Gross_Leasable_Floor_Area_in_sq</td><td>4434</td></tr>\n    <tr><td>Centre_Manager_Name</td><td>Karin Retief</td></tr>\n    <tr><td>Centre_Manager_Telephone</td><td>+2721 886 6267</td></tr>\n    <tr><td>Centre_Manager_Mobile</td><td></td></tr>\n    <tr><td>Centre_Manager_Email</td><td>karin@eikestadmall.co.za</td></tr>\n    <tr><td>Shopping_Centre_Website</td><td>www.eikestadmall.co.za</td></tr>\n    <tr><td>Type</td><td>Majors</td></tr>\n    <tr><td>Leasing_Company_Name</td><td>Attacq Retail Management (Pty) Ltd and Key Capital Property Holdings (Pty) Ltd</td></tr>\n    <tr><td>Leasing_Manager_Name</td><td>Karin Retief</td></tr>\n    <tr><td>Leasing_Manager_Telephone</td><td>+2721 886 6267</td></tr>\n    <tr><td>Leasing_Manager_Mobile</td><td></td></tr>\n    <tr><td>Marketing_Company_Name</td><td>Mustard Seed</td></tr>\n    <tr><td>Owner</td><td>Attacq Retail Fund (Pty) Ltd and Key Capital Property Holdings (Pty) Ltd</td></tr>\n    <tr><td>Name_of_Holding_Company</td><td>Attacq Retail Fund (Pty) Ltd and Key Capital Property Holdings (Pty) Ltd</td></tr>\n    <tr><td>Name_of_Developer</td><td>Abacus / Atterbury</td></tr>\n    <tr><td>Year_Developed</td><td>0</td></tr>\n    <tr><td>Year_Last_Refurbished</td><td>2014</td></tr>\n    <tr><td>No_of_Retail_Floors</td><td>2</td></tr>\n    <tr><td>Latest_Annual_Foot_Count</td><td>0</td></tr>\n    <tr><td>No_of_Shops</td><td>20</td></tr>\n    <tr><td>Main_Anchors</td><td>Cape Union, Cotton On</td></tr>\n    <tr><td>Parking_Total</td><td>0</td></tr>"},"_name":"Mill Square"}},{"type":"Feature","geometry":{"type":"Point","coordinates":[18.4649169852256,-33.980417006234,0]},"properties":{"name":"Standard Bank Galleria","visibility":false,"description":{"@type":"html","value":"<br><br><br>\n    <table border=\"1\" padding=\"0\">\n    <tr><td>Shopping_Centre_Name</td><td>Standard Bank Galleria</td></tr>\n    <tr><td>Street_Address</td><td>Main Road</td></tr>\n    <tr><td>Street_Suburb</td><td>Claremont</td></tr>\n    <tr><td>Street_City_or_Town</td><td>Cape Town</td></tr>\n    <tr><td>Street_Province_</td><td>Western Cape</td></tr>\n    <tr><td>Street_Country</td><td>South Africa</td></tr>\n    <tr><td>Core_Classification_ICSC</td><td>Local Convenience Centre</td></tr>\n    <tr><td>Classification_MD</td><td>Local Convenience Centre</td></tr>\n    <tr><td>Gross_Leasable_Floor_Area_in_sq</td><td>4468</td></tr>\n    <tr><td>Centre_Manager_Name</td><td></td></tr>\n    <tr><td>Centre_Manager_Telephone</td><td></td></tr>\n    <tr><td>Centre_Manager_Mobile</td><td></td></tr>\n    <tr><td>Centre_Manager_Email</td><td></td></tr>\n    <tr><td>Shopping_Centre_Website</td><td></td></tr>\n    <tr><td>Type</td><td></td></tr>\n    <tr><td>Leasing_Company_Name</td><td>New Property Ventures (Pty) Ltd</td></tr>\n    <tr><td>Leasing_Manager_Name</td><td>Anel Bridges</td></tr>\n    <tr><td>Leasing_Manager_Telephone</td><td>+2721 683 9061</td></tr>\n    <tr><td>Leasing_Manager_Mobile</td><td>+2779 516 5464</td></tr>\n    <tr><td>Marketing_Company_Name</td><td>New Property Ventures (Pty) Ltd</td></tr>\n    <tr><td>Owner</td><td>New Property Ventures</td></tr>\n    <tr><td>Name_of_Holding_Company</td><td></td></tr>\n    <tr><td>Name_of_Developer</td><td></td></tr>\n    <tr><td>Year_Developed</td><td>0</td></tr>\n    <tr><td>Year_Last_Refurbished</td><td>0</td></tr>\n    <tr><td>No_of_Retail_Floors</td><td>1</td></tr>\n    <tr><td>Latest_Annual_Foot_Count</td><td>0</td></tr>\n    <tr><td>No_of_Shops</td><td>3</td></tr>\n    <tr><td>Main_Anchors</td><td>Standard Bank, Dis-Chem, Flight Centre</td></tr>\n    <tr><td>Parking_Total</td><td>0</td></tr>"},"_name":"Standard Bank Galleria"}},{"type":"Feature","geometry":{"type":"Point","coordinates":[18.4236000154834,-33.917799992104,0]},"properties":{"name":"Icon Shopping Centre","visibility":false,"description":{"@type":"html","value":"<br><br><br>\n    <table border=\"1\" padding=\"0\">\n    <tr><td>Shopping_Centre_Name</td><td>Icon Shopping Centre</td></tr>\n    <tr><td>Street_Address</td><td>Cnr Loop Street & Hans Strijdom Avenue</td></tr>\n    <tr><td>Street_Suburb</td><td>Central</td></tr>\n    <tr><td>Street_City_or_Town</td><td>Cape Town</td></tr>\n    <tr><td>Street_Province_</td><td>Western Cape</td></tr>\n    <tr><td>Street_Country</td><td>South Africa</td></tr>\n    <tr><td>Core_Classification_ICSC</td><td>Local Convenience Centre</td></tr>\n    <tr><td>Classification_MD</td><td>Local Convenience Centre</td></tr>\n    <tr><td>Gross_Leasable_Floor_Area_in_sq</td><td>4497</td></tr>\n    <tr><td>Centre_Manager_Name</td><td></td></tr>\n    <tr><td>Centre_Manager_Telephone</td><td></td></tr>\n    <tr><td>Centre_Manager_Mobile</td><td></td></tr>\n    <tr><td>Centre_Manager_Email</td><td></td></tr>\n    <tr><td>Shopping_Centre_Website</td><td></td></tr>\n    <tr><td>Type</td><td></td></tr>\n    <tr><td>Leasing_Company_Name</td><td>Rennie Property Management (Pty) Ltd</td></tr>\n    <tr><td>Leasing_Manager_Name</td><td>Vincent Franco</td></tr>\n    <tr><td>Leasing_Manager_Telephone</td><td>+2721 418 1550</td></tr>\n    <tr><td>Leasing_Manager_Mobile</td><td>+2776 488 0882</td></tr>\n    <tr><td>Marketing_Company_Name</td><td></td></tr>\n    <tr><td>Owner</td><td>COESSA Group</td></tr>\n    <tr><td>Name_of_Holding_Company</td><td></td></tr>\n    <tr><td>Name_of_Developer</td><td></td></tr>\n    <tr><td>Year_Developed</td><td>2009</td></tr>\n    <tr><td>Year_Last_Refurbished</td><td>0</td></tr>\n    <tr><td>No_of_Retail_Floors</td><td>1</td></tr>\n    <tr><td>Latest_Annual_Foot_Count</td><td>0</td></tr>\n    <tr><td>No_of_Shops</td><td>20</td></tr>\n    <tr><td>Main_Anchors</td><td>Vida Café, Food Lover's Market</td></tr>\n    <tr><td>Parking_Total</td><td>50</td></tr>"},"_name":"Icon Shopping Centre"}},{"type":"Feature","geometry":{"type":"Point","coordinates":[18.6186489868696,-33.874035009161,0]},"properties":{"name":"Welgemoed Forum","visibility":false,"description":{"@type":"html","value":"<br><br><br>\n    <table border=\"1\" padding=\"0\">\n    <tr><td>Shopping_Centre_Name</td><td>Welgemoed Forum</td></tr>\n    <tr><td>Street_Address</td><td>Cnr Jip de Jager Drive & Kommissaris Street</td></tr>\n    <tr><td>Street_Suburb</td><td>Welgemoed</td></tr>\n    <tr><td>Street_City_or_Town</td><td>Bellville</td></tr>\n    <tr><td>Street_Province_</td><td>Western Cape</td></tr>\n    <tr><td>Street_Country</td><td>South Africa</td></tr>\n    <tr><td>Core_Classification_ICSC</td><td>Local Convenience Centre</td></tr>\n    <tr><td>Classification_MD</td><td>Local Convenience Centre</td></tr>\n    <tr><td>Gross_Leasable_Floor_Area_in_sq</td><td>4497.39</td></tr>\n    <tr><td>Centre_Manager_Name</td><td>Pieter Carstens</td></tr>\n    <tr><td>Centre_Manager_Telephone</td><td>+2721 943 1023</td></tr>\n    <tr><td>Centre_Manager_Mobile</td><td>+2782 853 2682</td></tr>\n    <tr><td>Centre_Manager_Email</td><td>Pieter.carstens@jhi.co.za</td></tr>\n    <tr><td>Shopping_Centre_Website</td><td></td></tr>\n    <tr><td>Type</td><td>Majors</td></tr>\n    <tr><td>Leasing_Company_Name</td><td>JHI Properties (Pty) Ltd</td></tr>\n    <tr><td>Leasing_Manager_Name</td><td>Pieter Carstens</td></tr>\n    <tr><td>Leasing_Manager_Telephone</td><td>+2721 943 1023</td></tr>\n    <tr><td>Leasing_Manager_Mobile</td><td>+2782 853 2682</td></tr>\n    <tr><td>Marketing_Company_Name</td><td>JHI Properties (Pty) Ltd</td></tr>\n    <tr><td>Owner</td><td>Blue Nightingale Trading 858 (Pty) Ltd</td></tr>\n    <tr><td>Name_of_Holding_Company</td><td></td></tr>\n    <tr><td>Name_of_Developer</td><td></td></tr>\n    <tr><td>Year_Developed</td><td>1998</td></tr>\n    <tr><td>Year_Last_Refurbished</td><td>0</td></tr>\n    <tr><td>No_of_Retail_Floors</td><td>2</td></tr>\n    <tr><td>Latest_Annual_Foot_Count</td><td>0</td></tr>\n    <tr><td>No_of_Shops</td><td>23</td></tr>\n    <tr><td>Main_Anchors</td><td>Woolworths, Clicks</td></tr>\n    <tr><td>Parking_Total</td><td>150</td></tr>"},"_name":"Welgemoed Forum"}},{"type":"Feature","geometry":{"type":"Point","coordinates":[18.6478170007684,-33.830896992773,0]},"properties":{"name":"Checkers Centre - Midville","visibility":false,"description":{"@type":"html","value":"<br><br><br>\n    <table border=\"1\" padding=\"0\">\n    <tr><td>Shopping_Centre_Name</td><td>Checkers Centre - Midville</td></tr>\n    <tr><td>Street_Address</td><td>Wellington Road</td></tr>\n    <tr><td>Street_Suburb</td><td>Central</td></tr>\n    <tr><td>Street_City_or_Town</td><td>Durbanville</td></tr>\n    <tr><td>Street_Province_</td><td>Western Cape</td></tr>\n    <tr><td>Street_Country</td><td>South Africa</td></tr>\n    <tr><td>Core_Classification_ICSC</td><td>Local Convenience Centre</td></tr>\n    <tr><td>Classification_MD</td><td>Local Convenience Centre</td></tr>\n    <tr><td>Gross_Leasable_Floor_Area_in_sq</td><td>4509</td></tr>\n    <tr><td>Centre_Manager_Name</td><td>Gerda Jordaan</td></tr>\n    <tr><td>Centre_Manager_Telephone</td><td>+2721 980 4419</td></tr>\n    <tr><td>Centre_Manager_Mobile</td><td>+2782 441 1189</td></tr>\n    <tr><td>Centre_Manager_Email</td><td>gejordaan@shoprite.co.za</td></tr>\n    <tr><td>Shopping_Centre_Website</td><td>www.shoprite.co.za</td></tr>\n    <tr><td>Type</td><td>Majors</td></tr>\n    <tr><td>Leasing_Company_Name</td><td>Shoprite Checkers (Pty) Ltd - Property Division</td></tr>\n    <tr><td>Leasing_Manager_Name</td><td>Gerda Jordaan</td></tr>\n    <tr><td>Leasing_Manager_Telephone</td><td>+2721 980 4419</td></tr>\n    <tr><td>Leasing_Manager_Mobile</td><td>+2782 441 1189</td></tr>\n    <tr><td>Marketing_Company_Name</td><td></td></tr>\n    <tr><td>Owner</td><td>Shoprite Checkers (Pty) Ltd</td></tr>\n    <tr><td>Name_of_Holding_Company</td><td></td></tr>\n    <tr><td>Name_of_Developer</td><td></td></tr>\n    <tr><td>Year_Developed</td><td>0</td></tr>\n    <tr><td>Year_Last_Refurbished</td><td>2013</td></tr>\n    <tr><td>No_of_Retail_Floors</td><td>1</td></tr>\n    <tr><td>Latest_Annual_Foot_Count</td><td>0</td></tr>\n    <tr><td>No_of_Shops</td><td>24</td></tr>\n    <tr><td>Main_Anchors</td><td>Shoprite Checkers</td></tr>\n    <tr><td>Parking_Total</td><td>0</td></tr>"},"_name":"Checkers Centre - Midville"}},{"type":"Feature","geometry":{"type":"Point","coordinates":[18.6812999868226,-34.002800012723,0]},"properties":{"name":"Shoprite Centre - Mfuleni","visibility":false,"description":{"@type":"html","value":"<br><br><br>\n    <table border=\"1\" padding=\"0\">\n    <tr><td>Shopping_Centre_Name</td><td>Shoprite Centre - Mfuleni</td></tr>\n    <tr><td>Street_Address</td><td>Main Road</td></tr>\n    <tr><td>Street_Suburb</td><td>Mfuleni</td></tr>\n    <tr><td>Street_City_or_Town</td><td>Cape Town</td></tr>\n    <tr><td>Street_Province_</td><td>Western Cape</td></tr>\n    <tr><td>Street_Country</td><td>South Africa</td></tr>\n    <tr><td>Core_Classification_ICSC</td><td>Local Convenience Centre</td></tr>\n    <tr><td>Classification_MD</td><td>Local Convenience Centre</td></tr>\n    <tr><td>Gross_Leasable_Floor_Area_in_sq</td><td>4539</td></tr>\n    <tr><td>Centre_Manager_Name</td><td>Faizel Barnes</td></tr>\n    <tr><td>Centre_Manager_Telephone</td><td>+2721 980 4425</td></tr>\n    <tr><td>Centre_Manager_Mobile</td><td>+2782 468 4184</td></tr>\n    <tr><td>Centre_Manager_Email</td><td>fbarnes@shoprite.co.za</td></tr>\n    <tr><td>Shopping_Centre_Website</td><td>www.shoprite.co.za</td></tr>\n    <tr><td>Type</td><td>Majors</td></tr>\n    <tr><td>Leasing_Company_Name</td><td>Shoprite Checkers (Pty) Ltd - Property Division</td></tr>\n    <tr><td>Leasing_Manager_Name</td><td>Faizel Barnes</td></tr>\n    <tr><td>Leasing_Manager_Telephone</td><td>+2721 980 4425</td></tr>\n    <tr><td>Leasing_Manager_Mobile</td><td>+2782 468 4184</td></tr>\n    <tr><td>Marketing_Company_Name</td><td>Shoprite Checkers (Pty) Ltd - Marketing Division</td></tr>\n    <tr><td>Owner</td><td>Shoprite Checkers (Pty) Ltd</td></tr>\n    <tr><td>Name_of_Holding_Company</td><td></td></tr>\n    <tr><td>Name_of_Developer</td><td>Shoprite Checkers Properties Ltd</td></tr>\n    <tr><td>Year_Developed</td><td>2007</td></tr>\n    <tr><td>Year_Last_Refurbished</td><td>0</td></tr>\n    <tr><td>No_of_Retail_Floors</td><td>1</td></tr>\n    <tr><td>Latest_Annual_Foot_Count</td><td>0</td></tr>\n    <tr><td>No_of_Shops</td><td>15</td></tr>\n    <tr><td>Main_Anchors</td><td>Shoprite</td></tr>\n    <tr><td>Parking_Total</td><td>155</td></tr>"},"_name":"Shoprite Centre - Mfuleni"}},{"type":"Feature","geometry":{"type":"Point","coordinates":[18.826899995695,-34.085200009964,0]},"properties":{"name":"Somerset West Retail Node: 7. The Meltz Centre","visibility":false,"description":{"@type":"html","value":"<br><br><br>\n    <table border=\"1\" padding=\"0\">\n    <tr><td>Shopping_Centre_Name</td><td>Somerset West Retail Node: 7. The Meltz Centre</td></tr>\n    <tr><td>Street_Address</td><td>Somerset Mall</td></tr>\n    <tr><td>Street_Suburb</td><td>Somerset Mall Precinct</td></tr>\n    <tr><td>Street_City_or_Town</td><td>Somerset West</td></tr>\n    <tr><td>Street_Province_</td><td>Western Cape</td></tr>\n    <tr><td>Street_Country</td><td>South Africa</td></tr>\n    <tr><td>Core_Classification_ICSC</td><td>Local Convenience Centre</td></tr>\n    <tr><td>Classification_MD</td><td>Part of Super Regional Node</td></tr>\n    <tr><td>Gross_Leasable_Floor_Area_in_sq</td><td>4613</td></tr>\n    <tr><td>Centre_Manager_Name</td><td>Tony Cowie</td></tr>\n    <tr><td>Centre_Manager_Telephone</td><td></td></tr>\n    <tr><td>Centre_Manager_Mobile</td><td>+2773 551 5284</td></tr>\n    <tr><td>Centre_Manager_Email</td><td>tonycowie3@gmail.com</td></tr>\n    <tr><td>Shopping_Centre_Website</td><td></td></tr>\n    <tr><td>Type</td><td>Majors</td></tr>\n    <tr><td>Leasing_Company_Name</td><td>Moolman Group (Pty) Ltd</td></tr>\n    <tr><td>Leasing_Manager_Name</td><td>Ennerine Brits</td></tr>\n    <tr><td>Leasing_Manager_Telephone</td><td>+2712 361 7970</td></tr>\n    <tr><td>Leasing_Manager_Mobile</td><td></td></tr>\n    <tr><td>Marketing_Company_Name</td><td></td></tr>\n    <tr><td>Owner</td><td>Defensive Play Properties 14 (Pty) Ltd</td></tr>\n    <tr><td>Name_of_Holding_Company</td><td></td></tr>\n    <tr><td>Name_of_Developer</td><td>Moolman Group of Companies</td></tr>\n    <tr><td>Year_Developed</td><td>2008</td></tr>\n    <tr><td>Year_Last_Refurbished</td><td>0</td></tr>\n    <tr><td>No_of_Retail_Floors</td><td>1</td></tr>\n    <tr><td>Latest_Annual_Foot_Count</td><td>0</td></tr>\n    <tr><td>No_of_Shops</td><td>4</td></tr>\n    <tr><td>Main_Anchors</td><td>Meltz Mega Factory</td></tr>\n    <tr><td>Parking_Total</td><td>0</td></tr>"},"_name":"Somerset West Retail Node: 7. The Meltz Centre"}},{"type":"Feature","geometry":{"type":"Point","coordinates":[18.4561999966516,-34.084800000337,0]},"properties":{"name":"Lakeside Centre","visibility":false,"description":{"@type":"html","value":"<br><br><br>\n    <table border=\"1\" padding=\"0\">\n    <tr><td>Shopping_Centre_Name</td><td>Lakeside Centre</td></tr>\n    <tr><td>Street_Address</td><td>Main Road</td></tr>\n    <tr><td>Street_Suburb</td><td>Lakeside</td></tr>\n    <tr><td>Street_City_or_Town</td><td>Cape Town</td></tr>\n    <tr><td>Street_Province_</td><td>Western Cape</td></tr>\n    <tr><td>Street_Country</td><td>South Africa</td></tr>\n    <tr><td>Core_Classification_ICSC</td><td>Local Convenience Centre</td></tr>\n    <tr><td>Classification_MD</td><td>Local Convenience Centre</td></tr>\n    <tr><td>Gross_Leasable_Floor_Area_in_sq</td><td>4678</td></tr>\n    <tr><td>Centre_Manager_Name</td><td>Nadia Naidoo</td></tr>\n    <tr><td>Centre_Manager_Telephone</td><td>+2721 530 5760</td></tr>\n    <tr><td>Centre_Manager_Mobile</td><td>+2783 415 7095</td></tr>\n    <tr><td>Centre_Manager_Email</td><td>nnaidoo@inframax.co.za</td></tr>\n    <tr><td>Shopping_Centre_Website</td><td></td></tr>\n    <tr><td>Type</td><td></td></tr>\n    <tr><td>Leasing_Company_Name</td><td>Inframax Investments</td></tr>\n    <tr><td>Leasing_Manager_Name</td><td>John Weaver</td></tr>\n    <tr><td>Leasing_Manager_Telephone</td><td>+2721 530 5760</td></tr>\n    <tr><td>Leasing_Manager_Mobile</td><td>+2783 461 2244</td></tr>\n    <tr><td>Marketing_Company_Name</td><td></td></tr>\n    <tr><td>Owner</td><td>Inframax Investments</td></tr>\n    <tr><td>Name_of_Holding_Company</td><td>Inframax Holdings (Pty) Ltd</td></tr>\n    <tr><td>Name_of_Developer</td><td>Highland Knight Investments</td></tr>\n    <tr><td>Year_Developed</td><td>1990</td></tr>\n    <tr><td>Year_Last_Refurbished</td><td>2002</td></tr>\n    <tr><td>No_of_Retail_Floors</td><td>1</td></tr>\n    <tr><td>Latest_Annual_Foot_Count</td><td>0</td></tr>\n    <tr><td>No_of_Shops</td><td>13</td></tr>\n    <tr><td>Main_Anchors</td><td>Pick n Pay Store, Pick n Pay Liquors, Simply Asia & Total Garage</td></tr>\n    <tr><td>Parking_Total</td><td>60</td></tr>"},"_name":"Lakeside Centre"}},{"type":"Feature","geometry":{"type":"Point","coordinates":[18.4653280140718,-33.980216988356,0]},"properties":{"name":"Shoprite Centre - Claremont","visibility":false,"description":{"@type":"html","value":"<br><br><br>\n    <table border=\"1\" padding=\"0\">\n    <tr><td>Shopping_Centre_Name</td><td>Shoprite Centre - Claremont</td></tr>\n    <tr><td>Street_Address</td><td>Main Road</td></tr>\n    <tr><td>Street_Suburb</td><td>Claremont</td></tr>\n    <tr><td>Street_City_or_Town</td><td>Cape Town</td></tr>\n    <tr><td>Street_Province_</td><td>Western Cape</td></tr>\n    <tr><td>Street_Country</td><td>South Africa</td></tr>\n    <tr><td>Core_Classification_ICSC</td><td>Local Convenience Centre</td></tr>\n    <tr><td>Classification_MD</td><td>Local Convenience Centre</td></tr>\n    <tr><td>Gross_Leasable_Floor_Area_in_sq</td><td>4694</td></tr>\n    <tr><td>Centre_Manager_Name</td><td></td></tr>\n    <tr><td>Centre_Manager_Telephone</td><td></td></tr>\n    <tr><td>Centre_Manager_Mobile</td><td></td></tr>\n    <tr><td>Centre_Manager_Email</td><td></td></tr>\n    <tr><td>Shopping_Centre_Website</td><td></td></tr>\n    <tr><td>Type</td><td>Majors</td></tr>\n    <tr><td>Leasing_Company_Name</td><td>Redefine Properties Ltd</td></tr>\n    <tr><td>Leasing_Manager_Name</td><td>Lorraine Snyman</td></tr>\n    <tr><td>Leasing_Manager_Telephone</td><td>+2721 443 7600</td></tr>\n    <tr><td>Leasing_Manager_Mobile</td><td>+2772 276 6017</td></tr>\n    <tr><td>Marketing_Company_Name</td><td></td></tr>\n    <tr><td>Owner</td><td>Redefine Income Fund Ltd</td></tr>\n    <tr><td>Name_of_Holding_Company</td><td>Redefine Properties Ltd</td></tr>\n    <tr><td>Name_of_Developer</td><td></td></tr>\n    <tr><td>Year_Developed</td><td>0</td></tr>\n    <tr><td>Year_Last_Refurbished</td><td>0</td></tr>\n    <tr><td>No_of_Retail_Floors</td><td>1</td></tr>\n    <tr><td>Latest_Annual_Foot_Count</td><td>0</td></tr>\n    <tr><td>No_of_Shops</td><td>3</td></tr>\n    <tr><td>Main_Anchors</td><td>Shoprite</td></tr>\n    <tr><td>Parking_Total</td><td>0</td></tr>"},"_name":"Shoprite Centre - Claremont"}},{"type":"Feature","geometry":{"type":"Point","coordinates":[18.6755639805994,-33.836231996073,0]},"properties":{"name":"Ipic Shopping Centre - Sonstraal","visibility":false,"description":{"@type":"html","value":"<br><br><br>\n    <table border=\"1\" padding=\"0\">\n    <tr><td>Shopping_Centre_Name</td><td>Ipic Shopping Centre - Sonstraal</td></tr>\n    <tr><td>Street_Address</td><td>Cnr Langeberg Road & Verdi Boulevard</td></tr>\n    <tr><td>Street_Suburb</td><td>Sonstraal Hoogte</td></tr>\n    <tr><td>Street_City_or_Town</td><td>Durbanville</td></tr>\n    <tr><td>Street_Province_</td><td>Western Cape</td></tr>\n    <tr><td>Street_Country</td><td>South Africa</td></tr>\n    <tr><td>Core_Classification_ICSC</td><td>Local Convenience Centre</td></tr>\n    <tr><td>Classification_MD</td><td>Local Convenience Centre</td></tr>\n    <tr><td>Gross_Leasable_Floor_Area_in_sq</td><td>4710</td></tr>\n    <tr><td>Centre_Manager_Name</td><td>Louis Kruger Property Management</td></tr>\n    <tr><td>Centre_Manager_Telephone</td><td>+2721 903 3101</td></tr>\n    <tr><td>Centre_Manager_Mobile</td><td>+2783 270 3466</td></tr>\n    <tr><td>Centre_Manager_Email</td><td>louis@lkpm.co.za</td></tr>\n    <tr><td>Shopping_Centre_Website</td><td>www.ipicgroup.com</td></tr>\n    <tr><td>Type</td><td>Majors</td></tr>\n    <tr><td>Leasing_Company_Name</td><td>Louis Kruger Property Management</td></tr>\n    <tr><td>Leasing_Manager_Name</td><td>Louis Kruger</td></tr>\n    <tr><td>Leasing_Manager_Telephone</td><td>+2721 903 3101</td></tr>\n    <tr><td>Leasing_Manager_Mobile</td><td>+2783 270 3466</td></tr>\n    <tr><td>Marketing_Company_Name</td><td>The Blue Room</td></tr>\n    <tr><td>Owner</td><td>Ipic Properties (Pty) Ltd</td></tr>\n    <tr><td>Name_of_Holding_Company</td><td></td></tr>\n    <tr><td>Name_of_Developer</td><td>In Solidium Trust</td></tr>\n    <tr><td>Year_Developed</td><td>2000</td></tr>\n    <tr><td>Year_Last_Refurbished</td><td>2014</td></tr>\n    <tr><td>No_of_Retail_Floors</td><td>1</td></tr>\n    <tr><td>Latest_Annual_Foot_Count</td><td>0</td></tr>\n    <tr><td>No_of_Shops</td><td>20</td></tr>\n    <tr><td>Main_Anchors</td><td>Superspar, Tops</td></tr>\n    <tr><td>Parking_Total</td><td>289</td></tr>"},"_name":"Ipic Shopping Centre - Sonstraal"}},{"type":"Feature","geometry":{"type":"Point","coordinates":[18.4653000124024,-34.033099990716,0]},"properties":{"name":"Tramways Village","visibility":false,"description":{"@type":"html","value":"<br><br><br>\n    <table border=\"1\" padding=\"0\">\n    <tr><td>Shopping_Centre_Name</td><td>Tramways Village</td></tr>\n    <tr><td>Street_Address</td><td>Main Road</td></tr>\n    <tr><td>Street_Suburb</td><td>Dieprivier</td></tr>\n    <tr><td>Street_City_or_Town</td><td>Cape Town</td></tr>\n    <tr><td>Street_Province_</td><td>Western Cape</td></tr>\n    <tr><td>Street_Country</td><td>South Africa</td></tr>\n    <tr><td>Core_Classification_ICSC</td><td>Local Convenience Centre</td></tr>\n    <tr><td>Classification_MD</td><td>Local Convenience Centre</td></tr>\n    <tr><td>Gross_Leasable_Floor_Area_in_sq</td><td>4727</td></tr>\n    <tr><td>Centre_Manager_Name</td><td></td></tr>\n    <tr><td>Centre_Manager_Telephone</td><td></td></tr>\n    <tr><td>Centre_Manager_Mobile</td><td></td></tr>\n    <tr><td>Centre_Manager_Email</td><td></td></tr>\n    <tr><td>Shopping_Centre_Website</td><td></td></tr>\n    <tr><td>Type</td><td>Majors</td></tr>\n    <tr><td>Leasing_Company_Name</td><td>Rennie Property Management (Pty) Ltd</td></tr>\n    <tr><td>Leasing_Manager_Name</td><td>Gascon Human</td></tr>\n    <tr><td>Leasing_Manager_Telephone</td><td>+2721 418 1550</td></tr>\n    <tr><td>Leasing_Manager_Mobile</td><td></td></tr>\n    <tr><td>Marketing_Company_Name</td><td></td></tr>\n    <tr><td>Owner</td><td>Privately Owned</td></tr>\n    <tr><td>Name_of_Holding_Company</td><td></td></tr>\n    <tr><td>Name_of_Developer</td><td></td></tr>\n    <tr><td>Year_Developed</td><td>2004</td></tr>\n    <tr><td>Year_Last_Refurbished</td><td>0</td></tr>\n    <tr><td>No_of_Retail_Floors</td><td>1</td></tr>\n    <tr><td>Latest_Annual_Foot_Count</td><td>0</td></tr>\n    <tr><td>No_of_Shops</td><td>4</td></tr>\n    <tr><td>Main_Anchors</td><td>Meltz</td></tr>\n    <tr><td>Parking_Total</td><td>0</td></tr>"},"_name":"Tramways Village"}},{"type":"Feature","geometry":{"type":"Point","coordinates":[18.8278330064566,-34.087582012549,0]},"properties":{"name":"Somerset West Retail Node: 6. Somerset Decor Centre","visibility":false,"description":{"@type":"html","value":"<br><br><br>\n    <table border=\"1\" padding=\"0\">\n    <tr><td>Shopping_Centre_Name</td><td>Somerset West Retail Node: 6. Somerset Decor Centre</td></tr>\n    <tr><td>Street_Address</td><td>Off N2 on De Beers Avenue</td></tr>\n    <tr><td>Street_Suburb</td><td>Somerset Mall Precinct</td></tr>\n    <tr><td>Street_City_or_Town</td><td>Somerset West</td></tr>\n    <tr><td>Street_Province_</td><td>Western Cape</td></tr>\n    <tr><td>Street_Country</td><td>South Africa</td></tr>\n    <tr><td>Core_Classification_ICSC</td><td>Local Convenience Centre</td></tr>\n    <tr><td>Classification_MD</td><td>Part of Super Regional Node</td></tr>\n    <tr><td>Gross_Leasable_Floor_Area_in_sq</td><td>4800</td></tr>\n    <tr><td>Centre_Manager_Name</td><td>Lea-Jean Davids</td></tr>\n    <tr><td>Centre_Manager_Telephone</td><td>+2721 914 7363</td></tr>\n    <tr><td>Centre_Manager_Mobile</td><td></td></tr>\n    <tr><td>Centre_Manager_Email</td><td>info@omnicron.co.za</td></tr>\n    <tr><td>Shopping_Centre_Website</td><td></td></tr>\n    <tr><td>Type</td><td>2 to 3</td></tr>\n    <tr><td>Leasing_Company_Name</td><td>Omnicron Commercial Property</td></tr>\n    <tr><td>Leasing_Manager_Name</td><td>Jacques Theron</td></tr>\n    <tr><td>Leasing_Manager_Telephone</td><td>+2721 914 7363</td></tr>\n    <tr><td>Leasing_Manager_Mobile</td><td></td></tr>\n    <tr><td>Marketing_Company_Name</td><td></td></tr>\n    <tr><td>Owner</td><td>Eagle Creek Investments 246 (Pty) Ltd</td></tr>\n    <tr><td>Name_of_Holding_Company</td><td></td></tr>\n    <tr><td>Name_of_Developer</td><td></td></tr>\n    <tr><td>Year_Developed</td><td>2007</td></tr>\n    <tr><td>Year_Last_Refurbished</td><td>0</td></tr>\n    <tr><td>No_of_Retail_Floors</td><td>1</td></tr>\n    <tr><td>Latest_Annual_Foot_Count</td><td>0</td></tr>\n    <tr><td>No_of_Shops</td><td>16</td></tr>\n    <tr><td>Main_Anchors</td><td>Pine City, White House</td></tr>\n    <tr><td>Parking_Total</td><td>150</td></tr>"},"_name":"Somerset West Retail Node: 6. Somerset Decor Centre"}},{"type":"Feature","geometry":{"type":"Point","coordinates":[18.4956539841256,-33.816454003611,0]},"properties":{"name":"The Piazza Shopping Centre","visibility":false,"description":{"@type":"html","value":"<br><br><br>\n    <table border=\"1\" padding=\"0\">\n    <tr><td>Shopping_Centre_Name</td><td>The Piazza Shopping Centre</td></tr>\n    <tr><td>Street_Address</td><td>Cnr Link & Main Roads</td></tr>\n    <tr><td>Street_Suburb</td><td>Parklands</td></tr>\n    <tr><td>Street_City_or_Town</td><td>Cape Town</td></tr>\n    <tr><td>Street_Province_</td><td>Western Cape</td></tr>\n    <tr><td>Street_Country</td><td>South Africa</td></tr>\n    <tr><td>Core_Classification_ICSC</td><td>Local Convenience Centre</td></tr>\n    <tr><td>Classification_MD</td><td>Local Convenience Centre</td></tr>\n    <tr><td>Gross_Leasable_Floor_Area_in_sq</td><td>4802</td></tr>\n    <tr><td>Centre_Manager_Name</td><td>Kobus Barnard</td></tr>\n    <tr><td>Centre_Manager_Telephone</td><td></td></tr>\n    <tr><td>Centre_Manager_Mobile</td><td>+2784 572 9585</td></tr>\n    <tr><td>Centre_Manager_Email</td><td>kobusbarnard@absamail.co.za</td></tr>\n    <tr><td>Shopping_Centre_Website</td><td>www.sacentres.co.za</td></tr>\n    <tr><td>Type</td><td>Majors</td></tr>\n    <tr><td>Leasing_Company_Name</td><td>SA Centres</td></tr>\n    <tr><td>Leasing_Manager_Name</td><td>Kle Bonthuis</td></tr>\n    <tr><td>Leasing_Manager_Telephone</td><td>+2711 663 0400</td></tr>\n    <tr><td>Leasing_Manager_Mobile</td><td>+2772 250 8725</td></tr>\n    <tr><td>Marketing_Company_Name</td><td>SA Centres</td></tr>\n    <tr><td>Owner</td><td>Char-Trade 246 CC</td></tr>\n    <tr><td>Name_of_Holding_Company</td><td>SA Centres</td></tr>\n    <tr><td>Name_of_Developer</td><td></td></tr>\n    <tr><td>Year_Developed</td><td>2005</td></tr>\n    <tr><td>Year_Last_Refurbished</td><td>0</td></tr>\n    <tr><td>No_of_Retail_Floors</td><td>1</td></tr>\n    <tr><td>Latest_Annual_Foot_Count</td><td>0</td></tr>\n    <tr><td>No_of_Shops</td><td>41</td></tr>\n    <tr><td>Main_Anchors</td><td>Spar, Nedbank, Flight Centre, FNB, Steers</td></tr>\n    <tr><td>Parking_Total</td><td>0</td></tr>"},"_name":"The Piazza Shopping Centre"}},{"type":"Feature","geometry":{"type":"Point","coordinates":[18.6230999960788,-34.049100009967,0]},"properties":{"name":"Shoprite Centre - Mitchell's Plain","visibility":false,"description":{"@type":"html","value":"<br><br><br>\n    <table border=\"1\" padding=\"0\">\n    <tr><td>Shopping_Centre_Name</td><td>Shoprite Centre - Mitchell's Plain</td></tr>\n    <tr><td>Street_Address</td><td>Symphony Walk</td></tr>\n    <tr><td>Street_Suburb</td><td>Town Centre</td></tr>\n    <tr><td>Street_City_or_Town</td><td>Mitchell's Plain</td></tr>\n    <tr><td>Street_Province_</td><td>Western Cape</td></tr>\n    <tr><td>Street_Country</td><td>South Africa</td></tr>\n    <tr><td>Core_Classification_ICSC</td><td>Local Convenience Centre</td></tr>\n    <tr><td>Classification_MD</td><td>Local Convenience Centre</td></tr>\n    <tr><td>Gross_Leasable_Floor_Area_in_sq</td><td>4975</td></tr>\n    <tr><td>Centre_Manager_Name</td><td>David Newham Property Group</td></tr>\n    <tr><td>Centre_Manager_Telephone</td><td>+2721 948 0934</td></tr>\n    <tr><td>Centre_Manager_Mobile</td><td>+2782 573 9205</td></tr>\n    <tr><td>Centre_Manager_Email</td><td>pretoriusp@dnpg.co.za</td></tr>\n    <tr><td>Shopping_Centre_Website</td><td></td></tr>\n    <tr><td>Type</td><td>Majors</td></tr>\n    <tr><td>Leasing_Company_Name</td><td>David Newham Property Group</td></tr>\n    <tr><td>Leasing_Manager_Name</td><td>Piet Pretorius</td></tr>\n    <tr><td>Leasing_Manager_Telephone</td><td>+2721 948 0934</td></tr>\n    <tr><td>Leasing_Manager_Mobile</td><td>+2782 573 9205</td></tr>\n    <tr><td>Marketing_Company_Name</td><td>David Newham Property Group</td></tr>\n    <tr><td>Owner</td><td>Trust c/o David Newham Property Group</td></tr>\n    <tr><td>Name_of_Holding_Company</td><td></td></tr>\n    <tr><td>Name_of_Developer</td><td>David Newham Property Group</td></tr>\n    <tr><td>Year_Developed</td><td>1970</td></tr>\n    <tr><td>Year_Last_Refurbished</td><td>1985</td></tr>\n    <tr><td>No_of_Retail_Floors</td><td>2</td></tr>\n    <tr><td>Latest_Annual_Foot_Count</td><td>0</td></tr>\n    <tr><td>No_of_Shops</td><td>9</td></tr>\n    <tr><td>Main_Anchors</td><td>Shoprite, Hungry Lion</td></tr>\n    <tr><td>Parking_Total</td><td>100</td></tr>"},"_name":"Shoprite Centre - Mitchell's Plain"}},{"type":"Feature","geometry":{"type":"Point","coordinates":[18.3831579864706,-33.920895997109,0]},"properties":{"name":"Galleria Shopping Centre - Sea Point","visibility":false,"description":{"@type":"html","value":"<br><br><br>\n    <table border=\"1\" padding=\"0\">\n    <tr><td>Shopping_Centre_Name</td><td>Galleria Shopping Centre - Sea Point</td></tr>\n    <tr><td>Street_Address</td><td>Regent Road</td></tr>\n    <tr><td>Street_Suburb</td><td>Sea Point</td></tr>\n    <tr><td>Street_City_or_Town</td><td>Cape Town</td></tr>\n    <tr><td>Street_Province_</td><td>Western Cape</td></tr>\n    <tr><td>Street_Country</td><td>South Africa</td></tr>\n    <tr><td>Core_Classification_ICSC</td><td>Local Convenience Centre</td></tr>\n    <tr><td>Classification_MD</td><td>Local Convenience Centre</td></tr>\n    <tr><td>Gross_Leasable_Floor_Area_in_sq</td><td>4987</td></tr>\n    <tr><td>Centre_Manager_Name</td><td>Bianca Arnsmeyer</td></tr>\n    <tr><td>Centre_Manager_Telephone</td><td>+2721 439 9030</td></tr>\n    <tr><td>Centre_Manager_Mobile</td><td>+2772 224 2777</td></tr>\n    <tr><td>Centre_Manager_Email</td><td>bianca@bermanbros.co.za</td></tr>\n    <tr><td>Shopping_Centre_Website</td><td></td></tr>\n    <tr><td>Type</td><td></td></tr>\n    <tr><td>Leasing_Company_Name</td><td>Berman Brothers (Pty) Ltd</td></tr>\n    <tr><td>Leasing_Manager_Name</td><td>Bianca Arnsmeyer</td></tr>\n    <tr><td>Leasing_Manager_Telephone</td><td>+2721 439 9030</td></tr>\n    <tr><td>Leasing_Manager_Mobile</td><td>+2772 224 2777</td></tr>\n    <tr><td>Marketing_Company_Name</td><td></td></tr>\n    <tr><td>Owner</td><td>Thermasolve Investment (Pty) Ltd</td></tr>\n    <tr><td>Name_of_Holding_Company</td><td></td></tr>\n    <tr><td>Name_of_Developer</td><td>Checkers Properties Ltd</td></tr>\n    <tr><td>Year_Developed</td><td>1995</td></tr>\n    <tr><td>Year_Last_Refurbished</td><td>2013</td></tr>\n    <tr><td>No_of_Retail_Floors</td><td>4</td></tr>\n    <tr><td>Latest_Annual_Foot_Count</td><td>749602</td></tr>\n    <tr><td>No_of_Shops</td><td>24</td></tr>\n    <tr><td>Main_Anchors</td><td>Shoprite Checkers, Pick n Pay Clothing, Dis-Chem, Sportsmans Warehouse</td></tr>\n    <tr><td>Parking_Total</td><td>400</td></tr>"},"_name":"Galleria Shopping Centre - Sea Point"}},{"type":"Feature","geometry":{"type":"Point","coordinates":[18.5443999872196,-33.840900003113,0]},"properties":{"name":"Burgundy Square","visibility":false,"description":{"@type":"html","value":"<br><br><br>\n    <table border=\"1\" padding=\"0\">\n    <tr><td>Shopping_Centre_Name</td><td>Burgundy Square</td></tr>\n    <tr><td>Street_Address</td><td>Cnr Tygerberg Valley Road & Burgundy Drive</td></tr>\n    <tr><td>Street_Suburb</td><td>De Grendal</td></tr>\n    <tr><td>Street_City_or_Town</td><td>Cape Town</td></tr>\n    <tr><td>Street_Province_</td><td>Western Cape</td></tr>\n    <tr><td>Street_Country</td><td>South Africa</td></tr>\n    <tr><td>Core_Classification_ICSC</td><td>Local Convenience Centre</td></tr>\n    <tr><td>Classification_MD</td><td>Local Convenience Centre</td></tr>\n    <tr><td>Gross_Leasable_Floor_Area_in_sq</td><td>4996</td></tr>\n    <tr><td>Centre_Manager_Name</td><td>Bruce Low</td></tr>\n    <tr><td>Centre_Manager_Telephone</td><td></td></tr>\n    <tr><td>Centre_Manager_Mobile</td><td>+2782 802 1766</td></tr>\n    <tr><td>Centre_Manager_Email</td><td>blow@shoprite.co.za</td></tr>\n    <tr><td>Shopping_Centre_Website</td><td>www.shoprite.co.za</td></tr>\n    <tr><td>Type</td><td>Majors</td></tr>\n    <tr><td>Leasing_Company_Name</td><td>Shoprite Checkers (Pty) Ltd - Property Division</td></tr>\n    <tr><td>Leasing_Manager_Name</td><td>Bruce Low</td></tr>\n    <tr><td>Leasing_Manager_Telephone</td><td>+2721 980 4638</td></tr>\n    <tr><td>Leasing_Manager_Mobile</td><td>+2782 802 1766</td></tr>\n    <tr><td>Marketing_Company_Name</td><td>Shoprite Checkers (Pty) Ltd - Marketing Division</td></tr>\n    <tr><td>Owner</td><td>Shoprite Checkers (Pty) Ltd</td></tr>\n    <tr><td>Name_of_Holding_Company</td><td></td></tr>\n    <tr><td>Name_of_Developer</td><td></td></tr>\n    <tr><td>Year_Developed</td><td>2009</td></tr>\n    <tr><td>Year_Last_Refurbished</td><td>0</td></tr>\n    <tr><td>No_of_Retail_Floors</td><td>1</td></tr>\n    <tr><td>Latest_Annual_Foot_Count</td><td>0</td></tr>\n    <tr><td>No_of_Shops</td><td>19</td></tr>\n    <tr><td>Main_Anchors</td><td>Checkers</td></tr>\n    <tr><td>Parking_Total</td><td>300</td></tr>"},"_name":"Burgundy Square"}},{"type":"Feature","geometry":{"type":"Point","coordinates":[18.4379130019336,-34.079659005234,0]},"properties":{"name":"Westlake Lifestyle Centre","visibility":false,"description":{"@type":"html","value":"<br><br><br>\n    <table border=\"1\" padding=\"0\">\n    <tr><td>Shopping_Centre_Name</td><td>Westlake Lifestyle Centre</td></tr>\n    <tr><td>Street_Address</td><td>Westlake Drive</td></tr>\n    <tr><td>Street_Suburb</td><td>Tokai</td></tr>\n    <tr><td>Street_City_or_Town</td><td>Cape Town</td></tr>\n    <tr><td>Street_Province_</td><td>Western Cape</td></tr>\n    <tr><td>Street_Country</td><td>South Africa</td></tr>\n    <tr><td>Core_Classification_ICSC</td><td></td></tr>\n    <tr><td>Classification_MD</td><td>Specialty Centre</td></tr>\n    <tr><td>Gross_Leasable_Floor_Area_in_sq</td><td>5000</td></tr>\n    <tr><td>Centre_Manager_Name</td><td>Heidi</td></tr>\n    <tr><td>Centre_Manager_Telephone</td><td></td></tr>\n    <tr><td>Centre_Manager_Mobile</td><td></td></tr>\n    <tr><td>Centre_Manager_Email</td><td></td></tr>\n    <tr><td>Shopping_Centre_Website</td><td></td></tr>\n    <tr><td>Type</td><td>2 to 3</td></tr>\n    <tr><td>Leasing_Company_Name</td><td>Amdec Property Investments (Pty) Ltd</td></tr>\n    <tr><td>Leasing_Manager_Name</td><td>Siehaam Adams</td></tr>\n    <tr><td>Leasing_Manager_Telephone</td><td>+2721 702 3200</td></tr>\n    <tr><td>Leasing_Manager_Mobile</td><td></td></tr>\n    <tr><td>Marketing_Company_Name</td><td></td></tr>\n    <tr><td>Owner</td><td>Amdec Property Investments (Pty) Ltd</td></tr>\n    <tr><td>Name_of_Holding_Company</td><td></td></tr>\n    <tr><td>Name_of_Developer</td><td></td></tr>\n    <tr><td>Year_Developed</td><td>2005</td></tr>\n    <tr><td>Year_Last_Refurbished</td><td>2009</td></tr>\n    <tr><td>No_of_Retail_Floors</td><td>2</td></tr>\n    <tr><td>Latest_Annual_Foot_Count</td><td>0</td></tr>\n    <tr><td>No_of_Shops</td><td>25</td></tr>\n    <tr><td>Main_Anchors</td><td>Cycle Lab, Bhandaris Restaurant, Ocean Basket, Col'Cacchio's</td></tr>\n    <tr><td>Parking_Total</td><td>300</td></tr>"},"_name":"Westlake Lifestyle Centre"}},{"type":"Feature","geometry":{"type":"Point","coordinates":[18.4854520155586,-33.91517700129,0]},"properties":{"name":"Northgate Estate","visibility":false,"description":{"@type":"html","value":"<br><br><br>\n    <table border=\"1\" padding=\"0\">\n    <tr><td>Shopping_Centre_Name</td><td>Northgate Estate</td></tr>\n    <tr><td>Street_Address</td><td>Cnr Gold Street & Platinum Drive</td></tr>\n    <tr><td>Street_Suburb</td><td>Milnerton</td></tr>\n    <tr><td>Street_City_or_Town</td><td>Cape Town</td></tr>\n    <tr><td>Street_Province_</td><td>Western Cape</td></tr>\n    <tr><td>Street_Country</td><td>South Africa</td></tr>\n    <tr><td>Core_Classification_ICSC</td><td>Local Convenience Centre</td></tr>\n    <tr><td>Classification_MD</td><td>Local Convenience Centre</td></tr>\n    <tr><td>Gross_Leasable_Floor_Area_in_sq</td><td>5000</td></tr>\n    <tr><td>Centre_Manager_Name</td><td>Beatrix</td></tr>\n    <tr><td>Centre_Manager_Telephone</td><td>+2721 506 1001</td></tr>\n    <tr><td>Centre_Manager_Mobile</td><td>+2782 313 3000</td></tr>\n    <tr><td>Centre_Manager_Email</td><td>beatrix@glpg.co.za</td></tr>\n    <tr><td>Shopping_Centre_Website</td><td></td></tr>\n    <tr><td>Type</td><td></td></tr>\n    <tr><td>Leasing_Company_Name</td><td>Gary Luyt Property Group</td></tr>\n    <tr><td>Leasing_Manager_Name</td><td>Frank Handler</td></tr>\n    <tr><td>Leasing_Manager_Telephone</td><td>+2786 177 2237</td></tr>\n    <tr><td>Leasing_Manager_Mobile</td><td>+2782 313 3001</td></tr>\n    <tr><td>Marketing_Company_Name</td><td></td></tr>\n    <tr><td>Owner</td><td>Home Owners Trust Association</td></tr>\n    <tr><td>Name_of_Holding_Company</td><td></td></tr>\n    <tr><td>Name_of_Developer</td><td></td></tr>\n    <tr><td>Year_Developed</td><td>2006</td></tr>\n    <tr><td>Year_Last_Refurbished</td><td>0</td></tr>\n    <tr><td>No_of_Retail_Floors</td><td>1</td></tr>\n    <tr><td>Latest_Annual_Foot_Count</td><td>0</td></tr>\n    <tr><td>No_of_Shops</td><td>20</td></tr>\n    <tr><td>Main_Anchors</td><td>Builders Warehouse, Samsung, CTM</td></tr>\n    <tr><td>Parking_Total</td><td>0</td></tr>"},"_name":"Northgate Estate"}},{"type":"Feature","geometry":{"type":"Point","coordinates":[18.822099998965,-34.059499998965,0]},"properties":{"name":"Heldervue Shopping Centre","visibility":false,"description":{"@type":"html","value":"<br><br><br>\n    <table border=\"1\" padding=\"0\">\n    <tr><td>Shopping_Centre_Name</td><td>Heldervue Shopping Centre</td></tr>\n    <tr><td>Street_Address</td><td>Cynaroide Street</td></tr>\n    <tr><td>Street_Suburb</td><td>Heldervue</td></tr>\n    <tr><td>Street_City_or_Town</td><td>Somerset West</td></tr>\n    <tr><td>Street_Province_</td><td>Western Cape</td></tr>\n    <tr><td>Street_Country</td><td>South Africa</td></tr>\n    <tr><td>Core_Classification_ICSC</td><td>Local Convenience Centre</td></tr>\n    <tr><td>Classification_MD</td><td>Local Convenience Centre</td></tr>\n    <tr><td>Gross_Leasable_Floor_Area_in_sq</td><td>5000</td></tr>\n    <tr><td>Centre_Manager_Name</td><td>Mrs de Canha</td></tr>\n    <tr><td>Centre_Manager_Telephone</td><td>+2721 855 1845</td></tr>\n    <tr><td>Centre_Manager_Mobile</td><td></td></tr>\n    <tr><td>Centre_Manager_Email</td><td></td></tr>\n    <tr><td>Shopping_Centre_Website</td><td></td></tr>\n    <tr><td>Type</td><td></td></tr>\n    <tr><td>Leasing_Company_Name</td><td>Gevon Enterprises</td></tr>\n    <tr><td>Leasing_Manager_Name</td><td>Mrs de Canha</td></tr>\n    <tr><td>Leasing_Manager_Telephone</td><td>+2721 855 1845</td></tr>\n    <tr><td>Leasing_Manager_Mobile</td><td></td></tr>\n    <tr><td>Marketing_Company_Name</td><td>Gevon Enterprises</td></tr>\n    <tr><td>Owner</td><td>Gevon Enterprises</td></tr>\n    <tr><td>Name_of_Holding_Company</td><td>Gevon Enterprises</td></tr>\n    <tr><td>Name_of_Developer</td><td>Gevon Enterprises</td></tr>\n    <tr><td>Year_Developed</td><td>1980</td></tr>\n    <tr><td>Year_Last_Refurbished</td><td>2000</td></tr>\n    <tr><td>No_of_Retail_Floors</td><td>2</td></tr>\n    <tr><td>Latest_Annual_Foot_Count</td><td>0</td></tr>\n    <tr><td>No_of_Shops</td><td>13</td></tr>\n    <tr><td>Main_Anchors</td><td>Spar, Caltex Garage, Chemist</td></tr>\n    <tr><td>Parking_Total</td><td>30</td></tr>"},"_name":"Heldervue Shopping Centre"}},{"type":"Feature","geometry":{"type":"Point","coordinates":[18.5295349910146,-33.939998004918,0]},"properties":{"name":"Langa Junction Shopping Centre","visibility":false,"description":{"@type":"html","value":"<br><br><br>\n    <table border=\"1\" padding=\"0\">\n    <tr><td>Shopping_Centre_Name</td><td>Langa Junction Shopping Centre</td></tr>\n    <tr><td>Street_Address</td><td>Next to Langa Station</td></tr>\n    <tr><td>Street_Suburb</td><td>Langa</td></tr>\n    <tr><td>Street_City_or_Town</td><td>Cape Town</td></tr>\n    <tr><td>Street_Province_</td><td>Western Cape</td></tr>\n    <tr><td>Street_Country</td><td>South Africa</td></tr>\n    <tr><td>Core_Classification_ICSC</td><td>Local Convenience Centre</td></tr>\n    <tr><td>Classification_MD</td><td>Local Convenience Centre</td></tr>\n    <tr><td>Gross_Leasable_Floor_Area_in_sq</td><td>5000</td></tr>\n    <tr><td>Centre_Manager_Name</td><td></td></tr>\n    <tr><td>Centre_Manager_Telephone</td><td></td></tr>\n    <tr><td>Centre_Manager_Mobile</td><td></td></tr>\n    <tr><td>Centre_Manager_Email</td><td></td></tr>\n    <tr><td>Shopping_Centre_Website</td><td></td></tr>\n    <tr><td>Type</td><td></td></tr>\n    <tr><td>Leasing_Company_Name</td><td>Krisp Properties</td></tr>\n    <tr><td>Leasing_Manager_Name</td><td></td></tr>\n    <tr><td>Leasing_Manager_Telephone</td><td>+2711 789 3334</td></tr>\n    <tr><td>Leasing_Manager_Mobile</td><td></td></tr>\n    <tr><td>Marketing_Company_Name</td><td></td></tr>\n    <tr><td>Owner</td><td></td></tr>\n    <tr><td>Name_of_Holding_Company</td><td></td></tr>\n    <tr><td>Name_of_Developer</td><td>Krisp Properties & Nu-Way Housing</td></tr>\n    <tr><td>Year_Developed</td><td>2015</td></tr>\n    <tr><td>Year_Last_Refurbished</td><td>0</td></tr>\n    <tr><td>No_of_Retail_Floors</td><td>0</td></tr>\n    <tr><td>Latest_Annual_Foot_Count</td><td>0</td></tr>\n    <tr><td>No_of_Shops</td><td>0</td></tr>\n    <tr><td>Main_Anchors</td><td>Shoprite, Pep</td></tr>\n    <tr><td>Parking_Total</td><td>0</td></tr>"},"_name":"Langa Junction Shopping Centre"}},{"type":"Feature","geometry":{"type":"Point","coordinates":[18.8512999858264,-33.944700005853,0]},"properties":{"name":"Ipic Shopping Centre - Die Boord","visibility":false,"description":{"@type":"html","value":"<br><br><br>\n    <table border=\"1\" padding=\"0\">\n    <tr><td>Shopping_Centre_Name</td><td>Ipic Shopping Centre - Die Boord</td></tr>\n    <tr><td>Street_Address</td><td>Cnr Strand, Saffraan & Rokewood Avenues</td></tr>\n    <tr><td>Street_Suburb</td><td>Die Boord</td></tr>\n    <tr><td>Street_City_or_Town</td><td>Stellenbosch</td></tr>\n    <tr><td>Street_Province_</td><td>Western Cape</td></tr>\n    <tr><td>Street_Country</td><td>South Africa</td></tr>\n    <tr><td>Core_Classification_ICSC</td><td>Neighbourhood Centre</td></tr>\n    <tr><td>Classification_MD</td><td>Local Convenience Centre</td></tr>\n    <tr><td>Gross_Leasable_Floor_Area_in_sq</td><td>5017</td></tr>\n    <tr><td>Centre_Manager_Name</td><td>Louis Kruger Property Management</td></tr>\n    <tr><td>Centre_Manager_Telephone</td><td>+2721 903 3101</td></tr>\n    <tr><td>Centre_Manager_Mobile</td><td>+2783 270 3466</td></tr>\n    <tr><td>Centre_Manager_Email</td><td>louis@lkpm.co.za</td></tr>\n    <tr><td>Shopping_Centre_Website</td><td>www.ipicgroup.com</td></tr>\n    <tr><td>Type</td><td>Majors</td></tr>\n    <tr><td>Leasing_Company_Name</td><td>Louis Kruger Property Management</td></tr>\n    <tr><td>Leasing_Manager_Name</td><td>Louis Kruger</td></tr>\n    <tr><td>Leasing_Manager_Telephone</td><td>+2721 903 3101</td></tr>\n    <tr><td>Leasing_Manager_Mobile</td><td>+2783 270 3466</td></tr>\n    <tr><td>Marketing_Company_Name</td><td>Land Marketing</td></tr>\n    <tr><td>Owner</td><td>Ipic Properties (Pty) Ltd</td></tr>\n    <tr><td>Name_of_Holding_Company</td><td></td></tr>\n    <tr><td>Name_of_Developer</td><td>Orion Opleiding & Konferensie Sentrum (Edms) Bpk</td></tr>\n    <tr><td>Year_Developed</td><td>1994</td></tr>\n    <tr><td>Year_Last_Refurbished</td><td>2004</td></tr>\n    <tr><td>No_of_Retail_Floors</td><td>1</td></tr>\n    <tr><td>Latest_Annual_Foot_Count</td><td>0</td></tr>\n    <tr><td>No_of_Shops</td><td>17</td></tr>\n    <tr><td>Main_Anchors</td><td>Superspar</td></tr>\n    <tr><td>Parking_Total</td><td>219</td></tr>"},"_name":"Ipic Shopping Centre - Die Boord"}},{"type":"Feature","geometry":{"type":"Point","coordinates":[18.6119950040662,-34.065719000284,0]},"properties":{"name":"Rocklands Shopping Centre","visibility":false,"description":{"@type":"html","value":"<br><br><br>\n    <table border=\"1\" padding=\"0\">\n    <tr><td>Shopping_Centre_Name</td><td>Rocklands Shopping Centre</td></tr>\n    <tr><td>Street_Address</td><td>Cnr Park & Caravelle Streets</td></tr>\n    <tr><td>Street_Suburb</td><td>Rocklands</td></tr>\n    <tr><td>Street_City_or_Town</td><td>Mitchell's Plain</td></tr>\n    <tr><td>Street_Province_</td><td>Western Cape</td></tr>\n    <tr><td>Street_Country</td><td>South Africa</td></tr>\n    <tr><td>Core_Classification_ICSC</td><td>Neighbourhood Centre</td></tr>\n    <tr><td>Classification_MD</td><td>Local Convenience Centre</td></tr>\n    <tr><td>Gross_Leasable_Floor_Area_in_sq</td><td>5044</td></tr>\n    <tr><td>Centre_Manager_Name</td><td>Yaqub Omar</td></tr>\n    <tr><td>Centre_Manager_Telephone</td><td>+2721 943 1029</td></tr>\n    <tr><td>Centre_Manager_Mobile</td><td>+2782 494 2427</td></tr>\n    <tr><td>Centre_Manager_Email</td><td>yaqub.omar@jhi.co.za</td></tr>\n    <tr><td>Shopping_Centre_Website</td><td></td></tr>\n    <tr><td>Type</td><td>Majors</td></tr>\n    <tr><td>Leasing_Company_Name</td><td>JHI Properties (Pty) Ltd</td></tr>\n    <tr><td>Leasing_Manager_Name</td><td>Yaqub Omar</td></tr>\n    <tr><td>Leasing_Manager_Telephone</td><td>+2721 943 1027</td></tr>\n    <tr><td>Leasing_Manager_Mobile</td><td>+2782 494 2427</td></tr>\n    <tr><td>Marketing_Company_Name</td><td></td></tr>\n    <tr><td>Owner</td><td>Khula Enterprise Finance Ltd</td></tr>\n    <tr><td>Name_of_Holding_Company</td><td>Khula Enterprise Finance Ltd</td></tr>\n    <tr><td>Name_of_Developer</td><td></td></tr>\n    <tr><td>Year_Developed</td><td>1982</td></tr>\n    <tr><td>Year_Last_Refurbished</td><td>2004</td></tr>\n    <tr><td>No_of_Retail_Floors</td><td>1</td></tr>\n    <tr><td>Latest_Annual_Foot_Count</td><td>0</td></tr>\n    <tr><td>No_of_Shops</td><td>18</td></tr>\n    <tr><td>Main_Anchors</td><td>Shoprite Checkers</td></tr>\n    <tr><td>Parking_Total</td><td>200</td></tr>"},"_name":"Rocklands Shopping Centre"}},{"type":"Feature","geometry":{"type":"Point","coordinates":[18.7259000003392,-33.855300009988,0]},"properties":{"name":"Shoprite Centre - Kraaifontein","visibility":false,"description":{"@type":"html","value":"<br><br><br>\n    <table border=\"1\" padding=\"0\">\n    <tr><td>Shopping_Centre_Name</td><td>Shoprite Centre - Kraaifontein</td></tr>\n    <tr><td>Street_Address</td><td>Cnr Voortrekker & Botfontein Roads</td></tr>\n    <tr><td>Street_Suburb</td><td></td></tr>\n    <tr><td>Street_City_or_Town</td><td>Kraaifontein</td></tr>\n    <tr><td>Street_Province_</td><td>Western Cape</td></tr>\n    <tr><td>Street_Country</td><td>South Africa</td></tr>\n    <tr><td>Core_Classification_ICSC</td><td>Neighbourhood Centre</td></tr>\n    <tr><td>Classification_MD</td><td>Local Convenience Centre</td></tr>\n    <tr><td>Gross_Leasable_Floor_Area_in_sq</td><td>5065</td></tr>\n    <tr><td>Centre_Manager_Name</td><td>Faizel Barnes</td></tr>\n    <tr><td>Centre_Manager_Telephone</td><td>+2721 980 4425</td></tr>\n    <tr><td>Centre_Manager_Mobile</td><td>+2782 468 4184</td></tr>\n    <tr><td>Centre_Manager_Email</td><td>fbarnes@shoprite.co.za</td></tr>\n    <tr><td>Shopping_Centre_Website</td><td>www.shoprite.co.za</td></tr>\n    <tr><td>Type</td><td>Majors</td></tr>\n    <tr><td>Leasing_Company_Name</td><td>Shoprite Checkers (Pty) Ltd - Property Division</td></tr>\n    <tr><td>Leasing_Manager_Name</td><td>Faizel Barnes</td></tr>\n    <tr><td>Leasing_Manager_Telephone</td><td>+2721 980 4425</td></tr>\n    <tr><td>Leasing_Manager_Mobile</td><td>+2782 468 4184</td></tr>\n    <tr><td>Marketing_Company_Name</td><td>Shoprite Checkers (Pty) Ltd - Marketing Division</td></tr>\n    <tr><td>Owner</td><td>Shoprite Checkers (Pty) Ltd</td></tr>\n    <tr><td>Name_of_Holding_Company</td><td></td></tr>\n    <tr><td>Name_of_Developer</td><td>Shoprite Checkers Properties Ltd</td></tr>\n    <tr><td>Year_Developed</td><td>2002</td></tr>\n    <tr><td>Year_Last_Refurbished</td><td>0</td></tr>\n    <tr><td>No_of_Retail_Floors</td><td>1</td></tr>\n    <tr><td>Latest_Annual_Foot_Count</td><td>0</td></tr>\n    <tr><td>No_of_Shops</td><td>12</td></tr>\n    <tr><td>Main_Anchors</td><td>Shoprite</td></tr>\n    <tr><td>Parking_Total</td><td>200</td></tr>"},"_name":"Shoprite Centre - Kraaifontein"}},{"type":"Feature","geometry":{"type":"Point","coordinates":[18.6130959843208,-33.858707002946,0]},"properties":{"name":"Van Riebeeckshof Shopping  Centre","visibility":false,"description":{"@type":"html","value":"<br><br><br>\n    <table border=\"1\" padding=\"0\">\n    <tr><td>Shopping_Centre_Name</td><td>Van Riebeeckshof Shopping  Centre</td></tr>\n    <tr><td>Street_Address</td><td>Cnr Koelenhof, Delaire & Van Riebeeckshof Roads</td></tr>\n    <tr><td>Street_Suburb</td><td>Van Riebeeckshof</td></tr>\n    <tr><td>Street_City_or_Town</td><td>Bellville</td></tr>\n    <tr><td>Street_Province_</td><td>Western Cape</td></tr>\n    <tr><td>Street_Country</td><td>South Africa</td></tr>\n    <tr><td>Core_Classification_ICSC</td><td>Neighbourhood Centre</td></tr>\n    <tr><td>Classification_MD</td><td>Local Convenience Centre</td></tr>\n    <tr><td>Gross_Leasable_Floor_Area_in_sq</td><td>5066</td></tr>\n    <tr><td>Centre_Manager_Name</td><td>Barbara Relph</td></tr>\n    <tr><td>Centre_Manager_Telephone</td><td>+2721 913 8470</td></tr>\n    <tr><td>Centre_Manager_Mobile</td><td></td></tr>\n    <tr><td>Centre_Manager_Email</td><td>vanriebeeckshof@synergyincomefund.com</td></tr>\n    <tr><td>Shopping_Centre_Website</td><td>www.synergyincomefund.com</td></tr>\n    <tr><td>Type</td><td>Majors</td></tr>\n    <tr><td>Leasing_Company_Name</td><td>Synergy Income Fund Ltd</td></tr>\n    <tr><td>Leasing_Manager_Name</td><td>Diana Prosser</td></tr>\n    <tr><td>Leasing_Manager_Telephone</td><td>+2721 673 3319</td></tr>\n    <tr><td>Leasing_Manager_Mobile</td><td></td></tr>\n    <tr><td>Marketing_Company_Name</td><td></td></tr>\n    <tr><td>Owner</td><td>Synergy Income Fund Ltd</td></tr>\n    <tr><td>Name_of_Holding_Company</td><td></td></tr>\n    <tr><td>Name_of_Developer</td><td>Prosgro Development Trust</td></tr>\n    <tr><td>Year_Developed</td><td>1999</td></tr>\n    <tr><td>Year_Last_Refurbished</td><td>2007</td></tr>\n    <tr><td>No_of_Retail_Floors</td><td>2</td></tr>\n    <tr><td>Latest_Annual_Foot_Count</td><td>0</td></tr>\n    <tr><td>No_of_Shops</td><td>25</td></tr>\n    <tr><td>Main_Anchors</td><td>Superspar</td></tr>\n    <tr><td>Parking_Total</td><td>0</td></tr>"},"_name":"Van Riebeeckshof Shopping  Centre"}},{"type":"Feature","geometry":{"type":"Point","coordinates":[18.6215000106766,-34.049499993465,0]},"properties":{"name":"Pick n Pay Town Centre - Mitchell's Plain","visibility":false,"description":{"@type":"html","value":"<br><br><br>\n    <table border=\"1\" padding=\"0\">\n    <tr><td>Shopping_Centre_Name</td><td>Pick n Pay Town Centre - Mitchell's Plain</td></tr>\n    <tr><td>Street_Address</td><td>Symphony Walk</td></tr>\n    <tr><td>Street_Suburb</td><td>Town Centre</td></tr>\n    <tr><td>Street_City_or_Town</td><td>Mitchell's Plain</td></tr>\n    <tr><td>Street_Province_</td><td>Western Cape</td></tr>\n    <tr><td>Street_Country</td><td>South Africa</td></tr>\n    <tr><td>Core_Classification_ICSC</td><td>Neighbourhood Centre</td></tr>\n    <tr><td>Classification_MD</td><td>Local Convenience Centre</td></tr>\n    <tr><td>Gross_Leasable_Floor_Area_in_sq</td><td>5142</td></tr>\n    <tr><td>Centre_Manager_Name</td><td>Ismail Moosajee</td></tr>\n    <tr><td>Centre_Manager_Telephone</td><td>+2721 391 4460</td></tr>\n    <tr><td>Centre_Manager_Mobile</td><td>+2782 442 4207</td></tr>\n    <tr><td>Centre_Manager_Email</td><td>imoosajee@pnp.co.za</td></tr>\n    <tr><td>Shopping_Centre_Website</td><td></td></tr>\n    <tr><td>Type</td><td>2 to 3</td></tr>\n    <tr><td>Leasing_Company_Name</td><td>Pick n Pay Retailers (Pty) Ltd</td></tr>\n    <tr><td>Leasing_Manager_Name</td><td>Ismail Moosajee</td></tr>\n    <tr><td>Leasing_Manager_Telephone</td><td>+2721 391 4460</td></tr>\n    <tr><td>Leasing_Manager_Mobile</td><td>+2782 442 4207</td></tr>\n    <tr><td>Marketing_Company_Name</td><td></td></tr>\n    <tr><td>Owner</td><td>Bornrite Properties 21 (Pty) Ltd</td></tr>\n    <tr><td>Name_of_Holding_Company</td><td></td></tr>\n    <tr><td>Name_of_Developer</td><td></td></tr>\n    <tr><td>Year_Developed</td><td>1985</td></tr>\n    <tr><td>Year_Last_Refurbished</td><td>0</td></tr>\n    <tr><td>No_of_Retail_Floors</td><td>1</td></tr>\n    <tr><td>Latest_Annual_Foot_Count</td><td>1417000</td></tr>\n    <tr><td>No_of_Shops</td><td>2</td></tr>\n    <tr><td>Main_Anchors</td><td>Pick n Pay Family, Multiserve</td></tr>\n    <tr><td>Parking_Total</td><td>0</td></tr>"},"_name":"Pick n Pay Town Centre - Mitchell's Plain"}},{"type":"Feature","geometry":{"type":"Point","coordinates":[18.8513999975776,-34.12250001271,0]},"properties":{"name":"Broadway Square","visibility":false,"description":{"@type":"html","value":"<br><br><br>\n    <table border=\"1\" padding=\"0\">\n    <tr><td>Shopping_Centre_Name</td><td>Broadway Square</td></tr>\n    <tr><td>Street_Address</td><td>Fame Crescent</td></tr>\n    <tr><td>Street_Suburb</td><td>Broadway</td></tr>\n    <tr><td>Street_City_or_Town</td><td>Strand</td></tr>\n    <tr><td>Street_Province_</td><td>Western Cape</td></tr>\n    <tr><td>Street_Country</td><td>South Africa</td></tr>\n    <tr><td>Core_Classification_ICSC</td><td>Neighbourhood Centre</td></tr>\n    <tr><td>Classification_MD</td><td>Local Convenience Centre</td></tr>\n    <tr><td>Gross_Leasable_Floor_Area_in_sq</td><td>5294</td></tr>\n    <tr><td>Centre_Manager_Name</td><td>Adrian Johnson</td></tr>\n    <tr><td>Centre_Manager_Telephone</td><td>+2721 980 4235</td></tr>\n    <tr><td>Centre_Manager_Mobile</td><td>+2782 556 5542</td></tr>\n    <tr><td>Centre_Manager_Email</td><td>ajohnson@shoprite.co.za</td></tr>\n    <tr><td>Shopping_Centre_Website</td><td>www.shoprite.co.za</td></tr>\n    <tr><td>Type</td><td>Majors</td></tr>\n    <tr><td>Leasing_Company_Name</td><td>Shoprite Checkers (Pty) Ltd - Property Division</td></tr>\n    <tr><td>Leasing_Manager_Name</td><td>Adrian Johnson</td></tr>\n    <tr><td>Leasing_Manager_Telephone</td><td>+2721 980 4235</td></tr>\n    <tr><td>Leasing_Manager_Mobile</td><td>+2782 556 5542</td></tr>\n    <tr><td>Marketing_Company_Name</td><td>Shoprite Checkers (Pty) Ltd - Marketing Division</td></tr>\n    <tr><td>Owner</td><td>Shoprite Checkers (Pty) Ltd</td></tr>\n    <tr><td>Name_of_Holding_Company</td><td></td></tr>\n    <tr><td>Name_of_Developer</td><td>Shoprite Checkers (Pty) Ltd</td></tr>\n    <tr><td>Year_Developed</td><td>2006</td></tr>\n    <tr><td>Year_Last_Refurbished</td><td>0</td></tr>\n    <tr><td>No_of_Retail_Floors</td><td>1</td></tr>\n    <tr><td>Latest_Annual_Foot_Count</td><td>0</td></tr>\n    <tr><td>No_of_Shops</td><td>18</td></tr>\n    <tr><td>Main_Anchors</td><td>Shoprite</td></tr>\n    <tr><td>Parking_Total</td><td>180</td></tr>"},"_name":"Broadway Square"}},{"type":"Feature","geometry":{"type":"Point","coordinates":[18.6893630087674,-33.889357005694,0]},"properties":{"name":"Boulevard Square","visibility":false,"description":{"@type":"html","value":"<br><br><br>\n    <table border=\"1\" padding=\"0\">\n    <tr><td>Shopping_Centre_Name</td><td>Boulevard Square</td></tr>\n    <tr><td>Street_Address</td><td>Cnr Brackenfell Boulevard & Protea Road</td></tr>\n    <tr><td>Street_Suburb</td><td>Protea Hoogte</td></tr>\n    <tr><td>Street_City_or_Town</td><td>Brackenfell</td></tr>\n    <tr><td>Street_Province_</td><td>Western Cape</td></tr>\n    <tr><td>Street_Country</td><td>South Africa</td></tr>\n    <tr><td>Core_Classification_ICSC</td><td>Neighbourhood Centre</td></tr>\n    <tr><td>Classification_MD</td><td>Local Convenience Centre</td></tr>\n    <tr><td>Gross_Leasable_Floor_Area_in_sq</td><td>5299</td></tr>\n    <tr><td>Centre_Manager_Name</td><td>Adrian Johnson</td></tr>\n    <tr><td>Centre_Manager_Telephone</td><td></td></tr>\n    <tr><td>Centre_Manager_Mobile</td><td></td></tr>\n    <tr><td>Centre_Manager_Email</td><td></td></tr>\n    <tr><td>Shopping_Centre_Website</td><td>www.shoprite.co.za</td></tr>\n    <tr><td>Type</td><td>Majors</td></tr>\n    <tr><td>Leasing_Company_Name</td><td>Shoprite Checkers (Pty) Ltd - Property Division</td></tr>\n    <tr><td>Leasing_Manager_Name</td><td>Adrian Johnson</td></tr>\n    <tr><td>Leasing_Manager_Telephone</td><td></td></tr>\n    <tr><td>Leasing_Manager_Mobile</td><td></td></tr>\n    <tr><td>Marketing_Company_Name</td><td>Shoprite Checkers (Pty) Ltd - Marketing Division</td></tr>\n    <tr><td>Owner</td><td>Shoprite Checkers (Pty) Ltd</td></tr>\n    <tr><td>Name_of_Holding_Company</td><td></td></tr>\n    <tr><td>Name_of_Developer</td><td>Shoprite Checkers (Pty) Ltd</td></tr>\n    <tr><td>Year_Developed</td><td>2005</td></tr>\n    <tr><td>Year_Last_Refurbished</td><td>0</td></tr>\n    <tr><td>No_of_Retail_Floors</td><td>1</td></tr>\n    <tr><td>Latest_Annual_Foot_Count</td><td>0</td></tr>\n    <tr><td>No_of_Shops</td><td>33</td></tr>\n    <tr><td>Main_Anchors</td><td>Checkers</td></tr>\n    <tr><td>Parking_Total</td><td>305</td></tr>"},"_name":"Boulevard Square"}},{"type":"Feature","geometry":{"type":"Point","coordinates":[18.5159000015698,-33.854700008613,0]},"properties":{"name":"The Gallery","visibility":false,"description":{"@type":"html","value":"<br><br><br>\n    <table border=\"1\" padding=\"0\">\n    <tr><td>Shopping_Centre_Name</td><td>The Gallery</td></tr>\n    <tr><td>Street_Address</td><td>Cnr Koeberg Road & Montague Drive</td></tr>\n    <tr><td>Street_Suburb</td><td>Montague Gardens</td></tr>\n    <tr><td>Street_City_or_Town</td><td>Cape Town</td></tr>\n    <tr><td>Street_Province_</td><td>Western Cape</td></tr>\n    <tr><td>Street_Country</td><td>South Africa</td></tr>\n    <tr><td>Core_Classification_ICSC</td><td>Neighbourhood Centre</td></tr>\n    <tr><td>Classification_MD</td><td>Local Convenience Centre</td></tr>\n    <tr><td>Gross_Leasable_Floor_Area_in_sq</td><td>5307</td></tr>\n    <tr><td>Centre_Manager_Name</td><td>Arthur Levin</td></tr>\n    <tr><td>Centre_Manager_Telephone</td><td></td></tr>\n    <tr><td>Centre_Manager_Mobile</td><td>+2783 255 5133</td></tr>\n    <tr><td>Centre_Manager_Email</td><td>apa@icon.co.za, arthur@mpark.co.za</td></tr>\n    <tr><td>Shopping_Centre_Website</td><td></td></tr>\n    <tr><td>Type</td><td></td></tr>\n    <tr><td>Leasing_Company_Name</td><td>Owner Leased</td></tr>\n    <tr><td>Leasing_Manager_Name</td><td>Arthur Levin</td></tr>\n    <tr><td>Leasing_Manager_Telephone</td><td></td></tr>\n    <tr><td>Leasing_Manager_Mobile</td><td>+2783 255 5133</td></tr>\n    <tr><td>Marketing_Company_Name</td><td></td></tr>\n    <tr><td>Owner</td><td>Woodlands Trust</td></tr>\n    <tr><td>Name_of_Holding_Company</td><td></td></tr>\n    <tr><td>Name_of_Developer</td><td>Colossos Properties Pty Ltd</td></tr>\n    <tr><td>Year_Developed</td><td>1998</td></tr>\n    <tr><td>Year_Last_Refurbished</td><td>2011</td></tr>\n    <tr><td>No_of_Retail_Floors</td><td>2</td></tr>\n    <tr><td>Latest_Annual_Foot_Count</td><td>0</td></tr>\n    <tr><td>No_of_Shops</td><td>21</td></tr>\n    <tr><td>Main_Anchors</td><td>Steers, Debonairs Pizza</td></tr>\n    <tr><td>Parking_Total</td><td>120</td></tr>"},"_name":"The Gallery"}},{"type":"Feature","geometry":{"type":"Point","coordinates":[18.6430860153886,-33.902097007893,0]},"properties":{"name":"Bellville Mall","visibility":false,"description":{"@type":"html","value":"<br><br><br>\n    <table border=\"1\" padding=\"0\">\n    <tr><td>Shopping_Centre_Name</td><td>Bellville Mall</td></tr>\n    <tr><td>Street_Address</td><td>Cnr Voortrekker & Bill Bezuidenhout Roads</td></tr>\n    <tr><td>Street_Suburb</td><td>Central</td></tr>\n    <tr><td>Street_City_or_Town</td><td>Bellville</td></tr>\n    <tr><td>Street_Province_</td><td>Western Cape</td></tr>\n    <tr><td>Street_Country</td><td>South Africa</td></tr>\n    <tr><td>Core_Classification_ICSC</td><td>Neighbourhood Centre</td></tr>\n    <tr><td>Classification_MD</td><td>Local Convenience Centre</td></tr>\n    <tr><td>Gross_Leasable_Floor_Area_in_sq</td><td>5348</td></tr>\n    <tr><td>Centre_Manager_Name</td><td></td></tr>\n    <tr><td>Centre_Manager_Telephone</td><td></td></tr>\n    <tr><td>Centre_Manager_Mobile</td><td></td></tr>\n    <tr><td>Centre_Manager_Email</td><td></td></tr>\n    <tr><td>Shopping_Centre_Website</td><td>www.optimusproperty.net</td></tr>\n    <tr><td>Type</td><td>2 to 3</td></tr>\n    <tr><td>Leasing_Company_Name</td><td>Louis Group Property Services</td></tr>\n    <tr><td>Leasing_Manager_Name</td><td>Naomi Scheffer</td></tr>\n    <tr><td>Leasing_Manager_Telephone</td><td>+2721 529 4600</td></tr>\n    <tr><td>Leasing_Manager_Mobile</td><td></td></tr>\n    <tr><td>Marketing_Company_Name</td><td></td></tr>\n    <tr><td>Owner</td><td>Privately Owned</td></tr>\n    <tr><td>Name_of_Holding_Company</td><td></td></tr>\n    <tr><td>Name_of_Developer</td><td></td></tr>\n    <tr><td>Year_Developed</td><td>0</td></tr>\n    <tr><td>Year_Last_Refurbished</td><td>0</td></tr>\n    <tr><td>No_of_Retail_Floors</td><td>2</td></tr>\n    <tr><td>Latest_Annual_Foot_Count</td><td>0</td></tr>\n    <tr><td>No_of_Shops</td><td>19</td></tr>\n    <tr><td>Main_Anchors</td><td>Spar</td></tr>\n    <tr><td>Parking_Total</td><td>0</td></tr>"},"_name":"Bellville Mall"}},{"type":"Feature","geometry":{"type":"Point","coordinates":[18.5784919994524,-33.873851008391,0]},"properties":{"name":"Plattekloof Spar Centre","visibility":false,"description":{"@type":"html","value":"<br><br><br>\n    <table border=\"1\" padding=\"0\">\n    <tr><td>Shopping_Centre_Name</td><td>Plattekloof Spar Centre</td></tr>\n    <tr><td>Street_Address</td><td>Cnr Olienhout and Plattekloof Street</td></tr>\n    <tr><td>Street_Suburb</td><td>Parow</td></tr>\n    <tr><td>Street_City_or_Town</td><td>Parow</td></tr>\n    <tr><td>Street_Province_</td><td>Western Cape</td></tr>\n    <tr><td>Street_Country</td><td>South Africa</td></tr>\n    <tr><td>Core_Classification_ICSC</td><td>Neighbourhood Centre</td></tr>\n    <tr><td>Classification_MD</td><td>Local Convenience Centre</td></tr>\n    <tr><td>Gross_Leasable_Floor_Area_in_sq</td><td>5380</td></tr>\n    <tr><td>Centre_Manager_Name</td><td>Linda Mostert</td></tr>\n    <tr><td>Centre_Manager_Telephone</td><td>+2721 911 1003</td></tr>\n    <tr><td>Centre_Manager_Mobile</td><td>+2776 883 3772</td></tr>\n    <tr><td>Centre_Manager_Email</td><td>lmostert@eris.co.za</td></tr>\n    <tr><td>Shopping_Centre_Website</td><td>www.plattekloofshoppingcentre.co.za</td></tr>\n    <tr><td>Type</td><td>Majors</td></tr>\n    <tr><td>Leasing_Company_Name</td><td>Eris Property Group (Pty) Ltd</td></tr>\n    <tr><td>Leasing_Manager_Name</td><td>Linda Elliott</td></tr>\n    <tr><td>Leasing_Manager_Telephone</td><td>+2721 410 2867</td></tr>\n    <tr><td>Leasing_Manager_Mobile</td><td>+2779 077 7740</td></tr>\n    <tr><td>Marketing_Company_Name</td><td>Eris Property Group (Pty) Ltd</td></tr>\n    <tr><td>Owner</td><td>MMI Group Ltd</td></tr>\n    <tr><td>Name_of_Holding_Company</td><td>MMI Group Ltd</td></tr>\n    <tr><td>Name_of_Developer</td><td>Metropolitan Life Ltd</td></tr>\n    <tr><td>Year_Developed</td><td>1999</td></tr>\n    <tr><td>Year_Last_Refurbished</td><td>2003</td></tr>\n    <tr><td>No_of_Retail_Floors</td><td>1</td></tr>\n    <tr><td>Latest_Annual_Foot_Count</td><td>0</td></tr>\n    <tr><td>No_of_Shops</td><td>19</td></tr>\n    <tr><td>Main_Anchors</td><td>Superspar, Clicks</td></tr>\n    <tr><td>Parking_Total</td><td>200</td></tr>"},"_name":"Plattekloof Spar Centre"}},{"type":"Feature","geometry":{"type":"Point","coordinates":[18.5059000016284,-33.830700005865,0]},"properties":{"name":"Flamingo Square Shopping Centre","visibility":false,"description":{"@type":"html","value":"<br><br><br>\n    <table border=\"1\" padding=\"0\">\n    <tr><td>Shopping_Centre_Name</td><td>Flamingo Square Shopping Centre</td></tr>\n    <tr><td>Street_Address</td><td>Cnr Blaauwberg Road & Study Street</td></tr>\n    <tr><td>Street_Suburb</td><td>Tableview</td></tr>\n    <tr><td>Street_City_or_Town</td><td>Cape Town</td></tr>\n    <tr><td>Street_Province_</td><td>Western Cape</td></tr>\n    <tr><td>Street_Country</td><td>South Africa</td></tr>\n    <tr><td>Core_Classification_ICSC</td><td>Neighbourhood Centre</td></tr>\n    <tr><td>Classification_MD</td><td>Local Convenience Centre</td></tr>\n    <tr><td>Gross_Leasable_Floor_Area_in_sq</td><td>5400</td></tr>\n    <tr><td>Centre_Manager_Name</td><td>Anneke Moolman</td></tr>\n    <tr><td>Centre_Manager_Telephone</td><td>+2721 981 6449</td></tr>\n    <tr><td>Centre_Manager_Mobile</td><td>+2782 204 3100</td></tr>\n    <tr><td>Centre_Manager_Email</td><td>amoolman@broll.co.za</td></tr>\n    <tr><td>Shopping_Centre_Website</td><td></td></tr>\n    <tr><td>Type</td><td></td></tr>\n    <tr><td>Leasing_Company_Name</td><td>Broll Property Group (Pty) Ltd</td></tr>\n    <tr><td>Leasing_Manager_Name</td><td>Andre Benade</td></tr>\n    <tr><td>Leasing_Manager_Telephone</td><td>+2721 419 7373</td></tr>\n    <tr><td>Leasing_Manager_Mobile</td><td>+2754 611 7659</td></tr>\n    <tr><td>Marketing_Company_Name</td><td></td></tr>\n    <tr><td>Owner</td><td>Dorpstraat Retail Properties Pty Ltd</td></tr>\n    <tr><td>Name_of_Holding_Company</td><td>Dorpstraat Retail Properties Pty Ltd</td></tr>\n    <tr><td>Name_of_Developer</td><td>Retail Africa</td></tr>\n    <tr><td>Year_Developed</td><td>1993</td></tr>\n    <tr><td>Year_Last_Refurbished</td><td>2014</td></tr>\n    <tr><td>No_of_Retail_Floors</td><td>1</td></tr>\n    <tr><td>Latest_Annual_Foot_Count</td><td>0</td></tr>\n    <tr><td>No_of_Shops</td><td>32</td></tr>\n    <tr><td>Main_Anchors</td><td>Woolworths Foods, Kwikspar, Clicks</td></tr>\n    <tr><td>Parking_Total</td><td>300</td></tr>"},"_name":"Flamingo Square Shopping Centre"}},{"type":"Feature","geometry":{"type":"Point","coordinates":[18.4687000067092,-34.022299992092,0]},"properties":{"name":"Checkers Centre - Plumstead","visibility":false,"description":{"@type":"html","value":"<br><br><br>\n    <table border=\"1\" padding=\"0\">\n    <tr><td>Shopping_Centre_Name</td><td>Checkers Centre - Plumstead</td></tr>\n    <tr><td>Street_Address</td><td>Main Road</td></tr>\n    <tr><td>Street_Suburb</td><td>Plumstead</td></tr>\n    <tr><td>Street_City_or_Town</td><td>Cape Town</td></tr>\n    <tr><td>Street_Province_</td><td>Western Cape</td></tr>\n    <tr><td>Street_Country</td><td>South Africa</td></tr>\n    <tr><td>Core_Classification_ICSC</td><td>Neighbourhood Centre</td></tr>\n    <tr><td>Classification_MD</td><td>Local Convenience Centre</td></tr>\n    <tr><td>Gross_Leasable_Floor_Area_in_sq</td><td>5403.63</td></tr>\n    <tr><td>Centre_Manager_Name</td><td></td></tr>\n    <tr><td>Centre_Manager_Telephone</td><td></td></tr>\n    <tr><td>Centre_Manager_Mobile</td><td></td></tr>\n    <tr><td>Centre_Manager_Email</td><td></td></tr>\n    <tr><td>Shopping_Centre_Website</td><td>www.shoprite.co.za</td></tr>\n    <tr><td>Type</td><td>Majors</td></tr>\n    <tr><td>Leasing_Company_Name</td><td>Shoprite Checkers (Pty) Ltd - Property Division</td></tr>\n    <tr><td>Leasing_Manager_Name</td><td>Melvino Duminy</td></tr>\n    <tr><td>Leasing_Manager_Telephone</td><td>+2721 980 4423</td></tr>\n    <tr><td>Leasing_Manager_Mobile</td><td>+2784 767 0504</td></tr>\n    <tr><td>Marketing_Company_Name</td><td>Shoprite Checkers (Pty) Ltd - Marketing Division</td></tr>\n    <tr><td>Owner</td><td>Daleglen Trust</td></tr>\n    <tr><td>Name_of_Holding_Company</td><td></td></tr>\n    <tr><td>Name_of_Developer</td><td></td></tr>\n    <tr><td>Year_Developed</td><td>1983</td></tr>\n    <tr><td>Year_Last_Refurbished</td><td>0</td></tr>\n    <tr><td>No_of_Retail_Floors</td><td>1</td></tr>\n    <tr><td>Latest_Annual_Foot_Count</td><td>944279</td></tr>\n    <tr><td>No_of_Shops</td><td>15</td></tr>\n    <tr><td>Main_Anchors</td><td>Checkers</td></tr>\n    <tr><td>Parking_Total</td><td>303</td></tr>"},"_name":"Checkers Centre - Plumstead"}},{"type":"Feature","geometry":{"type":"Point","coordinates":[18.4225000077904,-33.907699990729,0]},"properties":{"name":"Victoria & Albert Waterfront Retail Node: 2. Clocktower Retail Centre","visibility":false,"description":{"@type":"html","value":"<br><br><br>\n    <table border=\"1\" padding=\"0\">\n    <tr><td>Shopping_Centre_Name</td><td>Victoria & Albert Waterfront Retail Node: 2. Clocktower Retail Centre</td></tr>\n    <tr><td>Street_Address</td><td>South Arm Road</td></tr>\n    <tr><td>Street_Suburb</td><td>V & A Waterfront</td></tr>\n    <tr><td>Street_City_or_Town</td><td>Cape Town</td></tr>\n    <tr><td>Street_Province_</td><td>Western Cape</td></tr>\n    <tr><td>Street_Country</td><td>South Africa</td></tr>\n    <tr><td>Core_Classification_ICSC</td><td>Neighbourhood Centre</td></tr>\n    <tr><td>Classification_MD</td><td>Part of Regional Node</td></tr>\n    <tr><td>Gross_Leasable_Floor_Area_in_sq</td><td>5500</td></tr>\n    <tr><td>Centre_Manager_Name</td><td>Mac Daniels</td></tr>\n    <tr><td>Centre_Manager_Telephone</td><td>+2721 408 7860</td></tr>\n    <tr><td>Centre_Manager_Mobile</td><td>+2774 508 9487</td></tr>\n    <tr><td>Centre_Manager_Email</td><td>mdaniels@waterfront.co.za</td></tr>\n    <tr><td>Shopping_Centre_Website</td><td>www.waterfront.co.za</td></tr>\n    <tr><td>Type</td><td>2 to 3</td></tr>\n    <tr><td>Leasing_Company_Name</td><td>V&A Waterfront Holding (Pty) Ltd</td></tr>\n    <tr><td>Leasing_Manager_Name</td><td>Leigh Thomas</td></tr>\n    <tr><td>Leasing_Manager_Telephone</td><td>+2721 408 7500</td></tr>\n    <tr><td>Leasing_Manager_Mobile</td><td></td></tr>\n    <tr><td>Marketing_Company_Name</td><td>V&A Waterfront Holding (Pty) Ltd</td></tr>\n    <tr><td>Owner</td><td>Growthpoint Properties & Public Investment Corporation</td></tr>\n    <tr><td>Name_of_Holding_Company</td><td>V & A Waterfront Holding (Pty) Ltd</td></tr>\n    <tr><td>Name_of_Developer</td><td></td></tr>\n    <tr><td>Year_Developed</td><td>2000</td></tr>\n    <tr><td>Year_Last_Refurbished</td><td>2011</td></tr>\n    <tr><td>No_of_Retail_Floors</td><td>2</td></tr>\n    <tr><td>Latest_Annual_Foot_Count</td><td>0</td></tr>\n    <tr><td>No_of_Shops</td><td>12</td></tr>\n    <tr><td>Main_Anchors</td><td>Moyo</td></tr>\n    <tr><td>Parking_Total</td><td>375</td></tr>"},"_name":"Victoria & Albert Waterfront Retail Node: 2. Clocktower Retail Centre"}},{"type":"Feature","geometry":{"type":"Point","coordinates":[18.8571520105438,-34.146806012763,0]},"properties":{"name":"The Village Centre","visibility":false,"description":{"@type":"html","value":"<br><br><br>\n    <table border=\"1\" padding=\"0\">\n    <tr><td>Shopping_Centre_Name</td><td>The Village Centre</td></tr>\n    <tr><td>Street_Address</td><td>Cnr Faure Marine Drive and Hibiscus Avenue</td></tr>\n    <tr><td>Street_Suburb</td><td>Central</td></tr>\n    <tr><td>Street_City_or_Town</td><td>Gordon's Bay</td></tr>\n    <tr><td>Street_Province_</td><td>Western Cape</td></tr>\n    <tr><td>Street_Country</td><td>South Africa</td></tr>\n    <tr><td>Core_Classification_ICSC</td><td>Neighbourhood Centre</td></tr>\n    <tr><td>Classification_MD</td><td>Local Convenience Centre</td></tr>\n    <tr><td>Gross_Leasable_Floor_Area_in_sq</td><td>5500</td></tr>\n    <tr><td>Centre_Manager_Name</td><td>Della Investment Pty (Ltd)</td></tr>\n    <tr><td>Centre_Manager_Telephone</td><td>+2721 856 0303</td></tr>\n    <tr><td>Centre_Manager_Mobile</td><td></td></tr>\n    <tr><td>Centre_Manager_Email</td><td>rentals@thevillagecentre.co.za</td></tr>\n    <tr><td>Shopping_Centre_Website</td><td></td></tr>\n    <tr><td>Type</td><td></td></tr>\n    <tr><td>Leasing_Company_Name</td><td>Della Investment Pty (Ltd)</td></tr>\n    <tr><td>Leasing_Manager_Name</td><td>Anthony de la Fonteine</td></tr>\n    <tr><td>Leasing_Manager_Telephone</td><td>+2721 856 2141</td></tr>\n    <tr><td>Leasing_Manager_Mobile</td><td></td></tr>\n    <tr><td>Marketing_Company_Name</td><td></td></tr>\n    <tr><td>Owner</td><td>Della Investment Pty (Ltd)</td></tr>\n    <tr><td>Name_of_Holding_Company</td><td></td></tr>\n    <tr><td>Name_of_Developer</td><td></td></tr>\n    <tr><td>Year_Developed</td><td>0</td></tr>\n    <tr><td>Year_Last_Refurbished</td><td>0</td></tr>\n    <tr><td>No_of_Retail_Floors</td><td>1</td></tr>\n    <tr><td>Latest_Annual_Foot_Count</td><td>0</td></tr>\n    <tr><td>No_of_Shops</td><td>25</td></tr>\n    <tr><td>Main_Anchors</td><td>Pick n Pay, Wimpy, Steers, Scooters</td></tr>\n    <tr><td>Parking_Total</td><td>0</td></tr>"},"_name":"The Village Centre"}},{"type":"Feature","geometry":{"type":"Point","coordinates":[18.4715479912612,-33.950201999911,0]},"properties":{"name":"Shoprite Centre - Mowbray","visibility":false,"description":{"@type":"html","value":"<br><br><br>\n    <table border=\"1\" padding=\"0\">\n    <tr><td>Shopping_Centre_Name</td><td>Shoprite Centre - Mowbray</td></tr>\n    <tr><td>Street_Address</td><td>Main Road</td></tr>\n    <tr><td>Street_Suburb</td><td>Mowbray</td></tr>\n    <tr><td>Street_City_or_Town</td><td>Cape Town</td></tr>\n    <tr><td>Street_Province_</td><td>Western Cape</td></tr>\n    <tr><td>Street_Country</td><td>South Africa</td></tr>\n    <tr><td>Core_Classification_ICSC</td><td>Neighbourhood Centre</td></tr>\n    <tr><td>Classification_MD</td><td>Local Convenience Centre</td></tr>\n    <tr><td>Gross_Leasable_Floor_Area_in_sq</td><td>5539</td></tr>\n    <tr><td>Centre_Manager_Name</td><td></td></tr>\n    <tr><td>Centre_Manager_Telephone</td><td></td></tr>\n    <tr><td>Centre_Manager_Mobile</td><td></td></tr>\n    <tr><td>Centre_Manager_Email</td><td></td></tr>\n    <tr><td>Shopping_Centre_Website</td><td></td></tr>\n    <tr><td>Type</td><td></td></tr>\n    <tr><td>Leasing_Company_Name</td><td>The Heriot Trust No. 3</td></tr>\n    <tr><td>Leasing_Manager_Name</td><td>Mr Cohen</td></tr>\n    <tr><td>Leasing_Manager_Telephone</td><td>+2721 433 1900</td></tr>\n    <tr><td>Leasing_Manager_Mobile</td><td></td></tr>\n    <tr><td>Marketing_Company_Name</td><td></td></tr>\n    <tr><td>Owner</td><td>The Heriot Trust No. 3</td></tr>\n    <tr><td>Name_of_Holding_Company</td><td></td></tr>\n    <tr><td>Name_of_Developer</td><td></td></tr>\n    <tr><td>Year_Developed</td><td>0</td></tr>\n    <tr><td>Year_Last_Refurbished</td><td>1999</td></tr>\n    <tr><td>No_of_Retail_Floors</td><td>1</td></tr>\n    <tr><td>Latest_Annual_Foot_Count</td><td>1000000</td></tr>\n    <tr><td>No_of_Shops</td><td>5</td></tr>\n    <tr><td>Main_Anchors</td><td>Shoprite</td></tr>\n    <tr><td>Parking_Total</td><td>137</td></tr>"},"_name":"Shoprite Centre - Mowbray"}},{"type":"Feature","geometry":{"type":"Point","coordinates":[18.4646000111908,-34.018599987967,0]},"properties":{"name":"Pick n Pay Centre - Plumstead","visibility":false,"description":{"@type":"html","value":"<br><br><br>\n    <table border=\"1\" padding=\"0\">\n    <tr><td>Shopping_Centre_Name</td><td>Pick n Pay Centre - Plumstead</td></tr>\n    <tr><td>Street_Address</td><td>Gabriel Road</td></tr>\n    <tr><td>Street_Suburb</td><td>Plumstead</td></tr>\n    <tr><td>Street_City_or_Town</td><td>Cape Town</td></tr>\n    <tr><td>Street_Province_</td><td>Western Cape</td></tr>\n    <tr><td>Street_Country</td><td>South Africa</td></tr>\n    <tr><td>Core_Classification_ICSC</td><td>Neighbourhood Centre</td></tr>\n    <tr><td>Classification_MD</td><td>Local Convenience Centre</td></tr>\n    <tr><td>Gross_Leasable_Floor_Area_in_sq</td><td>5541</td></tr>\n    <tr><td>Centre_Manager_Name</td><td>Deidre Paul-Diemont</td></tr>\n    <tr><td>Centre_Manager_Telephone</td><td>+2721 794 5065</td></tr>\n    <tr><td>Centre_Manager_Mobile</td><td></td></tr>\n    <tr><td>Centre_Manager_Email</td><td>dPaul-Diemont@growthpoint.co.za</td></tr>\n    <tr><td>Shopping_Centre_Website</td><td></td></tr>\n    <tr><td>Type</td><td>Majors</td></tr>\n    <tr><td>Leasing_Company_Name</td><td>Growthpoint Management Services (Pty) Ltd</td></tr>\n    <tr><td>Leasing_Manager_Name</td><td>Deidre Paul-Diemont</td></tr>\n    <tr><td>Leasing_Manager_Telephone</td><td>+2721 794 5065</td></tr>\n    <tr><td>Leasing_Manager_Mobile</td><td></td></tr>\n    <tr><td>Marketing_Company_Name</td><td></td></tr>\n    <tr><td>Owner</td><td>Mallan World International Inc.</td></tr>\n    <tr><td>Name_of_Holding_Company</td><td>Growthpoint Properties Ltd</td></tr>\n    <tr><td>Name_of_Developer</td><td></td></tr>\n    <tr><td>Year_Developed</td><td>1996</td></tr>\n    <tr><td>Year_Last_Refurbished</td><td>0</td></tr>\n    <tr><td>No_of_Retail_Floors</td><td>1</td></tr>\n    <tr><td>Latest_Annual_Foot_Count</td><td>0</td></tr>\n    <tr><td>No_of_Shops</td><td>12</td></tr>\n    <tr><td>Main_Anchors</td><td>Pick n Pay  Family</td></tr>\n    <tr><td>Parking_Total</td><td>62</td></tr>"},"_name":"Pick n Pay Centre - Plumstead"}},{"type":"Feature","geometry":{"type":"Point","coordinates":[18.4319000182714,-34.072399989337,0]},"properties":{"name":"Steenberg Village","visibility":false,"description":{"@type":"html","value":"<br><br><br>\n    <table border=\"1\" padding=\"0\">\n    <tr><td>Shopping_Centre_Name</td><td>Steenberg Village</td></tr>\n    <tr><td>Street_Address</td><td>Cnr Steenberg Road & Reddam Road</td></tr>\n    <tr><td>Street_Suburb</td><td>Tokai</td></tr>\n    <tr><td>Street_City_or_Town</td><td>Cape Town</td></tr>\n    <tr><td>Street_Province_</td><td>Western Cape</td></tr>\n    <tr><td>Street_Country</td><td>South Africa</td></tr>\n    <tr><td>Core_Classification_ICSC</td><td>Neighbourhood Centre</td></tr>\n    <tr><td>Classification_MD</td><td>Local Convenience Centre</td></tr>\n    <tr><td>Gross_Leasable_Floor_Area_in_sq</td><td>5578</td></tr>\n    <tr><td>Centre_Manager_Name</td><td>Kate Reeves</td></tr>\n    <tr><td>Centre_Manager_Telephone</td><td>+2721 446 2576</td></tr>\n    <tr><td>Centre_Manager_Mobile</td><td></td></tr>\n    <tr><td>Centre_Manager_Email</td><td>kreeves@broll.co.za</td></tr>\n    <tr><td>Shopping_Centre_Website</td><td></td></tr>\n    <tr><td>Type</td><td>Majors</td></tr>\n    <tr><td>Leasing_Company_Name</td><td>Broll Property Group (Pty) Ltd</td></tr>\n    <tr><td>Leasing_Manager_Name</td><td>Kate Reeves</td></tr>\n    <tr><td>Leasing_Manager_Telephone</td><td>+2711 446 2576</td></tr>\n    <tr><td>Leasing_Manager_Mobile</td><td></td></tr>\n    <tr><td>Marketing_Company_Name</td><td></td></tr>\n    <tr><td>Owner</td><td>Steenberg Village Investment Holding Trust</td></tr>\n    <tr><td>Name_of_Holding_Company</td><td></td></tr>\n    <tr><td>Name_of_Developer</td><td>Retail Africa (Pty) Ltd</td></tr>\n    <tr><td>Year_Developed</td><td>2002</td></tr>\n    <tr><td>Year_Last_Refurbished</td><td>0</td></tr>\n    <tr><td>No_of_Retail_Floors</td><td>2</td></tr>\n    <tr><td>Latest_Annual_Foot_Count</td><td>0</td></tr>\n    <tr><td>No_of_Shops</td><td>40</td></tr>\n    <tr><td>Main_Anchors</td><td>Pick n Pay, Woolworths Foods</td></tr>\n    <tr><td>Parking_Total</td><td>0</td></tr>"},"_name":"Steenberg Village"}},{"type":"Feature","geometry":{"type":"Point","coordinates":[18.5156720169214,-34.020803999464,0]},"properties":{"name":"Ottery Value Centre","visibility":false,"description":{"@type":"html","value":"<br><br><br>\n    <table border=\"1\" padding=\"0\">\n    <tr><td>Shopping_Centre_Name</td><td>Ottery Value Centre</td></tr>\n    <tr><td>Street_Address</td><td>Ottery Road</td></tr>\n    <tr><td>Street_Suburb</td><td>Ottery</td></tr>\n    <tr><td>Street_City_or_Town</td><td>Cape Town</td></tr>\n    <tr><td>Street_Province_</td><td>Western Cape</td></tr>\n    <tr><td>Street_Country</td><td>South Africa</td></tr>\n    <tr><td>Core_Classification_ICSC</td><td>Neighbourhood Centre</td></tr>\n    <tr><td>Classification_MD</td><td>Local Convenience Centre</td></tr>\n    <tr><td>Gross_Leasable_Floor_Area_in_sq</td><td>5720</td></tr>\n    <tr><td>Centre_Manager_Name</td><td>David Greve</td></tr>\n    <tr><td>Centre_Manager_Telephone</td><td>+2721 424 1210</td></tr>\n    <tr><td>Centre_Manager_Mobile</td><td>+2782 409 2251</td></tr>\n    <tr><td>Centre_Manager_Email</td><td>admin@daleglen.co.za</td></tr>\n    <tr><td>Shopping_Centre_Website</td><td></td></tr>\n    <tr><td>Type</td><td>Majors</td></tr>\n    <tr><td>Leasing_Company_Name</td><td>Daleglen Property Group (Pty) Ltd</td></tr>\n    <tr><td>Leasing_Manager_Name</td><td>Denise Bryer</td></tr>\n    <tr><td>Leasing_Manager_Telephone</td><td>+2721 424 1210</td></tr>\n    <tr><td>Leasing_Manager_Mobile</td><td></td></tr>\n    <tr><td>Marketing_Company_Name</td><td>Daleglen Property Group (Pty) Ltd</td></tr>\n    <tr><td>Owner</td><td>The Daleglen Trust</td></tr>\n    <tr><td>Name_of_Holding_Company</td><td></td></tr>\n    <tr><td>Name_of_Developer</td><td></td></tr>\n    <tr><td>Year_Developed</td><td>1999</td></tr>\n    <tr><td>Year_Last_Refurbished</td><td>0</td></tr>\n    <tr><td>No_of_Retail_Floors</td><td>1</td></tr>\n    <tr><td>Latest_Annual_Foot_Count</td><td>0</td></tr>\n    <tr><td>No_of_Shops</td><td>44</td></tr>\n    <tr><td>Main_Anchors</td><td>Home upgrade stores</td></tr>\n    <tr><td>Parking_Total</td><td>100</td></tr>"},"_name":"Ottery Value Centre"}},{"type":"Feature","geometry":{"type":"Point","coordinates":[18.8591650104388,-33.931662994742,0]},"properties":{"name":"Stelmark Centre","visibility":false,"description":{"@type":"html","value":"<br><br><br>\n    <table border=\"1\" padding=\"0\">\n    <tr><td>Shopping_Centre_Name</td><td>Stelmark Centre</td></tr>\n    <tr><td>Street_Address</td><td>Cnr Bird & Merriman Streets</td></tr>\n    <tr><td>Street_Suburb</td><td>Central</td></tr>\n    <tr><td>Street_City_or_Town</td><td>Stellenbosch</td></tr>\n    <tr><td>Street_Province_</td><td>Western Cape</td></tr>\n    <tr><td>Street_Country</td><td>South Africa</td></tr>\n    <tr><td>Core_Classification_ICSC</td><td>Neighbourhood Centre</td></tr>\n    <tr><td>Classification_MD</td><td>CBD/Town Centre</td></tr>\n    <tr><td>Gross_Leasable_Floor_Area_in_sq</td><td>5723</td></tr>\n    <tr><td>Centre_Manager_Name</td><td>Jean Page</td></tr>\n    <tr><td>Centre_Manager_Telephone</td><td>+2721 595 3000</td></tr>\n    <tr><td>Centre_Manager_Mobile</td><td></td></tr>\n    <tr><td>Centre_Manager_Email</td><td>info@fpggroup.co.za</td></tr>\n    <tr><td>Shopping_Centre_Website</td><td>www.fpggroup.co.za</td></tr>\n    <tr><td>Type</td><td>Majors</td></tr>\n    <tr><td>Leasing_Company_Name</td><td>Foodprop Property Holdings (Pty) Ltd</td></tr>\n    <tr><td>Leasing_Manager_Name</td><td>Jean Page</td></tr>\n    <tr><td>Leasing_Manager_Telephone</td><td>+2721 595 3000</td></tr>\n    <tr><td>Leasing_Manager_Mobile</td><td></td></tr>\n    <tr><td>Marketing_Company_Name</td><td>FPG Holdings (Pty) Ltd</td></tr>\n    <tr><td>Owner</td><td>FPG Holdings (Pty) Ltd</td></tr>\n    <tr><td>Name_of_Holding_Company</td><td>Foodprop Property Holdings (Pty) Ltd</td></tr>\n    <tr><td>Name_of_Developer</td><td></td></tr>\n    <tr><td>Year_Developed</td><td>1967</td></tr>\n    <tr><td>Year_Last_Refurbished</td><td>2001</td></tr>\n    <tr><td>No_of_Retail_Floors</td><td>1</td></tr>\n    <tr><td>Latest_Annual_Foot_Count</td><td>0</td></tr>\n    <tr><td>No_of_Shops</td><td>21</td></tr>\n    <tr><td>Main_Anchors</td><td>Pick n Pay, Capitec Bank, Cash Crusaders</td></tr>\n    <tr><td>Parking_Total</td><td>0</td></tr>"},"_name":"Stelmark Centre"}},{"type":"Feature","geometry":{"type":"Point","coordinates":[18.464947013065,-33.981084995397,0]},"properties":{"name":"Buchanan Chambers","visibility":false,"description":{"@type":"html","value":"<br><br><br>\n    <table border=\"1\" padding=\"0\">\n    <tr><td>Shopping_Centre_Name</td><td>Buchanan Chambers</td></tr>\n    <tr><td>Street_Address</td><td>Cnr Main Road & Warwick Avenue</td></tr>\n    <tr><td>Street_Suburb</td><td>Claremont</td></tr>\n    <tr><td>Street_City_or_Town</td><td>Cape Town</td></tr>\n    <tr><td>Street_Province_</td><td>Western Cape</td></tr>\n    <tr><td>Street_Country</td><td>South Africa</td></tr>\n    <tr><td>Core_Classification_ICSC</td><td>Neighbourhood Centre</td></tr>\n    <tr><td>Classification_MD</td><td>Local Convenience Centre</td></tr>\n    <tr><td>Gross_Leasable_Floor_Area_in_sq</td><td>5818</td></tr>\n    <tr><td>Centre_Manager_Name</td><td>Jean Page</td></tr>\n    <tr><td>Centre_Manager_Telephone</td><td>+2721 595 3000</td></tr>\n    <tr><td>Centre_Manager_Mobile</td><td></td></tr>\n    <tr><td>Centre_Manager_Email</td><td>info@fpggroup.co.za</td></tr>\n    <tr><td>Shopping_Centre_Website</td><td>www.fpggroup.co.za</td></tr>\n    <tr><td>Type</td><td>Majors</td></tr>\n    <tr><td>Leasing_Company_Name</td><td>Foodprop Property Holdings (Pty) Ltd</td></tr>\n    <tr><td>Leasing_Manager_Name</td><td>Jean Page</td></tr>\n    <tr><td>Leasing_Manager_Telephone</td><td>+2721 595 3000</td></tr>\n    <tr><td>Leasing_Manager_Mobile</td><td></td></tr>\n    <tr><td>Marketing_Company_Name</td><td>FPG Holdings (Pty) Ltd</td></tr>\n    <tr><td>Owner</td><td>FPG Holdings (Pty) Ltd</td></tr>\n    <tr><td>Name_of_Holding_Company</td><td>Foodprop Property Holdings (Pty) Ltd</td></tr>\n    <tr><td>Name_of_Developer</td><td></td></tr>\n    <tr><td>Year_Developed</td><td>1990</td></tr>\n    <tr><td>Year_Last_Refurbished</td><td>0</td></tr>\n    <tr><td>No_of_Retail_Floors</td><td>1</td></tr>\n    <tr><td>Latest_Annual_Foot_Count</td><td>0</td></tr>\n    <tr><td>No_of_Shops</td><td>0</td></tr>\n    <tr><td>Main_Anchors</td><td>Foschini Group and Smith Tabata Buchanan Boyes.</td></tr>\n    <tr><td>Parking_Total</td><td>0</td></tr>"},"_name":"Buchanan Chambers"}},{"type":"Feature","geometry":{"type":"Point","coordinates":[18.4943300036008,-33.563934999567,0]},"properties":{"name":"Wesfleur Town Centre","visibility":false,"description":{"@type":"html","value":"<br><br><br>\n    <table border=\"1\" padding=\"0\">\n    <tr><td>Shopping_Centre_Name</td><td>Wesfleur Town Centre</td></tr>\n    <tr><td>Street_Address</td><td>Wesfleur Circle</td></tr>\n    <tr><td>Street_Suburb</td><td>Wesfleur</td></tr>\n    <tr><td>Street_City_or_Town</td><td>Atlantis</td></tr>\n    <tr><td>Street_Province_</td><td>Western Cape</td></tr>\n    <tr><td>Street_Country</td><td>South Africa</td></tr>\n    <tr><td>Core_Classification_ICSC</td><td>Neighbourhood Centre</td></tr>\n    <tr><td>Classification_MD</td><td>Local Convenience Centre</td></tr>\n    <tr><td>Gross_Leasable_Floor_Area_in_sq</td><td>5879</td></tr>\n    <tr><td>Centre_Manager_Name</td><td></td></tr>\n    <tr><td>Centre_Manager_Telephone</td><td></td></tr>\n    <tr><td>Centre_Manager_Mobile</td><td></td></tr>\n    <tr><td>Centre_Manager_Email</td><td></td></tr>\n    <tr><td>Shopping_Centre_Website</td><td></td></tr>\n    <tr><td>Type</td><td>Majors</td></tr>\n    <tr><td>Leasing_Company_Name</td><td>JHI Properties (Pty) Ltd</td></tr>\n    <tr><td>Leasing_Manager_Name</td><td>Ishaan Whitby</td></tr>\n    <tr><td>Leasing_Manager_Telephone</td><td>+2721 943 1027</td></tr>\n    <tr><td>Leasing_Manager_Mobile</td><td>+2783 959 2805</td></tr>\n    <tr><td>Marketing_Company_Name</td><td></td></tr>\n    <tr><td>Owner</td><td>Small Enterprise Finance Agency</td></tr>\n    <tr><td>Name_of_Holding_Company</td><td>Khula Enterprise Finance Ltd</td></tr>\n    <tr><td>Name_of_Developer</td><td></td></tr>\n    <tr><td>Year_Developed</td><td>1990</td></tr>\n    <tr><td>Year_Last_Refurbished</td><td>0</td></tr>\n    <tr><td>No_of_Retail_Floors</td><td>2</td></tr>\n    <tr><td>Latest_Annual_Foot_Count</td><td>0</td></tr>\n    <tr><td>No_of_Shops</td><td>25</td></tr>\n    <tr><td>Main_Anchors</td><td>U Save</td></tr>\n    <tr><td>Parking_Total</td><td>100</td></tr>"},"_name":"Wesfleur Town Centre"}},{"type":"Feature","geometry":{"type":"Point","coordinates":[18.4815999827248,-34.087900003087,0]},"properties":{"name":"Capricorn Square Shopping Centre","visibility":false,"description":{"@type":"html","value":"<br><br><br>\n    <table border=\"1\" padding=\"0\">\n    <tr><td>Shopping_Centre_Name</td><td>Capricorn Square Shopping Centre</td></tr>\n    <tr><td>Street_Address</td><td>Cnr Dury Road & Prince George Drive</td></tr>\n    <tr><td>Street_Suburb</td><td>Muizenberg</td></tr>\n    <tr><td>Street_City_or_Town</td><td>Cape Town</td></tr>\n    <tr><td>Street_Province_</td><td>Western Cape</td></tr>\n    <tr><td>Street_Country</td><td>South Africa</td></tr>\n    <tr><td>Core_Classification_ICSC</td><td>Neighbourhood Centre</td></tr>\n    <tr><td>Classification_MD</td><td>Local Convenience Centre</td></tr>\n    <tr><td>Gross_Leasable_Floor_Area_in_sq</td><td>5886</td></tr>\n    <tr><td>Centre_Manager_Name</td><td>Adnan Chogle</td></tr>\n    <tr><td>Centre_Manager_Telephone</td><td>+2721 595 3000</td></tr>\n    <tr><td>Centre_Manager_Mobile</td><td></td></tr>\n    <tr><td>Centre_Manager_Email</td><td>info@fpggroup.co.za</td></tr>\n    <tr><td>Shopping_Centre_Website</td><td>www.fpggroup.co.za</td></tr>\n    <tr><td>Type</td><td>Majors</td></tr>\n    <tr><td>Leasing_Company_Name</td><td>Foodprop Property Holdings (Pty) Ltd</td></tr>\n    <tr><td>Leasing_Manager_Name</td><td>Adnan Chogle</td></tr>\n    <tr><td>Leasing_Manager_Telephone</td><td>+2721 595 3000</td></tr>\n    <tr><td>Leasing_Manager_Mobile</td><td></td></tr>\n    <tr><td>Marketing_Company_Name</td><td>FPG Holdings (Pty) Ltd</td></tr>\n    <tr><td>Owner</td><td>FPG Holdings (Pty) Ltd</td></tr>\n    <tr><td>Name_of_Holding_Company</td><td>Foodprop Property Holdings (Pty) Ltd</td></tr>\n    <tr><td>Name_of_Developer</td><td></td></tr>\n    <tr><td>Year_Developed</td><td>1999</td></tr>\n    <tr><td>Year_Last_Refurbished</td><td>2009</td></tr>\n    <tr><td>No_of_Retail_Floors</td><td>1</td></tr>\n    <tr><td>Latest_Annual_Foot_Count</td><td>0</td></tr>\n    <tr><td>No_of_Shops</td><td>17</td></tr>\n    <tr><td>Main_Anchors</td><td>Pick n Pay, Clicks Pep, KFC</td></tr>\n    <tr><td>Parking_Total</td><td>287</td></tr>"},"_name":"Capricorn Square Shopping Centre"}},{"type":"Feature","geometry":{"type":"Point","coordinates":[18.8297759819164,-34.115354004955,0]},"properties":{"name":"Strand Square (was Dorpsmeent SC)","visibility":false,"description":{"@type":"html","value":"<br><br><br>\n    <table border=\"1\" padding=\"0\">\n    <tr><td>Shopping_Centre_Name</td><td>Strand Square (was Dorpsmeent SC)</td></tr>\n    <tr><td>Street_Address</td><td>Cnr Fagan & Mill Streets</td></tr>\n    <tr><td>Street_Suburb</td><td>Strand</td></tr>\n    <tr><td>Street_City_or_Town</td><td>Strand</td></tr>\n    <tr><td>Street_Province_</td><td>Western Cape</td></tr>\n    <tr><td>Street_Country</td><td>South Africa</td></tr>\n    <tr><td>Core_Classification_ICSC</td><td>Neighbourhood Centre</td></tr>\n    <tr><td>Classification_MD</td><td>Local Convenience Centre</td></tr>\n    <tr><td>Gross_Leasable_Floor_Area_in_sq</td><td>5944</td></tr>\n    <tr><td>Centre_Manager_Name</td><td>Ashraf Allie</td></tr>\n    <tr><td>Centre_Manager_Telephone</td><td>+2721 595 3000</td></tr>\n    <tr><td>Centre_Manager_Mobile</td><td></td></tr>\n    <tr><td>Centre_Manager_Email</td><td>info@fpggroup.co.za</td></tr>\n    <tr><td>Shopping_Centre_Website</td><td>www.fpggroup.co.za</td></tr>\n    <tr><td>Type</td><td>Majors</td></tr>\n    <tr><td>Leasing_Company_Name</td><td>Foodprop Property Holdings (Pty) Ltd</td></tr>\n    <tr><td>Leasing_Manager_Name</td><td>Ashraf Allie</td></tr>\n    <tr><td>Leasing_Manager_Telephone</td><td>+2721 595 3000</td></tr>\n    <tr><td>Leasing_Manager_Mobile</td><td></td></tr>\n    <tr><td>Marketing_Company_Name</td><td>FPG Holdings (Pty) Ltd</td></tr>\n    <tr><td>Owner</td><td>FPG Holdings (Pty) Ltd</td></tr>\n    <tr><td>Name_of_Holding_Company</td><td>Foodprop Property Holdings (Pty) Ltd</td></tr>\n    <tr><td>Name_of_Developer</td><td>Murray & Roberts Properties Services (Pty) Ltd</td></tr>\n    <tr><td>Year_Developed</td><td>1991</td></tr>\n    <tr><td>Year_Last_Refurbished</td><td>2013</td></tr>\n    <tr><td>No_of_Retail_Floors</td><td>1</td></tr>\n    <tr><td>Latest_Annual_Foot_Count</td><td>0</td></tr>\n    <tr><td>No_of_Shops</td><td>28</td></tr>\n    <tr><td>Main_Anchors</td><td>Pick n Pay, Pep, Old Mutual, PNA, Wimpy</td></tr>\n    <tr><td>Parking_Total</td><td>300</td></tr>"},"_name":"Strand Square (was Dorpsmeent SC)"}},{"type":"Feature","geometry":{"type":"Point","coordinates":[18.4668749948668,-33.942124987975,0]},"properties":{"name":"St Peter's Square","visibility":false,"description":{"@type":"html","value":"<br><br><br>\n    <table border=\"1\" padding=\"0\">\n    <tr><td>Shopping_Centre_Name</td><td>St Peter's Square</td></tr>\n    <tr><td>Street_Address</td><td>Cnr Main & Anzio Roads</td></tr>\n    <tr><td>Street_Suburb</td><td>Observatory</td></tr>\n    <tr><td>Street_City_or_Town</td><td>Cape Town</td></tr>\n    <tr><td>Street_Province_</td><td>Western Cape</td></tr>\n    <tr><td>Street_Country</td><td>South Africa</td></tr>\n    <tr><td>Core_Classification_ICSC</td><td>Neighbourhood Centre</td></tr>\n    <tr><td>Classification_MD</td><td>Neighbourhood Centre</td></tr>\n    <tr><td>Gross_Leasable_Floor_Area_in_sq</td><td>6000</td></tr>\n    <tr><td>Centre_Manager_Name</td><td>Allan Williams</td></tr>\n    <tr><td>Centre_Manager_Telephone</td><td>+2721 797 2495</td></tr>\n    <tr><td>Centre_Manager_Mobile</td><td></td></tr>\n    <tr><td>Centre_Manager_Email</td><td>alan@lonepalm.co.za</td></tr>\n    <tr><td>Shopping_Centre_Website</td><td></td></tr>\n    <tr><td>Type</td><td>2 to 3</td></tr>\n    <tr><td>Leasing_Company_Name</td><td>Rosewill Properties (Pty) Ltd</td></tr>\n    <tr><td>Leasing_Manager_Name</td><td>Allan Williams</td></tr>\n    <tr><td>Leasing_Manager_Telephone</td><td>+2721 797 2495</td></tr>\n    <tr><td>Leasing_Manager_Mobile</td><td></td></tr>\n    <tr><td>Marketing_Company_Name</td><td>Rosewill Properties (Pty) Ltd</td></tr>\n    <tr><td>Owner</td><td>Flaming Silver Trading 84 (Pty) Ltd</td></tr>\n    <tr><td>Name_of_Holding_Company</td><td></td></tr>\n    <tr><td>Name_of_Developer</td><td>Blue Dot Properties 8 (Pty) Ltd</td></tr>\n    <tr><td>Year_Developed</td><td>1999</td></tr>\n    <tr><td>Year_Last_Refurbished</td><td>2010</td></tr>\n    <tr><td>No_of_Retail_Floors</td><td>2</td></tr>\n    <tr><td>Latest_Annual_Foot_Count</td><td>0</td></tr>\n    <tr><td>No_of_Shops</td><td>31</td></tr>\n    <tr><td>Main_Anchors</td><td>Pick n Pay Family</td></tr>\n    <tr><td>Parking_Total</td><td>320</td></tr>"},"_name":"St Peter's Square"}},{"type":"Feature","geometry":{"type":"Point","coordinates":[18.5464999908544,-33.870199996234,0]},"properties":{"name":"Edgemead Village Centre","visibility":false,"description":{"@type":"html","value":"<br><br><br>\n    <table border=\"1\" padding=\"0\">\n    <tr><td>Shopping_Centre_Name</td><td>Edgemead Village Centre</td></tr>\n    <tr><td>Street_Address</td><td>Cnr Louis Thibault & Letchworth Drives</td></tr>\n    <tr><td>Street_Suburb</td><td>Edgemead</td></tr>\n    <tr><td>Street_City_or_Town</td><td>Goodwood</td></tr>\n    <tr><td>Street_Province_</td><td>Western Cape</td></tr>\n    <tr><td>Street_Country</td><td>South Africa</td></tr>\n    <tr><td>Core_Classification_ICSC</td><td>Neighbourhood Centre</td></tr>\n    <tr><td>Classification_MD</td><td>Neighbourhood Centre</td></tr>\n    <tr><td>Gross_Leasable_Floor_Area_in_sq</td><td>6079</td></tr>\n    <tr><td>Centre_Manager_Name</td><td>Wellington Makapela</td></tr>\n    <tr><td>Centre_Manager_Telephone</td><td>+2721 424 1210</td></tr>\n    <tr><td>Centre_Manager_Mobile</td><td>+2782 689 5760</td></tr>\n    <tr><td>Centre_Manager_Email</td><td>admin@daleglen.co.za</td></tr>\n    <tr><td>Shopping_Centre_Website</td><td></td></tr>\n    <tr><td>Type</td><td>Majors</td></tr>\n    <tr><td>Leasing_Company_Name</td><td>Daleglen Property Group (Pty) Ltd</td></tr>\n    <tr><td>Leasing_Manager_Name</td><td>Denise Bryer</td></tr>\n    <tr><td>Leasing_Manager_Telephone</td><td>+2721 424 1210</td></tr>\n    <tr><td>Leasing_Manager_Mobile</td><td></td></tr>\n    <tr><td>Marketing_Company_Name</td><td>Daleglen Property Group (Pty) Ltd</td></tr>\n    <tr><td>Owner</td><td>The Tamric Trust</td></tr>\n    <tr><td>Name_of_Holding_Company</td><td></td></tr>\n    <tr><td>Name_of_Developer</td><td></td></tr>\n    <tr><td>Year_Developed</td><td>1980</td></tr>\n    <tr><td>Year_Last_Refurbished</td><td>2009</td></tr>\n    <tr><td>No_of_Retail_Floors</td><td>1</td></tr>\n    <tr><td>Latest_Annual_Foot_Count</td><td>0</td></tr>\n    <tr><td>No_of_Shops</td><td>35</td></tr>\n    <tr><td>Main_Anchors</td><td>Spar, Clicks, Ocean Basket, Woolworths, Post Office</td></tr>\n    <tr><td>Parking_Total</td><td>450</td></tr>"},"_name":"Edgemead Village Centre"}},{"type":"Feature","geometry":{"type":"Point","coordinates":[18.6284289852724,-33.905919008552,0]},"properties":{"name":"Bellstar Junction","visibility":false,"description":{"@type":"html","value":"<br><br><br>\n    <table border=\"1\" padding=\"0\">\n    <tr><td>Shopping_Centre_Name</td><td>Bellstar Junction</td></tr>\n    <tr><td>Street_Address</td><td>South Street</td></tr>\n    <tr><td>Street_Suburb</td><td>Belhar</td></tr>\n    <tr><td>Street_City_or_Town</td><td>Bellville</td></tr>\n    <tr><td>Street_Province_</td><td>Western Cape</td></tr>\n    <tr><td>Street_Country</td><td>South Africa</td></tr>\n    <tr><td>Core_Classification_ICSC</td><td>Neighbourhood Centre</td></tr>\n    <tr><td>Classification_MD</td><td>Neighbourhood Centre</td></tr>\n    <tr><td>Gross_Leasable_Floor_Area_in_sq</td><td>6187</td></tr>\n    <tr><td>Centre_Manager_Name</td><td>Allie Daniels</td></tr>\n    <tr><td>Centre_Manager_Telephone</td><td>+2721 949 4120</td></tr>\n    <tr><td>Centre_Manager_Mobile</td><td>+2782 953 2361</td></tr>\n    <tr><td>Centre_Manager_Email</td><td></td></tr>\n    <tr><td>Shopping_Centre_Website</td><td>www.spire.co.za</td></tr>\n    <tr><td>Type</td><td>Majors</td></tr>\n    <tr><td>Leasing_Company_Name</td><td>Spire Property Management (Pty) Ltd</td></tr>\n    <tr><td>Leasing_Manager_Name</td><td>Andriaan Jonker</td></tr>\n    <tr><td>Leasing_Manager_Telephone</td><td>+2721 685 4020</td></tr>\n    <tr><td>Leasing_Manager_Mobile</td><td></td></tr>\n    <tr><td>Marketing_Company_Name</td><td>Spire Property Management (Pty) Ltd</td></tr>\n    <tr><td>Owner</td><td>Fortress Income 2 (Pty) Ltd</td></tr>\n    <tr><td>Name_of_Holding_Company</td><td></td></tr>\n    <tr><td>Name_of_Developer</td><td>Murray & Roberts Properties Services (Pty) Ltd</td></tr>\n    <tr><td>Year_Developed</td><td>1990</td></tr>\n    <tr><td>Year_Last_Refurbished</td><td>0</td></tr>\n    <tr><td>No_of_Retail_Floors</td><td>1</td></tr>\n    <tr><td>Latest_Annual_Foot_Count</td><td>14638375</td></tr>\n    <tr><td>No_of_Shops</td><td>76</td></tr>\n    <tr><td>Main_Anchors</td><td>Check Out, small shops</td></tr>\n    <tr><td>Parking_Total</td><td>0</td></tr>"},"_name":"Bellstar Junction"}},{"type":"Feature","geometry":{"type":"Point","coordinates":[18.8549000036356,-34.086600004463,0]},"properties":{"name":"Checkers Centre - Somerset West","visibility":false,"description":{"@type":"html","value":"<br><br><br>\n    <table border=\"1\" padding=\"0\">\n    <tr><td>Shopping_Centre_Name</td><td>Checkers Centre - Somerset West</td></tr>\n    <tr><td>Street_Address</td><td>Cnr Main, Gray & Gordon Roads</td></tr>\n    <tr><td>Street_Suburb</td><td>Central</td></tr>\n    <tr><td>Street_City_or_Town</td><td>Somerset West</td></tr>\n    <tr><td>Street_Province_</td><td>Western Cape</td></tr>\n    <tr><td>Street_Country</td><td>South Africa</td></tr>\n    <tr><td>Core_Classification_ICSC</td><td>Neighbourhood Centre</td></tr>\n    <tr><td>Classification_MD</td><td>Neighbourhood Centre</td></tr>\n    <tr><td>Gross_Leasable_Floor_Area_in_sq</td><td>6259.31</td></tr>\n    <tr><td>Centre_Manager_Name</td><td>Philippa Jacoby</td></tr>\n    <tr><td>Centre_Manager_Telephone</td><td>+2721 880 2385</td></tr>\n    <tr><td>Centre_Manager_Mobile</td><td></td></tr>\n    <tr><td>Centre_Manager_Email</td><td>pjacoby@broll.co.za</td></tr>\n    <tr><td>Shopping_Centre_Website</td><td></td></tr>\n    <tr><td>Type</td><td>Majors</td></tr>\n    <tr><td>Leasing_Company_Name</td><td>Broll Property Group (Pty) Ltd</td></tr>\n    <tr><td>Leasing_Manager_Name</td><td>Philippa Jacoby</td></tr>\n    <tr><td>Leasing_Manager_Telephone</td><td>+2721 880 2385</td></tr>\n    <tr><td>Leasing_Manager_Mobile</td><td>+2779 525 2627</td></tr>\n    <tr><td>Marketing_Company_Name</td><td>Primedia Lifestyle (Pty) Ltd</td></tr>\n    <tr><td>Owner</td><td>SA Corporate Real Estate Fund</td></tr>\n    <tr><td>Name_of_Holding_Company</td><td></td></tr>\n    <tr><td>Name_of_Developer</td><td>Checkers Properties Ltd</td></tr>\n    <tr><td>Year_Developed</td><td>1984</td></tr>\n    <tr><td>Year_Last_Refurbished</td><td>2000</td></tr>\n    <tr><td>No_of_Retail_Floors</td><td>1</td></tr>\n    <tr><td>Latest_Annual_Foot_Count</td><td>0</td></tr>\n    <tr><td>No_of_Shops</td><td>19</td></tr>\n    <tr><td>Main_Anchors</td><td>Checkers, Specsavers, Sheet Street</td></tr>\n    <tr><td>Parking_Total</td><td>235</td></tr>"},"_name":"Checkers Centre - Somerset West"}},{"type":"Feature","geometry":{"type":"Point","coordinates":[18.4983070106002,-33.816855006141,0]},"properties":{"name":"Parklands Lifestyle Centre","visibility":false,"description":{"@type":"html","value":"<br><br><br>\n    <table border=\"1\" padding=\"0\">\n    <tr><td>Shopping_Centre_Name</td><td>Parklands Lifestyle Centre</td></tr>\n    <tr><td>Street_Address</td><td>Cnr Parklands Main & St Johns Wood Crescent</td></tr>\n    <tr><td>Street_Suburb</td><td>Parklands</td></tr>\n    <tr><td>Street_City_or_Town</td><td>Cape Town</td></tr>\n    <tr><td>Street_Province_</td><td>Western Cape</td></tr>\n    <tr><td>Street_Country</td><td>South Africa</td></tr>\n    <tr><td>Core_Classification_ICSC</td><td>Neighbourhood Centre</td></tr>\n    <tr><td>Classification_MD</td><td>Neighbourhood Centre</td></tr>\n    <tr><td>Gross_Leasable_Floor_Area_in_sq</td><td>6300</td></tr>\n    <tr><td>Centre_Manager_Name</td><td>Geneve Lasker</td></tr>\n    <tr><td>Centre_Manager_Telephone</td><td>+2721 761 8199</td></tr>\n    <tr><td>Centre_Manager_Mobile</td><td></td></tr>\n    <tr><td>Centre_Manager_Email</td><td>ppkadmin@gmail.com</td></tr>\n    <tr><td>Shopping_Centre_Website</td><td></td></tr>\n    <tr><td>Type</td><td></td></tr>\n    <tr><td>Leasing_Company_Name</td><td>Broadlands Investment (Pty) Ltd</td></tr>\n    <tr><td>Leasing_Manager_Name</td><td>Dr NA Moosa / Stacy / Geneve</td></tr>\n    <tr><td>Leasing_Manager_Telephone</td><td>+2721 761 8199</td></tr>\n    <tr><td>Leasing_Manager_Mobile</td><td></td></tr>\n    <tr><td>Marketing_Company_Name</td><td>Broadlands Investment (Pty) Ltd</td></tr>\n    <tr><td>Owner</td><td>Broadlands Investment (Pty) Ltd</td></tr>\n    <tr><td>Name_of_Holding_Company</td><td></td></tr>\n    <tr><td>Name_of_Developer</td><td>Broadlands Investment (Pty) Ltd</td></tr>\n    <tr><td>Year_Developed</td><td>2003</td></tr>\n    <tr><td>Year_Last_Refurbished</td><td>2012</td></tr>\n    <tr><td>No_of_Retail_Floors</td><td>1</td></tr>\n    <tr><td>Latest_Annual_Foot_Count</td><td>0</td></tr>\n    <tr><td>No_of_Shops</td><td>24</td></tr>\n    <tr><td>Main_Anchors</td><td>Planet Fitness, KFC, U Save Shoprite</td></tr>\n    <tr><td>Parking_Total</td><td>260</td></tr>"},"_name":"Parklands Lifestyle Centre"}},{"type":"Feature","geometry":{"type":"Point","coordinates":[18.5684539885618,-33.961785007776,0]},"properties":{"name":"Charlesville Shopping Centre","visibility":false,"description":{"@type":"html","value":"<br><br><br>\n    <table border=\"1\" padding=\"0\">\n    <tr><td>Shopping_Centre_Name</td><td>Charlesville Shopping Centre</td></tr>\n    <tr><td>Street_Address</td><td>Cnr Valhalla and Charles Calvert Streets</td></tr>\n    <tr><td>Street_Suburb</td><td>Charlesville</td></tr>\n    <tr><td>Street_City_or_Town</td><td>Cape Town</td></tr>\n    <tr><td>Street_Province_</td><td>Western Cape</td></tr>\n    <tr><td>Street_Country</td><td>South Africa</td></tr>\n    <tr><td>Core_Classification_ICSC</td><td>Neighbourhood Centre</td></tr>\n    <tr><td>Classification_MD</td><td>Neighbourhood Centre</td></tr>\n    <tr><td>Gross_Leasable_Floor_Area_in_sq</td><td>6458</td></tr>\n    <tr><td>Centre_Manager_Name</td><td>Ayando Njilo</td></tr>\n    <tr><td>Centre_Manager_Telephone</td><td></td></tr>\n    <tr><td>Centre_Manager_Mobile</td><td>+2772 389 6538</td></tr>\n    <tr><td>Centre_Manager_Email</td><td>anjilo@eris.co.za</td></tr>\n    <tr><td>Shopping_Centre_Website</td><td></td></tr>\n    <tr><td>Type</td><td>Majors</td></tr>\n    <tr><td>Leasing_Company_Name</td><td>Eris Property Group (Pty) Ltd</td></tr>\n    <tr><td>Leasing_Manager_Name</td><td>Gavin Hiscock</td></tr>\n    <tr><td>Leasing_Manager_Telephone</td><td>+2721 410 1169</td></tr>\n    <tr><td>Leasing_Manager_Mobile</td><td>+2779 696 3057</td></tr>\n    <tr><td>Marketing_Company_Name</td><td>Eris Property Group (Pty) Ltd</td></tr>\n    <tr><td>Owner</td><td>MMI Group Ltd</td></tr>\n    <tr><td>Name_of_Holding_Company</td><td>MMI Group Ltd</td></tr>\n    <tr><td>Name_of_Developer</td><td>Metropolitan Life Ltd</td></tr>\n    <tr><td>Year_Developed</td><td>1990</td></tr>\n    <tr><td>Year_Last_Refurbished</td><td>0</td></tr>\n    <tr><td>No_of_Retail_Floors</td><td>1</td></tr>\n    <tr><td>Latest_Annual_Foot_Count</td><td>0</td></tr>\n    <tr><td>No_of_Shops</td><td>34</td></tr>\n    <tr><td>Main_Anchors</td><td>Shoprite, Pep, Dunns</td></tr>\n    <tr><td>Parking_Total</td><td>0</td></tr>"},"_name":"Charlesville Shopping Centre"}},{"type":"Feature","geometry":{"type":"Point","coordinates":[18.5281120118236,-34.05280999539,0]},"properties":{"name":"Pelican Park Shopping Centre","visibility":false,"description":{"@type":"html","value":"<br><br><br>\n    <table border=\"1\" padding=\"0\">\n    <tr><td>Shopping_Centre_Name</td><td>Pelican Park Shopping Centre</td></tr>\n    <tr><td>Street_Address</td><td>Cnr 15th St & Strandfontein Road</td></tr>\n    <tr><td>Street_Suburb</td><td>Grassy Park</td></tr>\n    <tr><td>Street_City_or_Town</td><td>Cape Town</td></tr>\n    <tr><td>Street_Province_</td><td>Western Cape</td></tr>\n    <tr><td>Street_Country</td><td>South Africa</td></tr>\n    <tr><td>Core_Classification_ICSC</td><td>Neighbourhood Centre</td></tr>\n    <tr><td>Classification_MD</td><td>Neighbourhood Centre</td></tr>\n    <tr><td>Gross_Leasable_Floor_Area_in_sq</td><td>6500</td></tr>\n    <tr><td>Centre_Manager_Name</td><td></td></tr>\n    <tr><td>Centre_Manager_Telephone</td><td></td></tr>\n    <tr><td>Centre_Manager_Mobile</td><td></td></tr>\n    <tr><td>Centre_Manager_Email</td><td></td></tr>\n    <tr><td>Shopping_Centre_Website</td><td>www.retailshopspace.co.za</td></tr>\n    <tr><td>Type</td><td></td></tr>\n    <tr><td>Leasing_Company_Name</td><td>Retail Shop Space SA</td></tr>\n    <tr><td>Leasing_Manager_Name</td><td>Pieter Lückhoff</td></tr>\n    <tr><td>Leasing_Manager_Telephone</td><td>+2721 811 0245</td></tr>\n    <tr><td>Leasing_Manager_Mobile</td><td>+2782 821 3089</td></tr>\n    <tr><td>Marketing_Company_Name</td><td></td></tr>\n    <tr><td>Owner</td><td>Pelican Park Shopping Centre Pty Ltd</td></tr>\n    <tr><td>Name_of_Holding_Company</td><td>Paternoster Groepbelange, Power Group, Retail Shop Space SA</td></tr>\n    <tr><td>Name_of_Developer</td><td>Retail Shop Space SA, Power Developments</td></tr>\n    <tr><td>Year_Developed</td><td>2014</td></tr>\n    <tr><td>Year_Last_Refurbished</td><td>0</td></tr>\n    <tr><td>No_of_Retail_Floors</td><td>1</td></tr>\n    <tr><td>Latest_Annual_Foot_Count</td><td>0</td></tr>\n    <tr><td>No_of_Shops</td><td>19</td></tr>\n    <tr><td>Main_Anchors</td><td>Shoprite</td></tr>\n    <tr><td>Parking_Total</td><td>265</td></tr>"},"_name":"Pelican Park Shopping Centre"}},{"type":"Feature","geometry":{"type":"Point","coordinates":[18.4581890066938,-34.063532991703,0]},"properties":{"name":"Tokai on Main Shopping Centre","visibility":false,"description":{"@type":"html","value":"<br><br><br>\n    <table border=\"1\" padding=\"0\">\n    <tr><td>Shopping_Centre_Name</td><td>Tokai on Main Shopping Centre</td></tr>\n    <tr><td>Street_Address</td><td>Main Road</td></tr>\n    <tr><td>Street_Suburb</td><td>Tokai</td></tr>\n    <tr><td>Street_City_or_Town</td><td>Cape Town</td></tr>\n    <tr><td>Street_Province_</td><td>Western Cape</td></tr>\n    <tr><td>Street_Country</td><td>South Africa</td></tr>\n    <tr><td>Core_Classification_ICSC</td><td>Neighbourhood Centre</td></tr>\n    <tr><td>Classification_MD</td><td>Neighbourhood Centre</td></tr>\n    <tr><td>Gross_Leasable_Floor_Area_in_sq</td><td>6504</td></tr>\n    <tr><td>Centre_Manager_Name</td><td>Janet Wishnia</td></tr>\n    <tr><td>Centre_Manager_Telephone</td><td>+2721 550 7000</td></tr>\n    <tr><td>Centre_Manager_Mobile</td><td>+2783 379 1232</td></tr>\n    <tr><td>Centre_Manager_Email</td><td>janet@rabie.co.za</td></tr>\n    <tr><td>Shopping_Centre_Website</td><td></td></tr>\n    <tr><td>Type</td><td>Majors</td></tr>\n    <tr><td>Leasing_Company_Name</td><td>Rabie Property Administrators (Pty) Ltd</td></tr>\n    <tr><td>Leasing_Manager_Name</td><td>Janet Wishnia</td></tr>\n    <tr><td>Leasing_Manager_Telephone</td><td>+2721 550 7000</td></tr>\n    <tr><td>Leasing_Manager_Mobile</td><td>+2783 379 1232</td></tr>\n    <tr><td>Marketing_Company_Name</td><td></td></tr>\n    <tr><td>Owner</td><td>Tokai on Main Joint Venture</td></tr>\n    <tr><td>Name_of_Holding_Company</td><td></td></tr>\n    <tr><td>Name_of_Developer</td><td>Rabie Property Developers</td></tr>\n    <tr><td>Year_Developed</td><td>1998</td></tr>\n    <tr><td>Year_Last_Refurbished</td><td>2011</td></tr>\n    <tr><td>No_of_Retail_Floors</td><td>1</td></tr>\n    <tr><td>Latest_Annual_Foot_Count</td><td>0</td></tr>\n    <tr><td>No_of_Shops</td><td>8</td></tr>\n    <tr><td>Main_Anchors</td><td>Sportsman's Warehouse, Food Lover's</td></tr>\n    <tr><td>Parking_Total</td><td>371</td></tr>"},"_name":"Tokai on Main Shopping Centre"}},{"type":"Feature","geometry":{"type":"Point","coordinates":[18.4688999896882,-34.007400005846,0]},"properties":{"name":"Pick n Pay Centre - Wynberg","visibility":false,"description":{"@type":"html","value":"<br><br><br>\n    <table border=\"1\" padding=\"0\">\n    <tr><td>Shopping_Centre_Name</td><td>Pick n Pay Centre - Wynberg</td></tr>\n    <tr><td>Street_Address</td><td>Main Road</td></tr>\n    <tr><td>Street_Suburb</td><td>Wynberg</td></tr>\n    <tr><td>Street_City_or_Town</td><td>Cape Town</td></tr>\n    <tr><td>Street_Province_</td><td>Western Cape</td></tr>\n    <tr><td>Street_Country</td><td>South Africa</td></tr>\n    <tr><td>Core_Classification_ICSC</td><td>Neighbourhood Centre</td></tr>\n    <tr><td>Classification_MD</td><td>Neighbourhood Centre</td></tr>\n    <tr><td>Gross_Leasable_Floor_Area_in_sq</td><td>6560</td></tr>\n    <tr><td>Centre_Manager_Name</td><td></td></tr>\n    <tr><td>Centre_Manager_Telephone</td><td></td></tr>\n    <tr><td>Centre_Manager_Mobile</td><td></td></tr>\n    <tr><td>Centre_Manager_Email</td><td></td></tr>\n    <tr><td>Shopping_Centre_Website</td><td></td></tr>\n    <tr><td>Type</td><td>Majors</td></tr>\n    <tr><td>Leasing_Company_Name</td><td>Eris Property Group (Pty) Ltd</td></tr>\n    <tr><td>Leasing_Manager_Name</td><td>Gavin Hisock</td></tr>\n    <tr><td>Leasing_Manager_Telephone</td><td>+2721 410 1169</td></tr>\n    <tr><td>Leasing_Manager_Mobile</td><td>+2779 696 3057</td></tr>\n    <tr><td>Marketing_Company_Name</td><td>Eris Property Group (Pty) Ltd</td></tr>\n    <tr><td>Owner</td><td>MMI Group Ltd</td></tr>\n    <tr><td>Name_of_Holding_Company</td><td>MMI Group Ltd</td></tr>\n    <tr><td>Name_of_Developer</td><td>Metropolitan Life Ltd</td></tr>\n    <tr><td>Year_Developed</td><td>1990</td></tr>\n    <tr><td>Year_Last_Refurbished</td><td>0</td></tr>\n    <tr><td>No_of_Retail_Floors</td><td>1</td></tr>\n    <tr><td>Latest_Annual_Foot_Count</td><td>0</td></tr>\n    <tr><td>No_of_Shops</td><td>5</td></tr>\n    <tr><td>Main_Anchors</td><td>Pick n Pay</td></tr>\n    <tr><td>Parking_Total</td><td>205</td></tr>"},"_name":"Pick n Pay Centre - Wynberg"}},{"type":"Feature","geometry":{"type":"Point","coordinates":[18.7267999845298,-34.000500003096,0]},"properties":{"name":"City Centre - Eerste River","visibility":false,"description":{"@type":"html","value":"<br><br><br>\n    <table border=\"1\" padding=\"0\">\n    <tr><td>Shopping_Centre_Name</td><td>City Centre - Eerste River</td></tr>\n    <tr><td>Street_Address</td><td>Cnr Forest & Van Riebeeck Roads</td></tr>\n    <tr><td>Street_Suburb</td><td></td></tr>\n    <tr><td>Street_City_or_Town</td><td>Eersterivier</td></tr>\n    <tr><td>Street_Province_</td><td>Western Cape</td></tr>\n    <tr><td>Street_Country</td><td>South Africa</td></tr>\n    <tr><td>Core_Classification_ICSC</td><td>Neighbourhood Centre</td></tr>\n    <tr><td>Classification_MD</td><td>Neighbourhood Centre</td></tr>\n    <tr><td>Gross_Leasable_Floor_Area_in_sq</td><td>6582</td></tr>\n    <tr><td>Centre_Manager_Name</td><td>Floors Lindt</td></tr>\n    <tr><td>Centre_Manager_Telephone</td><td>+2787 741 3245</td></tr>\n    <tr><td>Centre_Manager_Mobile</td><td>+2772 202 9320</td></tr>\n    <tr><td>Centre_Manager_Email</td><td>floorsl@redefine.co.za</td></tr>\n    <tr><td>Shopping_Centre_Website</td><td></td></tr>\n    <tr><td>Type</td><td>Majors</td></tr>\n    <tr><td>Leasing_Company_Name</td><td>Redefine Properties Ltd</td></tr>\n    <tr><td>Leasing_Manager_Name</td><td>Lorraine Snyman</td></tr>\n    <tr><td>Leasing_Manager_Telephone</td><td>+2721 443 7600</td></tr>\n    <tr><td>Leasing_Manager_Mobile</td><td>+2772 276 6017</td></tr>\n    <tr><td>Marketing_Company_Name</td><td>Redefine Properties Ltd</td></tr>\n    <tr><td>Owner</td><td>Redefine Income Fund Ltd</td></tr>\n    <tr><td>Name_of_Holding_Company</td><td>Redefine Properties Ltd</td></tr>\n    <tr><td>Name_of_Developer</td><td>Redefine Properties Ltd</td></tr>\n    <tr><td>Year_Developed</td><td>1990</td></tr>\n    <tr><td>Year_Last_Refurbished</td><td>0</td></tr>\n    <tr><td>No_of_Retail_Floors</td><td>1</td></tr>\n    <tr><td>Latest_Annual_Foot_Count</td><td>0</td></tr>\n    <tr><td>No_of_Shops</td><td>38</td></tr>\n    <tr><td>Main_Anchors</td><td>Pick n Pay</td></tr>\n    <tr><td>Parking_Total</td><td>378</td></tr>"},"_name":"City Centre - Eerste River"}},{"type":"Feature","geometry":{"type":"Point","coordinates":[18.4434149855218,-33.731300997404,0]},"properties":{"name":"The Birkenhead Shopping Centre","visibility":false,"description":{"@type":"html","value":"<br><br><br>\n    <table border=\"1\" padding=\"0\">\n    <tr><td>Shopping_Centre_Name</td><td>The Birkenhead Shopping Centre</td></tr>\n    <tr><td>Street_Address</td><td>Cnr Otto Du Plessis & Birkenhead Drives</td></tr>\n    <tr><td>Street_Suburb</td><td></td></tr>\n    <tr><td>Street_City_or_Town</td><td>Melkbosstrand</td></tr>\n    <tr><td>Street_Province_</td><td>Western Cape</td></tr>\n    <tr><td>Street_Country</td><td>South Africa</td></tr>\n    <tr><td>Core_Classification_ICSC</td><td>Neighbourhood Centre</td></tr>\n    <tr><td>Classification_MD</td><td>Neighbourhood Centre</td></tr>\n    <tr><td>Gross_Leasable_Floor_Area_in_sq</td><td>6586</td></tr>\n    <tr><td>Centre_Manager_Name</td><td>Kobus Barnard</td></tr>\n    <tr><td>Centre_Manager_Telephone</td><td></td></tr>\n    <tr><td>Centre_Manager_Mobile</td><td>+2784 572 9585</td></tr>\n    <tr><td>Centre_Manager_Email</td><td>kobusbarnard@absamail.co.za</td></tr>\n    <tr><td>Shopping_Centre_Website</td><td>www.sacentres.co.za</td></tr>\n    <tr><td>Type</td><td>Majors</td></tr>\n    <tr><td>Leasing_Company_Name</td><td>SA Centres</td></tr>\n    <tr><td>Leasing_Manager_Name</td><td>Kle Bonthuis</td></tr>\n    <tr><td>Leasing_Manager_Telephone</td><td>+2711 663 0400</td></tr>\n    <tr><td>Leasing_Manager_Mobile</td><td>+2772 250 8723</td></tr>\n    <tr><td>Marketing_Company_Name</td><td>SA Centres</td></tr>\n    <tr><td>Owner</td><td>Char-Trade 246 CC</td></tr>\n    <tr><td>Name_of_Holding_Company</td><td>SA Centres</td></tr>\n    <tr><td>Name_of_Developer</td><td></td></tr>\n    <tr><td>Year_Developed</td><td>2001</td></tr>\n    <tr><td>Year_Last_Refurbished</td><td>0</td></tr>\n    <tr><td>No_of_Retail_Floors</td><td>2</td></tr>\n    <tr><td>Latest_Annual_Foot_Count</td><td>0</td></tr>\n    <tr><td>No_of_Shops</td><td>31</td></tr>\n    <tr><td>Main_Anchors</td><td>Pick n Pay Super, Clicks, Pep, KFC, Wimpy, Steers, Standard Bank, ABSA</td></tr>\n    <tr><td>Parking_Total</td><td>0</td></tr>"},"_name":"The Birkenhead Shopping Centre"}},{"type":"Feature","geometry":{"type":"Point","coordinates":[18.4108639971442,-33.929493996173,0]},"properties":{"name":"Lifestyle on Kloof","visibility":false,"description":{"@type":"html","value":"<br><br><br>\n    <table border=\"1\" padding=\"0\">\n    <tr><td>Shopping_Centre_Name</td><td>Lifestyle on Kloof</td></tr>\n    <tr><td>Street_Address</td><td>Kloof Street</td></tr>\n    <tr><td>Street_Suburb</td><td>Gardens</td></tr>\n    <tr><td>Street_City_or_Town</td><td>Cape Town</td></tr>\n    <tr><td>Street_Province_</td><td>Western Cape</td></tr>\n    <tr><td>Street_Country</td><td>South Africa</td></tr>\n    <tr><td>Core_Classification_ICSC</td><td>Neighbourhood Centre</td></tr>\n    <tr><td>Classification_MD</td><td>Neighbourhood Centre</td></tr>\n    <tr><td>Gross_Leasable_Floor_Area_in_sq</td><td>6600</td></tr>\n    <tr><td>Centre_Manager_Name</td><td></td></tr>\n    <tr><td>Centre_Manager_Telephone</td><td></td></tr>\n    <tr><td>Centre_Manager_Mobile</td><td></td></tr>\n    <tr><td>Centre_Manager_Email</td><td></td></tr>\n    <tr><td>Shopping_Centre_Website</td><td></td></tr>\n    <tr><td>Type</td><td>Majors</td></tr>\n    <tr><td>Leasing_Company_Name</td><td>Durban Property Management (Pty) Ltd</td></tr>\n    <tr><td>Leasing_Manager_Name</td><td>Nhlakanipho Zulu</td></tr>\n    <tr><td>Leasing_Manager_Telephone</td><td>+2731 274 7400</td></tr>\n    <tr><td>Leasing_Manager_Mobile</td><td></td></tr>\n    <tr><td>Marketing_Company_Name</td><td>Durban Property Management (Pty) Ltd</td></tr>\n    <tr><td>Owner</td><td>Kiaracept (Pty) Ltd</td></tr>\n    <tr><td>Name_of_Holding_Company</td><td></td></tr>\n    <tr><td>Name_of_Developer</td><td>Nova Build</td></tr>\n    <tr><td>Year_Developed</td><td>2004</td></tr>\n    <tr><td>Year_Last_Refurbished</td><td>2007</td></tr>\n    <tr><td>No_of_Retail_Floors</td><td>3</td></tr>\n    <tr><td>Latest_Annual_Foot_Count</td><td>0</td></tr>\n    <tr><td>No_of_Shops</td><td>38</td></tr>\n    <tr><td>Main_Anchors</td><td>Woolworths, Wellness Warehouse, The Zone Fitness Gym for Women</td></tr>\n    <tr><td>Parking_Total</td><td>283</td></tr>"},"_name":"Lifestyle on Kloof"}},{"type":"Feature","geometry":{"type":"Point","coordinates":[18.4574590181662,-33.927633999749,0]},"properties":{"name":"The Old Biscuit Mill","visibility":false,"description":{"@type":"html","value":"<br><br><br>\n    <table border=\"1\" padding=\"0\">\n    <tr><td>Shopping_Centre_Name</td><td>The Old Biscuit Mill</td></tr>\n    <tr><td>Street_Address</td><td>Albert Road</td></tr>\n    <tr><td>Street_Suburb</td><td>Woodstock</td></tr>\n    <tr><td>Street_City_or_Town</td><td>Cape Town</td></tr>\n    <tr><td>Street_Province_</td><td>Western Cape</td></tr>\n    <tr><td>Street_Country</td><td>South Africa</td></tr>\n    <tr><td>Core_Classification_ICSC</td><td></td></tr>\n    <tr><td>Classification_MD</td><td>Specialty Centre</td></tr>\n    <tr><td>Gross_Leasable_Floor_Area_in_sq</td><td>6609</td></tr>\n    <tr><td>Centre_Manager_Name</td><td>Charmaine Truter</td></tr>\n    <tr><td>Centre_Manager_Telephone</td><td>+2721 550 7000</td></tr>\n    <tr><td>Centre_Manager_Mobile</td><td></td></tr>\n    <tr><td>Centre_Manager_Email</td><td>charmaine@rabie.co.za</td></tr>\n    <tr><td>Shopping_Centre_Website</td><td></td></tr>\n    <tr><td>Type</td><td>Majors</td></tr>\n    <tr><td>Leasing_Company_Name</td><td>Rabie Property Administrators (Pty) Ltd</td></tr>\n    <tr><td>Leasing_Manager_Name</td><td>Charmaine Truter</td></tr>\n    <tr><td>Leasing_Manager_Telephone</td><td>+2721 550 7000</td></tr>\n    <tr><td>Leasing_Manager_Mobile</td><td></td></tr>\n    <tr><td>Marketing_Company_Name</td><td></td></tr>\n    <tr><td>Owner</td><td>Indigo Properties</td></tr>\n    <tr><td>Name_of_Holding_Company</td><td></td></tr>\n    <tr><td>Name_of_Developer</td><td></td></tr>\n    <tr><td>Year_Developed</td><td>2010</td></tr>\n    <tr><td>Year_Last_Refurbished</td><td>0</td></tr>\n    <tr><td>No_of_Retail_Floors</td><td>2</td></tr>\n    <tr><td>Latest_Annual_Foot_Count</td><td>0</td></tr>\n    <tr><td>No_of_Shops</td><td>30</td></tr>\n    <tr><td>Main_Anchors</td><td>Independent Speciality Shops</td></tr>\n    <tr><td>Parking_Total</td><td>99</td></tr>"},"_name":"The Old Biscuit Mill"}},{"type":"Feature","geometry":{"type":"Point","coordinates":[18.495374007955,-33.882549003329,0]},"properties":{"name":"Milnerton Mall","visibility":false,"description":{"@type":"html","value":"<br><br><br>\n    <table border=\"1\" padding=\"0\">\n    <tr><td>Shopping_Centre_Name</td><td>Milnerton Mall</td></tr>\n    <tr><td>Street_Address</td><td>Cnr Loxton & Koeberg Roads</td></tr>\n    <tr><td>Street_Suburb</td><td>Milnerton</td></tr>\n    <tr><td>Street_City_or_Town</td><td>Cape Town</td></tr>\n    <tr><td>Street_Province_</td><td>Western Cape</td></tr>\n    <tr><td>Street_Country</td><td>South Africa</td></tr>\n    <tr><td>Core_Classification_ICSC</td><td>Neighbourhood Centre</td></tr>\n    <tr><td>Classification_MD</td><td>Neighbourhood Centre</td></tr>\n    <tr><td>Gross_Leasable_Floor_Area_in_sq</td><td>6644</td></tr>\n    <tr><td>Centre_Manager_Name</td><td>James Mason</td></tr>\n    <tr><td>Centre_Manager_Telephone</td><td>+2721 673 8454</td></tr>\n    <tr><td>Centre_Manager_Mobile</td><td>+2784 511 6041</td></tr>\n    <tr><td>Centre_Manager_Email</td><td>adilima@growthpoint.co.za</td></tr>\n    <tr><td>Shopping_Centre_Website</td><td></td></tr>\n    <tr><td>Type</td><td>Majors</td></tr>\n    <tr><td>Leasing_Company_Name</td><td>Growthpoint Management Services (Pty) Ltd</td></tr>\n    <tr><td>Leasing_Manager_Name</td><td>Amanda Dilima</td></tr>\n    <tr><td>Leasing_Manager_Telephone</td><td>+2721 674 8454</td></tr>\n    <tr><td>Leasing_Manager_Mobile</td><td>+2783 625 4288</td></tr>\n    <tr><td>Marketing_Company_Name</td><td>Mallan World International Inc.</td></tr>\n    <tr><td>Owner</td><td>Growthpoint Properties Ltd</td></tr>\n    <tr><td>Name_of_Holding_Company</td><td>Growthpoint Properties Ltd</td></tr>\n    <tr><td>Name_of_Developer</td><td></td></tr>\n    <tr><td>Year_Developed</td><td>0</td></tr>\n    <tr><td>Year_Last_Refurbished</td><td>2005</td></tr>\n    <tr><td>No_of_Retail_Floors</td><td>1</td></tr>\n    <tr><td>Latest_Annual_Foot_Count</td><td>0</td></tr>\n    <tr><td>No_of_Shops</td><td>14</td></tr>\n    <tr><td>Main_Anchors</td><td>Kwik Spar, Post Office, Standard Bank</td></tr>\n    <tr><td>Parking_Total</td><td>161</td></tr>"},"_name":"Milnerton Mall"}},{"type":"Feature","geometry":{"type":"Point","coordinates":[18.4660999848418,-33.980999997598,0]},"properties":{"name":"Werdmuller Centre","visibility":false,"description":{"@type":"html","value":"<br><br><br>\n    <table border=\"1\" padding=\"0\">\n    <tr><td>Shopping_Centre_Name</td><td>Werdmuller Centre</td></tr>\n    <tr><td>Street_Address</td><td>Main Road</td></tr>\n    <tr><td>Street_Suburb</td><td>Claremont</td></tr>\n    <tr><td>Street_City_or_Town</td><td>Cape Town</td></tr>\n    <tr><td>Street_Province_</td><td>Western Cape</td></tr>\n    <tr><td>Street_Country</td><td>South Africa</td></tr>\n    <tr><td>Core_Classification_ICSC</td><td>Neighbourhood Centre</td></tr>\n    <tr><td>Classification_MD</td><td>Neighbourhood Centre</td></tr>\n    <tr><td>Gross_Leasable_Floor_Area_in_sq</td><td>6775</td></tr>\n    <tr><td>Centre_Manager_Name</td><td></td></tr>\n    <tr><td>Centre_Manager_Telephone</td><td></td></tr>\n    <tr><td>Centre_Manager_Mobile</td><td></td></tr>\n    <tr><td>Centre_Manager_Email</td><td>info@npv.co.za</td></tr>\n    <tr><td>Shopping_Centre_Website</td><td></td></tr>\n    <tr><td>Type</td><td>Minors</td></tr>\n    <tr><td>Leasing_Company_Name</td><td>New Property Ventures (Pty) Ltd</td></tr>\n    <tr><td>Leasing_Manager_Name</td><td>Anel Bridges</td></tr>\n    <tr><td>Leasing_Manager_Telephone</td><td>+2721 683 9061</td></tr>\n    <tr><td>Leasing_Manager_Mobile</td><td>+2779 516 5464</td></tr>\n    <tr><td>Marketing_Company_Name</td><td>New Property Ventures (Pty) Ltd</td></tr>\n    <tr><td>Owner</td><td>New Property Ventures</td></tr>\n    <tr><td>Name_of_Holding_Company</td><td>Old Mutual</td></tr>\n    <tr><td>Name_of_Developer</td><td>Old Mutual Life Assurance Company (SA)</td></tr>\n    <tr><td>Year_Developed</td><td>1975</td></tr>\n    <tr><td>Year_Last_Refurbished</td><td>0</td></tr>\n    <tr><td>No_of_Retail_Floors</td><td>3</td></tr>\n    <tr><td>Latest_Annual_Foot_Count</td><td>0</td></tr>\n    <tr><td>No_of_Shops</td><td>31</td></tr>\n    <tr><td>Main_Anchors</td><td>To be re-developed</td></tr>\n    <tr><td>Parking_Total</td><td>39</td></tr>"},"_name":"Werdmuller Centre"}},{"type":"Feature","geometry":{"type":"Point","coordinates":[18.3940999933684,-33.910699997605,0]},"properties":{"name":"Adelphi Centre","visibility":false,"description":{"@type":"html","value":"<br><br><br>\n    <table border=\"1\" padding=\"0\">\n    <tr><td>Shopping_Centre_Name</td><td>Adelphi Centre</td></tr>\n    <tr><td>Street_Address</td><td>Main Road</td></tr>\n    <tr><td>Street_Suburb</td><td>Sea Point East</td></tr>\n    <tr><td>Street_City_or_Town</td><td>Cape Town</td></tr>\n    <tr><td>Street_Province_</td><td>Western Cape</td></tr>\n    <tr><td>Street_Country</td><td>South Africa</td></tr>\n    <tr><td>Core_Classification_ICSC</td><td>Neighbourhood Centre</td></tr>\n    <tr><td>Classification_MD</td><td>Neighbourhood Centre</td></tr>\n    <tr><td>Gross_Leasable_Floor_Area_in_sq</td><td>6800</td></tr>\n    <tr><td>Centre_Manager_Name</td><td>Jacques Gouws</td></tr>\n    <tr><td>Centre_Manager_Telephone</td><td>+2721 434 1457</td></tr>\n    <tr><td>Centre_Manager_Mobile</td><td>+2772 640 4983</td></tr>\n    <tr><td>Centre_Manager_Email</td><td>jacques@barnaschone.co.za</td></tr>\n    <tr><td>Shopping_Centre_Website</td><td></td></tr>\n    <tr><td>Type</td><td></td></tr>\n    <tr><td>Leasing_Company_Name</td><td>Cedar Creek Properties</td></tr>\n    <tr><td>Leasing_Manager_Name</td><td>Jacques Gouws</td></tr>\n    <tr><td>Leasing_Manager_Telephone</td><td>+2721 434 1457</td></tr>\n    <tr><td>Leasing_Manager_Mobile</td><td>+2772 640 4983</td></tr>\n    <tr><td>Marketing_Company_Name</td><td></td></tr>\n    <tr><td>Owner</td><td>Privately Owned</td></tr>\n    <tr><td>Name_of_Holding_Company</td><td></td></tr>\n    <tr><td>Name_of_Developer</td><td></td></tr>\n    <tr><td>Year_Developed</td><td>1974</td></tr>\n    <tr><td>Year_Last_Refurbished</td><td>2006</td></tr>\n    <tr><td>No_of_Retail_Floors</td><td>3</td></tr>\n    <tr><td>Latest_Annual_Foot_Count</td><td>0</td></tr>\n    <tr><td>No_of_Shops</td><td>50</td></tr>\n    <tr><td>Main_Anchors</td><td>Pick n Pay, Clicks</td></tr>\n    <tr><td>Parking_Total</td><td>139</td></tr>"},"_name":"Adelphi Centre"}},{"type":"Feature","geometry":{"type":"Point","coordinates":[18.4705000156138,-33.960400011352,0]},"properties":{"name":"Rondebosch on Main","visibility":false,"description":{"@type":"html","value":"<br><br><br>\n    <table border=\"1\" padding=\"0\">\n    <tr><td>Shopping_Centre_Name</td><td>Rondebosch on Main</td></tr>\n    <tr><td>Street_Address</td><td>Main Road</td></tr>\n    <tr><td>Street_Suburb</td><td>Rondebosch</td></tr>\n    <tr><td>Street_City_or_Town</td><td>Cape Town</td></tr>\n    <tr><td>Street_Province_</td><td>Western Cape</td></tr>\n    <tr><td>Street_Country</td><td>South Africa</td></tr>\n    <tr><td>Core_Classification_ICSC</td><td>Neighbourhood Centre</td></tr>\n    <tr><td>Classification_MD</td><td>Neighbourhood Centre</td></tr>\n    <tr><td>Gross_Leasable_Floor_Area_in_sq</td><td>6857</td></tr>\n    <tr><td>Centre_Manager_Name</td><td>Jean Page</td></tr>\n    <tr><td>Centre_Manager_Telephone</td><td>+2721 595 3000</td></tr>\n    <tr><td>Centre_Manager_Mobile</td><td></td></tr>\n    <tr><td>Centre_Manager_Email</td><td>info@fpggroup.co.za</td></tr>\n    <tr><td>Shopping_Centre_Website</td><td>www.fpggroup.co.za</td></tr>\n    <tr><td>Type</td><td>Majors</td></tr>\n    <tr><td>Leasing_Company_Name</td><td>Foodprop Property Holdings (Pty) Ltd</td></tr>\n    <tr><td>Leasing_Manager_Name</td><td>Jean Page</td></tr>\n    <tr><td>Leasing_Manager_Telephone</td><td>+2721 595 3000</td></tr>\n    <tr><td>Leasing_Manager_Mobile</td><td></td></tr>\n    <tr><td>Marketing_Company_Name</td><td>FPG Holdings (Pty) Ltd</td></tr>\n    <tr><td>Owner</td><td>FPG Holdings (Pty) Ltd</td></tr>\n    <tr><td>Name_of_Holding_Company</td><td>Foodprop Property Holdings (Pty) Ltd</td></tr>\n    <tr><td>Name_of_Developer</td><td></td></tr>\n    <tr><td>Year_Developed</td><td>1978</td></tr>\n    <tr><td>Year_Last_Refurbished</td><td>2009</td></tr>\n    <tr><td>No_of_Retail_Floors</td><td>2</td></tr>\n    <tr><td>Latest_Annual_Foot_Count</td><td>0</td></tr>\n    <tr><td>No_of_Shops</td><td>0</td></tr>\n    <tr><td>Main_Anchors</td><td>Pick n Pay, Clicks</td></tr>\n    <tr><td>Parking_Total</td><td>0</td></tr>"},"_name":"Rondebosch on Main"}},{"type":"Feature","geometry":{"type":"Point","coordinates":[18.7043000150542,-33.839799996237,0]},"properties":{"name":"Brighton Square","visibility":false,"description":{"@type":"html","value":"<br><br><br>\n    <table border=\"1\" padding=\"0\">\n    <tr><td>Shopping_Centre_Name</td><td>Brighton Square</td></tr>\n    <tr><td>Street_Address</td><td>Brighton Road</td></tr>\n    <tr><td>Street_Suburb</td><td></td></tr>\n    <tr><td>Street_City_or_Town</td><td>Kraaifontein</td></tr>\n    <tr><td>Street_Province_</td><td>Western Cape</td></tr>\n    <tr><td>Street_Country</td><td>South Africa</td></tr>\n    <tr><td>Core_Classification_ICSC</td><td>Neighbourhood Centre</td></tr>\n    <tr><td>Classification_MD</td><td>Neighbourhood Centre</td></tr>\n    <tr><td>Gross_Leasable_Floor_Area_in_sq</td><td>6900</td></tr>\n    <tr><td>Centre_Manager_Name</td><td>Elzette Oosthuizen</td></tr>\n    <tr><td>Centre_Manager_Telephone</td><td>+2721 447 7244</td></tr>\n    <tr><td>Centre_Manager_Mobile</td><td>+2772 614 7018</td></tr>\n    <tr><td>Centre_Manager_Email</td><td>elzette@swishproperties.co.za</td></tr>\n    <tr><td>Shopping_Centre_Website</td><td>www.swishproperties.co.za</td></tr>\n    <tr><td>Type</td><td>2 to 3</td></tr>\n    <tr><td>Leasing_Company_Name</td><td>Swish Properties Administration CC</td></tr>\n    <tr><td>Leasing_Manager_Name</td><td>Chrystal Grauso</td></tr>\n    <tr><td>Leasing_Manager_Telephone</td><td>+2721 447 7244</td></tr>\n    <tr><td>Leasing_Manager_Mobile</td><td></td></tr>\n    <tr><td>Marketing_Company_Name</td><td>Swish Properties Administration CC</td></tr>\n    <tr><td>Owner</td><td>Gamian Investments (Pty) Ltd</td></tr>\n    <tr><td>Name_of_Holding_Company</td><td></td></tr>\n    <tr><td>Name_of_Developer</td><td></td></tr>\n    <tr><td>Year_Developed</td><td>1993</td></tr>\n    <tr><td>Year_Last_Refurbished</td><td>2007</td></tr>\n    <tr><td>No_of_Retail_Floors</td><td>1</td></tr>\n    <tr><td>Latest_Annual_Foot_Count</td><td>0</td></tr>\n    <tr><td>No_of_Shops</td><td>34</td></tr>\n    <tr><td>Main_Anchors</td><td>Superspar, Aroma Liquors, Vees Videos, Pep</td></tr>\n    <tr><td>Parking_Total</td><td>400</td></tr>"},"_name":"Brighton Square"}},{"type":"Feature","geometry":{"type":"Point","coordinates":[18.8591000109052,-33.938239990176,0]},"properties":{"name":"Checkers Centre - Stellenbosch","visibility":false,"description":{"@type":"html","value":"<br><br><br>\n    <table border=\"1\" padding=\"0\">\n    <tr><td>Shopping_Centre_Name</td><td>Checkers Centre - Stellenbosch</td></tr>\n    <tr><td>Street_Address</td><td>Cnr Dorp & Mill Streets</td></tr>\n    <tr><td>Street_Suburb</td><td>Central</td></tr>\n    <tr><td>Street_City_or_Town</td><td>Stellenbosch</td></tr>\n    <tr><td>Street_Province_</td><td>Western Cape</td></tr>\n    <tr><td>Street_Country</td><td>South Africa</td></tr>\n    <tr><td>Core_Classification_ICSC</td><td>Neighbourhood Centre</td></tr>\n    <tr><td>Classification_MD</td><td>Neighbourhood Centre</td></tr>\n    <tr><td>Gross_Leasable_Floor_Area_in_sq</td><td>6971</td></tr>\n    <tr><td>Centre_Manager_Name</td><td>Adrian Johnson</td></tr>\n    <tr><td>Centre_Manager_Telephone</td><td>+2721 980 4235</td></tr>\n    <tr><td>Centre_Manager_Mobile</td><td>+2782 556 5542</td></tr>\n    <tr><td>Centre_Manager_Email</td><td>ajohnson@shoprite.co.za</td></tr>\n    <tr><td>Shopping_Centre_Website</td><td>www.shoprite.co.za</td></tr>\n    <tr><td>Type</td><td>Majors</td></tr>\n    <tr><td>Leasing_Company_Name</td><td>Shoprite Checkers (Pty) Ltd - Property Division</td></tr>\n    <tr><td>Leasing_Manager_Name</td><td>Adrian Johnson</td></tr>\n    <tr><td>Leasing_Manager_Telephone</td><td>+2721 980 4235</td></tr>\n    <tr><td>Leasing_Manager_Mobile</td><td>+2782 556 5542</td></tr>\n    <tr><td>Marketing_Company_Name</td><td>Shoprite Checkers (Pty) Ltd - Marketing Division</td></tr>\n    <tr><td>Owner</td><td>Shoprite Checkers (Pty) Ltd</td></tr>\n    <tr><td>Name_of_Holding_Company</td><td></td></tr>\n    <tr><td>Name_of_Developer</td><td></td></tr>\n    <tr><td>Year_Developed</td><td>1985</td></tr>\n    <tr><td>Year_Last_Refurbished</td><td>2000</td></tr>\n    <tr><td>No_of_Retail_Floors</td><td>1</td></tr>\n    <tr><td>Latest_Annual_Foot_Count</td><td>1164096</td></tr>\n    <tr><td>No_of_Shops</td><td>18</td></tr>\n    <tr><td>Main_Anchors</td><td>Checkers</td></tr>\n    <tr><td>Parking_Total</td><td>99</td></tr>"},"_name":"Checkers Centre - Stellenbosch"}},{"type":"Feature","geometry":{"type":"Point","coordinates":[18.5854670086306,-33.949961011683,0]},"properties":{"name":"Foodprop Centre - Bishop Lavis","visibility":false,"description":{"@type":"html","value":"<br><br><br>\n    <table border=\"1\" padding=\"0\">\n    <tr><td>Shopping_Centre_Name</td><td>Foodprop Centre - Bishop Lavis</td></tr>\n    <tr><td>Street_Address</td><td>Cnr League Road & Lavis Drive</td></tr>\n    <tr><td>Street_Suburb</td><td>Bishop Lavis</td></tr>\n    <tr><td>Street_City_or_Town</td><td>Cape Town</td></tr>\n    <tr><td>Street_Province_</td><td>Western Cape</td></tr>\n    <tr><td>Street_Country</td><td>South Africa</td></tr>\n    <tr><td>Core_Classification_ICSC</td><td>Neighbourhood Centre</td></tr>\n    <tr><td>Classification_MD</td><td>Neighbourhood Centre</td></tr>\n    <tr><td>Gross_Leasable_Floor_Area_in_sq</td><td>7009</td></tr>\n    <tr><td>Centre_Manager_Name</td><td>Ashraf Allie</td></tr>\n    <tr><td>Centre_Manager_Telephone</td><td>+2721 595 3000</td></tr>\n    <tr><td>Centre_Manager_Mobile</td><td></td></tr>\n    <tr><td>Centre_Manager_Email</td><td>info@fpggroup.co.za</td></tr>\n    <tr><td>Shopping_Centre_Website</td><td>www.fpggroup.co.za</td></tr>\n    <tr><td>Type</td><td>Majors</td></tr>\n    <tr><td>Leasing_Company_Name</td><td>Foodprop Property Holdings (Pty) Ltd</td></tr>\n    <tr><td>Leasing_Manager_Name</td><td>Ashraf Allie</td></tr>\n    <tr><td>Leasing_Manager_Telephone</td><td>+2721 595 3000</td></tr>\n    <tr><td>Leasing_Manager_Mobile</td><td></td></tr>\n    <tr><td>Marketing_Company_Name</td><td>FPG Holdings (Pty) Ltd</td></tr>\n    <tr><td>Owner</td><td>FPG Holdings (Pty) Ltd</td></tr>\n    <tr><td>Name_of_Holding_Company</td><td>Foodprop Property Holdings (Pty) Ltd</td></tr>\n    <tr><td>Name_of_Developer</td><td></td></tr>\n    <tr><td>Year_Developed</td><td>1990</td></tr>\n    <tr><td>Year_Last_Refurbished</td><td>0</td></tr>\n    <tr><td>No_of_Retail_Floors</td><td>1</td></tr>\n    <tr><td>Latest_Annual_Foot_Count</td><td>0</td></tr>\n    <tr><td>No_of_Shops</td><td>25</td></tr>\n    <tr><td>Main_Anchors</td><td>Shoprite, Pep, Post Office, KFC</td></tr>\n    <tr><td>Parking_Total</td><td>220</td></tr>"},"_name":"Foodprop Centre - Bishop Lavis"}},{"type":"Feature","geometry":{"type":"Point","coordinates":[18.7229000125138,-33.85199998936,0]},"properties":{"name":"Blochs Shopping Centre","visibility":false,"description":{"@type":"html","value":"<br><br><br>\n    <table border=\"1\" padding=\"0\">\n    <tr><td>Shopping_Centre_Name</td><td>Blochs Shopping Centre</td></tr>\n    <tr><td>Street_Address</td><td>Cnr Van Riebeeck Street & 8th Avenue</td></tr>\n    <tr><td>Street_Suburb</td><td></td></tr>\n    <tr><td>Street_City_or_Town</td><td>Kraaifontein</td></tr>\n    <tr><td>Street_Province_</td><td>Western Cape</td></tr>\n    <tr><td>Street_Country</td><td>South Africa</td></tr>\n    <tr><td>Core_Classification_ICSC</td><td>Neighbourhood Centre</td></tr>\n    <tr><td>Classification_MD</td><td>Neighbourhood Centre</td></tr>\n    <tr><td>Gross_Leasable_Floor_Area_in_sq</td><td>7216</td></tr>\n    <tr><td>Centre_Manager_Name</td><td>Anita Fourie</td></tr>\n    <tr><td>Centre_Manager_Telephone</td><td>+2721 903 9970</td></tr>\n    <tr><td>Centre_Manager_Mobile</td><td></td></tr>\n    <tr><td>Centre_Manager_Email</td><td></td></tr>\n    <tr><td>Shopping_Centre_Website</td><td></td></tr>\n    <tr><td>Type</td><td></td></tr>\n    <tr><td>Leasing_Company_Name</td><td>Bloch Properties</td></tr>\n    <tr><td>Leasing_Manager_Name</td><td>Anita Fourie</td></tr>\n    <tr><td>Leasing_Manager_Telephone</td><td>+2721 903 9970</td></tr>\n    <tr><td>Leasing_Manager_Mobile</td><td></td></tr>\n    <tr><td>Marketing_Company_Name</td><td></td></tr>\n    <tr><td>Owner</td><td>Bloch Properties (Pty) Ltd</td></tr>\n    <tr><td>Name_of_Holding_Company</td><td>Bloch Properties (Pty) Ltd</td></tr>\n    <tr><td>Name_of_Developer</td><td>Bloch Properties (Pty) Ltd</td></tr>\n    <tr><td>Year_Developed</td><td>1980</td></tr>\n    <tr><td>Year_Last_Refurbished</td><td>2010</td></tr>\n    <tr><td>No_of_Retail_Floors</td><td>1</td></tr>\n    <tr><td>Latest_Annual_Foot_Count</td><td>0</td></tr>\n    <tr><td>No_of_Shops</td><td>22</td></tr>\n    <tr><td>Main_Anchors</td><td>Shoprite</td></tr>\n    <tr><td>Parking_Total</td><td>100</td></tr>"},"_name":"Blochs Shopping Centre"}},{"type":"Feature","geometry":{"type":"Point","coordinates":[18.6850590184534,-33.832722995303,0]},"properties":{"name":"Pinehurst Shopping Centre","visibility":false,"description":{"@type":"html","value":"<br><br><br>\n    <table border=\"1\" padding=\"0\">\n    <tr><td>Shopping_Centre_Name</td><td>Pinehurst Shopping Centre</td></tr>\n    <tr><td>Street_Address</td><td>Cnr Brackenfell Boulevard & Pinehurst Road</td></tr>\n    <tr><td>Street_Suburb</td><td>Durbanville</td></tr>\n    <tr><td>Street_City_or_Town</td><td>Durbanville</td></tr>\n    <tr><td>Street_Province_</td><td>Western Cape</td></tr>\n    <tr><td>Street_Country</td><td>South Africa</td></tr>\n    <tr><td>Core_Classification_ICSC</td><td>Neighbourhood Centre</td></tr>\n    <tr><td>Classification_MD</td><td>Neighbourhood Centre</td></tr>\n    <tr><td>Gross_Leasable_Floor_Area_in_sq</td><td>7400</td></tr>\n    <tr><td>Centre_Manager_Name</td><td>Janet Wishnia</td></tr>\n    <tr><td>Centre_Manager_Telephone</td><td>+2721 550 7000</td></tr>\n    <tr><td>Centre_Manager_Mobile</td><td>+2783 379 1232</td></tr>\n    <tr><td>Centre_Manager_Email</td><td>janet@rabie.co.za</td></tr>\n    <tr><td>Shopping_Centre_Website</td><td></td></tr>\n    <tr><td>Type</td><td>2 to 3</td></tr>\n    <tr><td>Leasing_Company_Name</td><td>Retail Shop Space SA</td></tr>\n    <tr><td>Leasing_Manager_Name</td><td>Francois Coetzer</td></tr>\n    <tr><td>Leasing_Manager_Telephone</td><td>021 811 0245</td></tr>\n    <tr><td>Leasing_Manager_Mobile</td><td>+2782 578 2445</td></tr>\n    <tr><td>Marketing_Company_Name</td><td>Innovative Communications</td></tr>\n    <tr><td>Owner</td><td>Garden Cities NPC (RF)</td></tr>\n    <tr><td>Name_of_Holding_Company</td><td></td></tr>\n    <tr><td>Name_of_Developer</td><td>Garden Cities</td></tr>\n    <tr><td>Year_Developed</td><td>2013</td></tr>\n    <tr><td>Year_Last_Refurbished</td><td>0</td></tr>\n    <tr><td>No_of_Retail_Floors</td><td>1</td></tr>\n    <tr><td>Latest_Annual_Foot_Count</td><td>0</td></tr>\n    <tr><td>No_of_Shops</td><td>32</td></tr>\n    <tr><td>Main_Anchors</td><td>Pick n Pay, Food Lover's Market, Clicks</td></tr>\n    <tr><td>Parking_Total</td><td>384</td></tr>"},"_name":"Pinehurst Shopping Centre"}},{"type":"Feature","geometry":{"type":"Point","coordinates":[18.3772010061472,-33.953475003101,0]},"properties":{"name":"The Promenade","visibility":false,"description":{"@type":"html","value":"<br><br><br>\n    <table border=\"1\" padding=\"0\">\n    <tr><td>Shopping_Centre_Name</td><td>The Promenade</td></tr>\n    <tr><td>Street_Address</td><td>Victoria Road</td></tr>\n    <tr><td>Street_Suburb</td><td>Camps Bay</td></tr>\n    <tr><td>Street_City_or_Town</td><td>Cape Town</td></tr>\n    <tr><td>Street_Province_</td><td>Western Cape</td></tr>\n    <tr><td>Street_Country</td><td>South Africa</td></tr>\n    <tr><td>Core_Classification_ICSC</td><td>Neighbourhood Centre</td></tr>\n    <tr><td>Classification_MD</td><td>Neighbourhood Centre</td></tr>\n    <tr><td>Gross_Leasable_Floor_Area_in_sq</td><td>7433</td></tr>\n    <tr><td>Centre_Manager_Name</td><td></td></tr>\n    <tr><td>Centre_Manager_Telephone</td><td>+2721 438 8888</td></tr>\n    <tr><td>Centre_Manager_Mobile</td><td></td></tr>\n    <tr><td>Centre_Manager_Email</td><td>info@solomonholdings.com</td></tr>\n    <tr><td>Shopping_Centre_Website</td><td></td></tr>\n    <tr><td>Type</td><td></td></tr>\n    <tr><td>Leasing_Company_Name</td><td>Xtraprops 66 (Pty) Lyd</td></tr>\n    <tr><td>Leasing_Manager_Name</td><td>Gareth Berrill</td></tr>\n    <tr><td>Leasing_Manager_Telephone</td><td>+2721 438 8888</td></tr>\n    <tr><td>Leasing_Manager_Mobile</td><td></td></tr>\n    <tr><td>Marketing_Company_Name</td><td></td></tr>\n    <tr><td>Owner</td><td>Xtraprops 66 (Pty) Ltd</td></tr>\n    <tr><td>Name_of_Holding_Company</td><td></td></tr>\n    <tr><td>Name_of_Developer</td><td></td></tr>\n    <tr><td>Year_Developed</td><td>1985</td></tr>\n    <tr><td>Year_Last_Refurbished</td><td>2008</td></tr>\n    <tr><td>No_of_Retail_Floors</td><td>3</td></tr>\n    <tr><td>Latest_Annual_Foot_Count</td><td>0</td></tr>\n    <tr><td>No_of_Shops</td><td>41</td></tr>\n    <tr><td>Main_Anchors</td><td>Pick n Pay Super, Blues, Pepper Club on the Beach, The Kove, Zenzero, St Ives Night Club</td></tr>\n    <tr><td>Parking_Total</td><td>180</td></tr>"},"_name":"The Promenade"}},{"type":"Feature","geometry":{"type":"Point","coordinates":[18.4561850029936,-34.039727990055,0]},"properties":{"name":"Park n Shop Shopping Centre","visibility":false,"description":{"@type":"html","value":"<br><br><br>\n    <table border=\"1\" padding=\"0\">\n    <tr><td>Shopping_Centre_Name</td><td>Park n Shop Shopping Centre</td></tr>\n    <tr><td>Street_Address</td><td>Cnr Firgrove & Howard Roads</td></tr>\n    <tr><td>Street_Suburb</td><td>Meadowridge</td></tr>\n    <tr><td>Street_City_or_Town</td><td>Cape Town</td></tr>\n    <tr><td>Street_Province_</td><td>Western Cape</td></tr>\n    <tr><td>Street_Country</td><td>South Africa</td></tr>\n    <tr><td>Core_Classification_ICSC</td><td>Neighbourhood Centre</td></tr>\n    <tr><td>Classification_MD</td><td>Neighbourhood Centre</td></tr>\n    <tr><td>Gross_Leasable_Floor_Area_in_sq</td><td>7500</td></tr>\n    <tr><td>Centre_Manager_Name</td><td>Vanessa Sillifant</td></tr>\n    <tr><td>Centre_Manager_Telephone</td><td></td></tr>\n    <tr><td>Centre_Manager_Mobile</td><td>+2783 414 7241</td></tr>\n    <tr><td>Centre_Manager_Email</td><td>Vanessa.Sillifant@pic.gov.za</td></tr>\n    <tr><td>Shopping_Centre_Website</td><td></td></tr>\n    <tr><td>Type</td><td>Majors</td></tr>\n    <tr><td>Leasing_Company_Name</td><td>Public Investment Corporation SOC Ltd (Mowana Properties)</td></tr>\n    <tr><td>Leasing_Manager_Name</td><td>Karen Veenendaal</td></tr>\n    <tr><td>Leasing_Manager_Telephone</td><td>+2721 685 2252</td></tr>\n    <tr><td>Leasing_Manager_Mobile</td><td>+2782 294 0884</td></tr>\n    <tr><td>Marketing_Company_Name</td><td></td></tr>\n    <tr><td>Owner</td><td>Government Employees Pension Fund c/o Public Investment Corporation</td></tr>\n    <tr><td>Name_of_Holding_Company</td><td>Public Investment Company</td></tr>\n    <tr><td>Name_of_Developer</td><td></td></tr>\n    <tr><td>Year_Developed</td><td>1982</td></tr>\n    <tr><td>Year_Last_Refurbished</td><td>0</td></tr>\n    <tr><td>No_of_Retail_Floors</td><td>1</td></tr>\n    <tr><td>Latest_Annual_Foot_Count</td><td>0</td></tr>\n    <tr><td>No_of_Shops</td><td>30</td></tr>\n    <tr><td>Main_Anchors</td><td>Checkers, Woolworths, CNA, Meadowridge Pharmacy</td></tr>\n    <tr><td>Parking_Total</td><td>403</td></tr>"},"_name":"Park n Shop Shopping Centre"}},{"type":"Feature","geometry":{"type":"Point","coordinates":[18.8529999829798,-34.085200009964,0]},"properties":{"name":"Circle Centre","visibility":false,"description":{"@type":"html","value":"<br><br><br>\n    <table border=\"1\" padding=\"0\">\n    <tr><td>Shopping_Centre_Name</td><td>Circle Centre</td></tr>\n    <tr><td>Street_Address</td><td>Cnr Main & Belvedere Roads</td></tr>\n    <tr><td>Street_Suburb</td><td>Central</td></tr>\n    <tr><td>Street_City_or_Town</td><td>Somerset West</td></tr>\n    <tr><td>Street_Province_</td><td>Western Cape</td></tr>\n    <tr><td>Street_Country</td><td>South Africa</td></tr>\n    <tr><td>Core_Classification_ICSC</td><td>Neighbourhood Centre</td></tr>\n    <tr><td>Classification_MD</td><td>Neighbourhood Centre</td></tr>\n    <tr><td>Gross_Leasable_Floor_Area_in_sq</td><td>7525</td></tr>\n    <tr><td>Centre_Manager_Name</td><td>Vanessa Sillifant</td></tr>\n    <tr><td>Centre_Manager_Telephone</td><td></td></tr>\n    <tr><td>Centre_Manager_Mobile</td><td>+2783 414 7241</td></tr>\n    <tr><td>Centre_Manager_Email</td><td>Vanessa.Sillifant@pic.gov.za</td></tr>\n    <tr><td>Shopping_Centre_Website</td><td></td></tr>\n    <tr><td>Type</td><td>Majors</td></tr>\n    <tr><td>Leasing_Company_Name</td><td>Public Investment Corporation SOC Ltd (Mowana Properties)</td></tr>\n    <tr><td>Leasing_Manager_Name</td><td>Karen Veenendaal</td></tr>\n    <tr><td>Leasing_Manager_Telephone</td><td>+2721 685 2252</td></tr>\n    <tr><td>Leasing_Manager_Mobile</td><td>+2782 294 0884</td></tr>\n    <tr><td>Marketing_Company_Name</td><td></td></tr>\n    <tr><td>Owner</td><td>Government Employees Pension Fund c/o Public Investment Corporation</td></tr>\n    <tr><td>Name_of_Holding_Company</td><td>Public Investment Company</td></tr>\n    <tr><td>Name_of_Developer</td><td></td></tr>\n    <tr><td>Year_Developed</td><td>1980</td></tr>\n    <tr><td>Year_Last_Refurbished</td><td>0</td></tr>\n    <tr><td>No_of_Retail_Floors</td><td>1</td></tr>\n    <tr><td>Latest_Annual_Foot_Count</td><td>0</td></tr>\n    <tr><td>No_of_Shops</td><td>20</td></tr>\n    <tr><td>Main_Anchors</td><td>Woolworths, Clicks, Joshua Doore, Ranch Meat Centre</td></tr>\n    <tr><td>Parking_Total</td><td>121</td></tr>"},"_name":"Circle Centre"}},{"type":"Feature","geometry":{"type":"Point","coordinates":[18.4573780118896,-34.067146012221,0]},"properties":{"name":"Tokai Junction","visibility":false,"description":{"@type":"html","value":"<br><br><br>\n    <table border=\"1\" padding=\"0\">\n    <tr><td>Shopping_Centre_Name</td><td>Tokai Junction</td></tr>\n    <tr><td>Street_Address</td><td>Main Road</td></tr>\n    <tr><td>Street_Suburb</td><td>Tokai</td></tr>\n    <tr><td>Street_City_or_Town</td><td>Cape Town</td></tr>\n    <tr><td>Street_Province_</td><td>Western Cape</td></tr>\n    <tr><td>Street_Country</td><td>South Africa</td></tr>\n    <tr><td>Core_Classification_ICSC</td><td>Neighbourhood Centre</td></tr>\n    <tr><td>Classification_MD</td><td>Neighbourhood Centre</td></tr>\n    <tr><td>Gross_Leasable_Floor_Area_in_sq</td><td>7617.5</td></tr>\n    <tr><td>Centre_Manager_Name</td><td></td></tr>\n    <tr><td>Centre_Manager_Telephone</td><td></td></tr>\n    <tr><td>Centre_Manager_Mobile</td><td></td></tr>\n    <tr><td>Centre_Manager_Email</td><td></td></tr>\n    <tr><td>Shopping_Centre_Website</td><td></td></tr>\n    <tr><td>Type</td><td>Majors</td></tr>\n    <tr><td>Leasing_Company_Name</td><td>JHI Properties (Pty) Ltd</td></tr>\n    <tr><td>Leasing_Manager_Name</td><td>Yaqub Omar</td></tr>\n    <tr><td>Leasing_Manager_Telephone</td><td>+2721 943 1029</td></tr>\n    <tr><td>Leasing_Manager_Mobile</td><td>+2782 494 2427</td></tr>\n    <tr><td>Marketing_Company_Name</td><td></td></tr>\n    <tr><td>Owner</td><td>Fairvest Property Holdings Ltd</td></tr>\n    <tr><td>Name_of_Holding_Company</td><td>Fairvest Property Holdings Ltd</td></tr>\n    <tr><td>Name_of_Developer</td><td></td></tr>\n    <tr><td>Year_Developed</td><td>2002</td></tr>\n    <tr><td>Year_Last_Refurbished</td><td>0</td></tr>\n    <tr><td>No_of_Retail_Floors</td><td>1</td></tr>\n    <tr><td>Latest_Annual_Foot_Count</td><td>0</td></tr>\n    <tr><td>No_of_Shops</td><td>27</td></tr>\n    <tr><td>Main_Anchors</td><td>Pick n Pay, Pick n Pay Liquor and Clothing, Synergy Pharmacy</td></tr>\n    <tr><td>Parking_Total</td><td>453</td></tr>"},"_name":"Tokai Junction"}},{"type":"Feature","geometry":{"type":"Point","coordinates":[18.8270930086492,-34.086736999072,0]},"properties":{"name":"Somerset West Retail Node: 5. The Pines","visibility":false,"description":{"@type":"html","value":"<br><br><br>\n    <table border=\"1\" padding=\"0\">\n    <tr><td>Shopping_Centre_Name</td><td>Somerset West Retail Node: 5. The Pines</td></tr>\n    <tr><td>Street_Address</td><td>Jigger Avenue</td></tr>\n    <tr><td>Street_Suburb</td><td>Somerset Mall Precinct</td></tr>\n    <tr><td>Street_City_or_Town</td><td>Somerset West</td></tr>\n    <tr><td>Street_Province_</td><td>Western Cape</td></tr>\n    <tr><td>Street_Country</td><td>South Africa</td></tr>\n    <tr><td>Core_Classification_ICSC</td><td>Neighbourhood Centre</td></tr>\n    <tr><td>Classification_MD</td><td>Part of Super Regional Node</td></tr>\n    <tr><td>Gross_Leasable_Floor_Area_in_sq</td><td>7620</td></tr>\n    <tr><td>Centre_Manager_Name</td><td>Cliff Toerien</td></tr>\n    <tr><td>Centre_Manager_Telephone</td><td>+2721 461 1660</td></tr>\n    <tr><td>Centre_Manager_Mobile</td><td>+2783 463 7049</td></tr>\n    <tr><td>Centre_Manager_Email</td><td>Cliff@baker-street.co.za</td></tr>\n    <tr><td>Shopping_Centre_Website</td><td>www.acceleratepf.co.za</td></tr>\n    <tr><td>Type</td><td>Majors</td></tr>\n    <tr><td>Leasing_Company_Name</td><td>Baker Street Property Management</td></tr>\n    <tr><td>Leasing_Manager_Name</td><td>Cliff Toerien</td></tr>\n    <tr><td>Leasing_Manager_Telephone</td><td>+2721 461 1660</td></tr>\n    <tr><td>Leasing_Manager_Mobile</td><td>+2783 463 7049</td></tr>\n    <tr><td>Marketing_Company_Name</td><td></td></tr>\n    <tr><td>Owner</td><td>Accelerate Property Fund (Pty) Ltd</td></tr>\n    <tr><td>Name_of_Holding_Company</td><td>Accelerate Property Fund (Pty) Ltd</td></tr>\n    <tr><td>Name_of_Developer</td><td></td></tr>\n    <tr><td>Year_Developed</td><td>2010</td></tr>\n    <tr><td>Year_Last_Refurbished</td><td>0</td></tr>\n    <tr><td>No_of_Retail_Floors</td><td>1</td></tr>\n    <tr><td>Latest_Annual_Foot_Count</td><td>0</td></tr>\n    <tr><td>No_of_Shops</td><td>7</td></tr>\n    <tr><td>Main_Anchors</td><td>Wetherly's, Dial-a-Bed, Furniture City, Hillsong Church</td></tr>\n    <tr><td>Parking_Total</td><td>371</td></tr>"},"_name":"Somerset West Retail Node: 5. The Pines"}},{"type":"Feature","geometry":{"type":"Point","coordinates":[18.5623719935494,-33.893879003603,0]},"properties":{"name":"Game N1 City","visibility":false,"description":{"@type":"html","value":"<br><br><br>\n    <table border=\"1\" padding=\"0\">\n    <tr><td>Shopping_Centre_Name</td><td>Game N1 City</td></tr>\n    <tr><td>Street_Address</td><td>Willie Faasen Street</td></tr>\n    <tr><td>Street_Suburb</td><td>N1 City</td></tr>\n    <tr><td>Street_City_or_Town</td><td>Goodwood</td></tr>\n    <tr><td>Street_Province_</td><td>Western Cape</td></tr>\n    <tr><td>Street_Country</td><td>South Africa</td></tr>\n    <tr><td>Core_Classification_ICSC</td><td>Value Centre</td></tr>\n    <tr><td>Classification_MD</td><td>Big Box Retailers</td></tr>\n    <tr><td>Gross_Leasable_Floor_Area_in_sq</td><td>7624</td></tr>\n    <tr><td>Centre_Manager_Name</td><td>Ennerine Brits</td></tr>\n    <tr><td>Centre_Manager_Telephone</td><td>+2712 361 7970</td></tr>\n    <tr><td>Centre_Manager_Mobile</td><td></td></tr>\n    <tr><td>Centre_Manager_Email</td><td>ennerine@moolmangroup.co.za</td></tr>\n    <tr><td>Shopping_Centre_Website</td><td></td></tr>\n    <tr><td>Type</td><td>Majors</td></tr>\n    <tr><td>Leasing_Company_Name</td><td>Moolman Group (Pty) Ltd</td></tr>\n    <tr><td>Leasing_Manager_Name</td><td>Ennerine Brits</td></tr>\n    <tr><td>Leasing_Manager_Telephone</td><td>+2712 361 7970</td></tr>\n    <tr><td>Leasing_Manager_Mobile</td><td></td></tr>\n    <tr><td>Marketing_Company_Name</td><td></td></tr>\n    <tr><td>Owner</td><td>Eastbuff Consortium</td></tr>\n    <tr><td>Name_of_Holding_Company</td><td></td></tr>\n    <tr><td>Name_of_Developer</td><td>Moolman Group of Companies</td></tr>\n    <tr><td>Year_Developed</td><td>1998</td></tr>\n    <tr><td>Year_Last_Refurbished</td><td>0</td></tr>\n    <tr><td>No_of_Retail_Floors</td><td>1</td></tr>\n    <tr><td>Latest_Annual_Foot_Count</td><td>0</td></tr>\n    <tr><td>No_of_Shops</td><td>9</td></tr>\n    <tr><td>Main_Anchors</td><td>Game</td></tr>\n    <tr><td>Parking_Total</td><td>0</td></tr>"},"_name":"Game N1 City"}},{"type":"Feature","geometry":{"type":"Point","coordinates":[18.8272429857526,-34.115999993458,0]},"properties":{"name":"Shoprite Centre - Strand","visibility":false,"description":{"@type":"html","value":"<br><br><br>\n    <table border=\"1\" padding=\"0\">\n    <tr><td>Shopping_Centre_Name</td><td>Shoprite Centre - Strand</td></tr>\n    <tr><td>Street_Address</td><td>Cnr Abbegglen and Wesley Street</td></tr>\n    <tr><td>Street_Suburb</td><td>Strand</td></tr>\n    <tr><td>Street_City_or_Town</td><td>Strand</td></tr>\n    <tr><td>Street_Province_</td><td>Western Cape</td></tr>\n    <tr><td>Street_Country</td><td>South Africa</td></tr>\n    <tr><td>Core_Classification_ICSC</td><td>Neighbourhood Centre</td></tr>\n    <tr><td>Classification_MD</td><td>Neighbourhood Centre</td></tr>\n    <tr><td>Gross_Leasable_Floor_Area_in_sq</td><td>7681</td></tr>\n    <tr><td>Centre_Manager_Name</td><td>Adrian Johnson</td></tr>\n    <tr><td>Centre_Manager_Telephone</td><td>+2721 980 4235</td></tr>\n    <tr><td>Centre_Manager_Mobile</td><td>+2782 556 5542</td></tr>\n    <tr><td>Centre_Manager_Email</td><td>ajohnson@shoprite.co.za</td></tr>\n    <tr><td>Shopping_Centre_Website</td><td></td></tr>\n    <tr><td>Type</td><td>Majors</td></tr>\n    <tr><td>Leasing_Company_Name</td><td>Shoprite Checkers (Pty) Ltd - Property Division</td></tr>\n    <tr><td>Leasing_Manager_Name</td><td>Adrian Johnson</td></tr>\n    <tr><td>Leasing_Manager_Telephone</td><td>+2721 980 4235</td></tr>\n    <tr><td>Leasing_Manager_Mobile</td><td>+2782 556 5542</td></tr>\n    <tr><td>Marketing_Company_Name</td><td>Shoprite Checkers (Pty) Ltd - Marketing Division</td></tr>\n    <tr><td>Owner</td><td>Shoprite Checkers (Pty) Ltd</td></tr>\n    <tr><td>Name_of_Holding_Company</td><td></td></tr>\n    <tr><td>Name_of_Developer</td><td></td></tr>\n    <tr><td>Year_Developed</td><td>1977</td></tr>\n    <tr><td>Year_Last_Refurbished</td><td>0</td></tr>\n    <tr><td>No_of_Retail_Floors</td><td>1</td></tr>\n    <tr><td>Latest_Annual_Foot_Count</td><td>0</td></tr>\n    <tr><td>No_of_Shops</td><td>1</td></tr>\n    <tr><td>Main_Anchors</td><td>Shoprite</td></tr>\n    <tr><td>Parking_Total</td><td>0</td></tr>"},"_name":"Shoprite Centre - Strand"}},{"type":"Feature","geometry":{"type":"Point","coordinates":[18.6476729806048,-33.833930000639,0]},"properties":{"name":"Palm Grove Shopping Centre","visibility":false,"description":{"@type":"html","value":"<br><br><br>\n    <table border=\"1\" padding=\"0\">\n    <tr><td>Shopping_Centre_Name</td><td>Palm Grove Shopping Centre</td></tr>\n    <tr><td>Street_Address</td><td>Cnr Church Street & Main Road</td></tr>\n    <tr><td>Street_Suburb</td><td>Central</td></tr>\n    <tr><td>Street_City_or_Town</td><td>Durbanville</td></tr>\n    <tr><td>Street_Province_</td><td>Western Cape</td></tr>\n    <tr><td>Street_Country</td><td>South Africa</td></tr>\n    <tr><td>Core_Classification_ICSC</td><td>Neighbourhood Centre</td></tr>\n    <tr><td>Classification_MD</td><td>Neighbourhood Centre</td></tr>\n    <tr><td>Gross_Leasable_Floor_Area_in_sq</td><td>7782</td></tr>\n    <tr><td>Centre_Manager_Name</td><td></td></tr>\n    <tr><td>Centre_Manager_Telephone</td><td></td></tr>\n    <tr><td>Centre_Manager_Mobile</td><td></td></tr>\n    <tr><td>Centre_Manager_Email</td><td></td></tr>\n    <tr><td>Shopping_Centre_Website</td><td></td></tr>\n    <tr><td>Type</td><td>Majors</td></tr>\n    <tr><td>Leasing_Company_Name</td><td>Public Investment Corporation SOC Ltd (Mowana Properties)</td></tr>\n    <tr><td>Leasing_Manager_Name</td><td>Karen Veenendaal</td></tr>\n    <tr><td>Leasing_Manager_Telephone</td><td>+2721 685 2252</td></tr>\n    <tr><td>Leasing_Manager_Mobile</td><td>+2782 294 0884</td></tr>\n    <tr><td>Marketing_Company_Name</td><td></td></tr>\n    <tr><td>Owner</td><td>Government Employees Pension Fund c/o Public Investment Corporation</td></tr>\n    <tr><td>Name_of_Holding_Company</td><td>Public Investment Company</td></tr>\n    <tr><td>Name_of_Developer</td><td></td></tr>\n    <tr><td>Year_Developed</td><td>2002</td></tr>\n    <tr><td>Year_Last_Refurbished</td><td>0</td></tr>\n    <tr><td>No_of_Retail_Floors</td><td>2</td></tr>\n    <tr><td>Latest_Annual_Foot_Count</td><td>0</td></tr>\n    <tr><td>No_of_Shops</td><td>25</td></tr>\n    <tr><td>Main_Anchors</td><td>Woolworths Foods, Nedbank,  Virgin Active</td></tr>\n    <tr><td>Parking_Total</td><td>128</td></tr>"},"_name":"Palm Grove Shopping Centre"}},{"type":"Feature","geometry":{"type":"Point","coordinates":[18.6890000001502,-33.874199987982,0]},"properties":{"name":"Paradys Park","visibility":false,"description":{"@type":"html","value":"<br><br><br>\n    <table border=\"1\" padding=\"0\">\n    <tr><td>Shopping_Centre_Name</td><td>Paradys Park</td></tr>\n    <tr><td>Street_Address</td><td>Cnr Frans Conradie Drive & Paradys Street</td></tr>\n    <tr><td>Street_Suburb</td><td>St Michaels</td></tr>\n    <tr><td>Street_City_or_Town</td><td>Brackenfell</td></tr>\n    <tr><td>Street_Province_</td><td>Western Cape</td></tr>\n    <tr><td>Street_Country</td><td>South Africa</td></tr>\n    <tr><td>Core_Classification_ICSC</td><td>Neighbourhood Centre</td></tr>\n    <tr><td>Classification_MD</td><td>Neighbourhood Centre</td></tr>\n    <tr><td>Gross_Leasable_Floor_Area_in_sq</td><td>7975</td></tr>\n    <tr><td>Centre_Manager_Name</td><td>Barry Boswell</td></tr>\n    <tr><td>Centre_Manager_Telephone</td><td>+2721 551 9885</td></tr>\n    <tr><td>Centre_Manager_Mobile</td><td>+2783 448 0088</td></tr>\n    <tr><td>Centre_Manager_Email</td><td>barry@toac.co.za</td></tr>\n    <tr><td>Shopping_Centre_Website</td><td></td></tr>\n    <tr><td>Type</td><td></td></tr>\n    <tr><td>Leasing_Company_Name</td><td>Owner Leased</td></tr>\n    <tr><td>Leasing_Manager_Name</td><td></td></tr>\n    <tr><td>Leasing_Manager_Telephone</td><td></td></tr>\n    <tr><td>Leasing_Manager_Mobile</td><td></td></tr>\n    <tr><td>Marketing_Company_Name</td><td></td></tr>\n    <tr><td>Owner</td><td>Voëlvlei Property (Pty) Ltd</td></tr>\n    <tr><td>Name_of_Holding_Company</td><td></td></tr>\n    <tr><td>Name_of_Developer</td><td></td></tr>\n    <tr><td>Year_Developed</td><td>1995</td></tr>\n    <tr><td>Year_Last_Refurbished</td><td>2012</td></tr>\n    <tr><td>No_of_Retail_Floors</td><td>1</td></tr>\n    <tr><td>Latest_Annual_Foot_Count</td><td>0</td></tr>\n    <tr><td>No_of_Shops</td><td>32</td></tr>\n    <tr><td>Main_Anchors</td><td>Spar, Zone Fitness</td></tr>\n    <tr><td>Parking_Total</td><td>300</td></tr>"},"_name":"Paradys Park"}},{"type":"Feature","geometry":{"type":"Point","coordinates":[18.6313249900534,-33.833413011255,0]},"properties":{"name":"Ipic Shopping Centre - Aurora","visibility":false,"description":{"@type":"html","value":"<br><br><br>\n    <table border=\"1\" padding=\"0\">\n    <tr><td>Shopping_Centre_Name</td><td>Ipic Shopping Centre - Aurora</td></tr>\n    <tr><td>Street_Address</td><td>Cnr Aurora & Burton Streets</td></tr>\n    <tr><td>Street_Suburb</td><td>Aurora</td></tr>\n    <tr><td>Street_City_or_Town</td><td>Durbanville</td></tr>\n    <tr><td>Street_Province_</td><td>Western Cape</td></tr>\n    <tr><td>Street_Country</td><td>South Africa</td></tr>\n    <tr><td>Core_Classification_ICSC</td><td>Neighbourhood Centre</td></tr>\n    <tr><td>Classification_MD</td><td>Neighbourhood Centre</td></tr>\n    <tr><td>Gross_Leasable_Floor_Area_in_sq</td><td>7990</td></tr>\n    <tr><td>Centre_Manager_Name</td><td>Louis Kruger Property Management</td></tr>\n    <tr><td>Centre_Manager_Telephone</td><td>+2721 903 3101</td></tr>\n    <tr><td>Centre_Manager_Mobile</td><td>+2783 270 3466</td></tr>\n    <tr><td>Centre_Manager_Email</td><td>louis@lkpm.co.za</td></tr>\n    <tr><td>Shopping_Centre_Website</td><td>www.ipicgroup.com</td></tr>\n    <tr><td>Type</td><td>Majors</td></tr>\n    <tr><td>Leasing_Company_Name</td><td>Louis Kruger Property Management</td></tr>\n    <tr><td>Leasing_Manager_Name</td><td>Louis Kruger</td></tr>\n    <tr><td>Leasing_Manager_Telephone</td><td>+2721 903 3101</td></tr>\n    <tr><td>Leasing_Manager_Mobile</td><td>+2783 270 3466</td></tr>\n    <tr><td>Marketing_Company_Name</td><td>The Blue Room</td></tr>\n    <tr><td>Owner</td><td>Ipic Properties (Pty) Ltd</td></tr>\n    <tr><td>Name_of_Holding_Company</td><td></td></tr>\n    <tr><td>Name_of_Developer</td><td>Densand 98 (Pty) Ltd</td></tr>\n    <tr><td>Year_Developed</td><td>1999</td></tr>\n    <tr><td>Year_Last_Refurbished</td><td>0</td></tr>\n    <tr><td>No_of_Retail_Floors</td><td>2</td></tr>\n    <tr><td>Latest_Annual_Foot_Count</td><td>0</td></tr>\n    <tr><td>No_of_Shops</td><td>37</td></tr>\n    <tr><td>Main_Anchors</td><td>Planet Fitness, Superspar</td></tr>\n    <tr><td>Parking_Total</td><td>213</td></tr>"},"_name":"Ipic Shopping Centre - Aurora"}},{"type":"Feature","geometry":{"type":"Point","coordinates":[18.5229879899872,-34.00080299556,0]},"properties":{"name":"Lansdowne Corner","visibility":false,"description":{"@type":"html","value":"<br><br><br>\n    <table border=\"1\" padding=\"0\">\n    <tr><td>Shopping_Centre_Name</td><td>Lansdowne Corner</td></tr>\n    <tr><td>Street_Address</td><td>Cnr Jan Smuts & Landsdowne Roads</td></tr>\n    <tr><td>Street_Suburb</td><td>Lansdowne</td></tr>\n    <tr><td>Street_City_or_Town</td><td>Cape Town</td></tr>\n    <tr><td>Street_Province_</td><td>Western Cape</td></tr>\n    <tr><td>Street_Country</td><td>South Africa</td></tr>\n    <tr><td>Core_Classification_ICSC</td><td>Neighbourhood Centre</td></tr>\n    <tr><td>Classification_MD</td><td>Neighbourhood Centre</td></tr>\n    <tr><td>Gross_Leasable_Floor_Area_in_sq</td><td>8071</td></tr>\n    <tr><td>Centre_Manager_Name</td><td>Lindsay Morris</td></tr>\n    <tr><td>Centre_Manager_Telephone</td><td>+2721 446 2521</td></tr>\n    <tr><td>Centre_Manager_Mobile</td><td>+2783 298 4072</td></tr>\n    <tr><td>Centre_Manager_Email</td><td>lmorris@broll.co.za</td></tr>\n    <tr><td>Shopping_Centre_Website</td><td>www.retailafrica.co.za</td></tr>\n    <tr><td>Type</td><td>Majors</td></tr>\n    <tr><td>Leasing_Company_Name</td><td>Broll Property Group (Pty) Ltd</td></tr>\n    <tr><td>Leasing_Manager_Name</td><td>Kate Reeves</td></tr>\n    <tr><td>Leasing_Manager_Telephone</td><td>+2721 446 2576</td></tr>\n    <tr><td>Leasing_Manager_Mobile</td><td></td></tr>\n    <tr><td>Marketing_Company_Name</td><td></td></tr>\n    <tr><td>Owner</td><td>Lansdowne Corner Co-ownership</td></tr>\n    <tr><td>Name_of_Holding_Company</td><td></td></tr>\n    <tr><td>Name_of_Developer</td><td>Retail Africa</td></tr>\n    <tr><td>Year_Developed</td><td>2011</td></tr>\n    <tr><td>Year_Last_Refurbished</td><td>0</td></tr>\n    <tr><td>No_of_Retail_Floors</td><td>1</td></tr>\n    <tr><td>Latest_Annual_Foot_Count</td><td>0</td></tr>\n    <tr><td>No_of_Shops</td><td>23</td></tr>\n    <tr><td>Main_Anchors</td><td>Shoprite, Clicks</td></tr>\n    <tr><td>Parking_Total</td><td>0</td></tr>"},"_name":"Lansdowne Corner"}},{"type":"Feature","geometry":{"type":"Point","coordinates":[18.828013983961,-34.084965998192,0]},"properties":{"name":"Somerset West Retail Node: 4. Mr Price Home","visibility":false,"description":{"@type":"html","value":"<br><br><br>\n    <table border=\"1\" padding=\"0\">\n    <tr><td>Shopping_Centre_Name</td><td>Somerset West Retail Node: 4. Mr Price Home</td></tr>\n    <tr><td>Street_Address</td><td>Cnrr Forsyth Road & Centenary Drive</td></tr>\n    <tr><td>Street_Suburb</td><td>Somerset Mall Precinct</td></tr>\n    <tr><td>Street_City_or_Town</td><td>Somerset West</td></tr>\n    <tr><td>Street_Province_</td><td>Western Cape</td></tr>\n    <tr><td>Street_Country</td><td>South Africa</td></tr>\n    <tr><td>Core_Classification_ICSC</td><td>Neighbourhood Centre</td></tr>\n    <tr><td>Classification_MD</td><td>Part of Super Regional Node</td></tr>\n    <tr><td>Gross_Leasable_Floor_Area_in_sq</td><td>8096</td></tr>\n    <tr><td>Centre_Manager_Name</td><td>Cliff Toerien</td></tr>\n    <tr><td>Centre_Manager_Telephone</td><td>+2721 461 1660</td></tr>\n    <tr><td>Centre_Manager_Mobile</td><td>+2783 463 7049</td></tr>\n    <tr><td>Centre_Manager_Email</td><td>Cliff@baker-street.co.za</td></tr>\n    <tr><td>Shopping_Centre_Website</td><td>www.acceleratepf.co.za</td></tr>\n    <tr><td>Type</td><td>Majors</td></tr>\n    <tr><td>Leasing_Company_Name</td><td>Baker Street Property Management</td></tr>\n    <tr><td>Leasing_Manager_Name</td><td>Cliff Toerien</td></tr>\n    <tr><td>Leasing_Manager_Telephone</td><td>+2721 461 1660</td></tr>\n    <tr><td>Leasing_Manager_Mobile</td><td>+2783 463 7049</td></tr>\n    <tr><td>Marketing_Company_Name</td><td></td></tr>\n    <tr><td>Owner</td><td>Privately Owned</td></tr>\n    <tr><td>Name_of_Holding_Company</td><td></td></tr>\n    <tr><td>Name_of_Developer</td><td></td></tr>\n    <tr><td>Year_Developed</td><td>2010</td></tr>\n    <tr><td>Year_Last_Refurbished</td><td>0</td></tr>\n    <tr><td>No_of_Retail_Floors</td><td>1</td></tr>\n    <tr><td>Latest_Annual_Foot_Count</td><td>0</td></tr>\n    <tr><td>No_of_Shops</td><td>2</td></tr>\n    <tr><td>Main_Anchors</td><td>Mr Price Home & Mr Price Sport</td></tr>\n    <tr><td>Parking_Total</td><td>343</td></tr>"},"_name":"Somerset West Retail Node: 4. Mr Price Home"}},{"type":"Feature","geometry":{"type":"Point","coordinates":[18.514697996479,-34.01839500557,0]},"properties":{"name":"China City","visibility":false,"description":{"@type":"html","value":"<br><br><br>\n    <table border=\"1\" padding=\"0\">\n    <tr><td>Shopping_Centre_Name</td><td>China City</td></tr>\n    <tr><td>Street_Address</td><td>Cnr New Ottery & Woodlands Roads</td></tr>\n    <tr><td>Street_Suburb</td><td>Ottery</td></tr>\n    <tr><td>Street_City_or_Town</td><td>Cape Town</td></tr>\n    <tr><td>Street_Province_</td><td>Western Cape</td></tr>\n    <tr><td>Street_Country</td><td>South Africa</td></tr>\n    <tr><td>Core_Classification_ICSC</td><td>Neighbourhood Centre</td></tr>\n    <tr><td>Classification_MD</td><td>Neighbourhood Centre</td></tr>\n    <tr><td>Gross_Leasable_Floor_Area_in_sq</td><td>8227</td></tr>\n    <tr><td>Centre_Manager_Name</td><td></td></tr>\n    <tr><td>Centre_Manager_Telephone</td><td></td></tr>\n    <tr><td>Centre_Manager_Mobile</td><td></td></tr>\n    <tr><td>Centre_Manager_Email</td><td></td></tr>\n    <tr><td>Shopping_Centre_Website</td><td></td></tr>\n    <tr><td>Type</td><td>Majors</td></tr>\n    <tr><td>Leasing_Company_Name</td><td>Redefine Properties Ltd</td></tr>\n    <tr><td>Leasing_Manager_Name</td><td>Lorraine Snyman</td></tr>\n    <tr><td>Leasing_Manager_Telephone</td><td>+2721 443 7600</td></tr>\n    <tr><td>Leasing_Manager_Mobile</td><td>+2772 276 6017</td></tr>\n    <tr><td>Marketing_Company_Name</td><td></td></tr>\n    <tr><td>Owner</td><td>Redefine Income Fund Ltd</td></tr>\n    <tr><td>Name_of_Holding_Company</td><td>Redefine Properties Ltd</td></tr>\n    <tr><td>Name_of_Developer</td><td>Madison Property Fund</td></tr>\n    <tr><td>Year_Developed</td><td>2007</td></tr>\n    <tr><td>Year_Last_Refurbished</td><td>0</td></tr>\n    <tr><td>No_of_Retail_Floors</td><td>1</td></tr>\n    <tr><td>Latest_Annual_Foot_Count</td><td>0</td></tr>\n    <tr><td>No_of_Shops</td><td>51</td></tr>\n    <tr><td>Main_Anchors</td><td>Chinese shops</td></tr>\n    <tr><td>Parking_Total</td><td>0</td></tr>"},"_name":"China City"}},{"type":"Feature","geometry":{"type":"Point","coordinates":[18.6643310156896,-34.027074997593,0]},"properties":{"name":"Nonquabela Mall","visibility":false,"description":{"@type":"html","value":"<br><br><br>\n    <table border=\"1\" padding=\"0\">\n    <tr><td>Shopping_Centre_Name</td><td>Nonquabela Mall</td></tr>\n    <tr><td>Street_Address</td><td>Sulani Drive</td></tr>\n    <tr><td>Street_Suburb</td><td>Nonqubela</td></tr>\n    <tr><td>Street_City_or_Town</td><td>Khayelitsha</td></tr>\n    <tr><td>Street_Province_</td><td>Western Cape</td></tr>\n    <tr><td>Street_Country</td><td>South Africa</td></tr>\n    <tr><td>Core_Classification_ICSC</td><td>Neighbourhood Centre</td></tr>\n    <tr><td>Classification_MD</td><td>Neighbourhood Centre</td></tr>\n    <tr><td>Gross_Leasable_Floor_Area_in_sq</td><td>8227</td></tr>\n    <tr><td>Centre_Manager_Name</td><td>Susarah Wileman</td></tr>\n    <tr><td>Centre_Manager_Telephone</td><td>+2721 910 6100</td></tr>\n    <tr><td>Centre_Manager_Mobile</td><td>+2784 415 2664</td></tr>\n    <tr><td>Centre_Manager_Email</td><td>swileman@herom.co.za</td></tr>\n    <tr><td>Shopping_Centre_Website</td><td></td></tr>\n    <tr><td>Type</td><td>Majors</td></tr>\n    <tr><td>Leasing_Company_Name</td><td>Hermans & Roman Property Solutions (Pty) Ltd</td></tr>\n    <tr><td>Leasing_Manager_Name</td><td>Susarah Wileman</td></tr>\n    <tr><td>Leasing_Manager_Telephone</td><td>+2721 910 6100</td></tr>\n    <tr><td>Leasing_Manager_Mobile</td><td>+2784 415 2664</td></tr>\n    <tr><td>Marketing_Company_Name</td><td></td></tr>\n    <tr><td>Owner</td><td>Investec Property Fund Ltd</td></tr>\n    <tr><td>Name_of_Holding_Company</td><td></td></tr>\n    <tr><td>Name_of_Developer</td><td></td></tr>\n    <tr><td>Year_Developed</td><td>2010</td></tr>\n    <tr><td>Year_Last_Refurbished</td><td>0</td></tr>\n    <tr><td>No_of_Retail_Floors</td><td>1</td></tr>\n    <tr><td>Latest_Annual_Foot_Count</td><td>0</td></tr>\n    <tr><td>No_of_Shops</td><td>15</td></tr>\n    <tr><td>Main_Anchors</td><td>Shoprite</td></tr>\n    <tr><td>Parking_Total</td><td>0</td></tr>"},"_name":"Nonquabela Mall"}},{"type":"Feature","geometry":{"type":"Point","coordinates":[18.3813029873122,-33.922007004315,0]},"properties":{"name":"Piazza Da Luz","visibility":false,"description":{"@type":"html","value":"<br><br><br>\n    <table border=\"1\" padding=\"0\">\n    <tr><td>Shopping_Centre_Name</td><td>Piazza Da Luz</td></tr>\n    <tr><td>Street_Address</td><td>Regent Road</td></tr>\n    <tr><td>Street_Suburb</td><td>Sea Point</td></tr>\n    <tr><td>Street_City_or_Town</td><td>Cape Town</td></tr>\n    <tr><td>Street_Province_</td><td>Western Cape</td></tr>\n    <tr><td>Street_Country</td><td>South Africa</td></tr>\n    <tr><td>Core_Classification_ICSC</td><td>Neighbourhood Centre</td></tr>\n    <tr><td>Classification_MD</td><td>Neighbourhood Centre</td></tr>\n    <tr><td>Gross_Leasable_Floor_Area_in_sq</td><td>8342</td></tr>\n    <tr><td>Centre_Manager_Name</td><td>Annelet Treurnicht</td></tr>\n    <tr><td>Centre_Manager_Telephone</td><td>+2721 430 5580</td></tr>\n    <tr><td>Centre_Manager_Mobile</td><td></td></tr>\n    <tr><td>Centre_Manager_Email</td><td></td></tr>\n    <tr><td>Shopping_Centre_Website</td><td></td></tr>\n    <tr><td>Type</td><td></td></tr>\n    <tr><td>Leasing_Company_Name</td><td>Piazza Da Luz</td></tr>\n    <tr><td>Leasing_Manager_Name</td><td>Thinus</td></tr>\n    <tr><td>Leasing_Manager_Telephone</td><td>+2721 439 0913 / 4</td></tr>\n    <tr><td>Leasing_Manager_Mobile</td><td></td></tr>\n    <tr><td>Marketing_Company_Name</td><td></td></tr>\n    <tr><td>Owner</td><td>R da Luz Group</td></tr>\n    <tr><td>Name_of_Holding_Company</td><td></td></tr>\n    <tr><td>Name_of_Developer</td><td>R da Luz Group</td></tr>\n    <tr><td>Year_Developed</td><td>2009</td></tr>\n    <tr><td>Year_Last_Refurbished</td><td>0</td></tr>\n    <tr><td>No_of_Retail_Floors</td><td>2</td></tr>\n    <tr><td>Latest_Annual_Foot_Count</td><td>0</td></tr>\n    <tr><td>No_of_Shops</td><td>20</td></tr>\n    <tr><td>Main_Anchors</td><td>Superspar, Tops Liquor, Woolworths Foods</td></tr>\n    <tr><td>Parking_Total</td><td>120</td></tr>"},"_name":"Piazza Da Luz"}},{"type":"Feature","geometry":{"type":"Point","coordinates":[18.8201000070814,-34.079600005839,0]},"properties":{"name":"Somerset West Retail Node: 3. Habitat Centre @ The Mall","visibility":false,"description":{"@type":"html","value":"<br><br><br>\n    <table border=\"1\" padding=\"0\">\n    <tr><td>Shopping_Centre_Name</td><td>Somerset West Retail Node: 3. Habitat Centre @ The Mall</td></tr>\n    <tr><td>Street_Address</td><td>Off N2 on the R44</td></tr>\n    <tr><td>Street_Suburb</td><td>Somerset Mall Precinct</td></tr>\n    <tr><td>Street_City_or_Town</td><td>Somerset West</td></tr>\n    <tr><td>Street_Province_</td><td>Western Cape</td></tr>\n    <tr><td>Street_Country</td><td>South Africa</td></tr>\n    <tr><td>Core_Classification_ICSC</td><td>Neighbourhood Centre</td></tr>\n    <tr><td>Classification_MD</td><td>Part of Super Regional Node</td></tr>\n    <tr><td>Gross_Leasable_Floor_Area_in_sq</td><td>8345</td></tr>\n    <tr><td>Centre_Manager_Name</td><td>Louis Kruger Property Management</td></tr>\n    <tr><td>Centre_Manager_Telephone</td><td>+2721 903 3101</td></tr>\n    <tr><td>Centre_Manager_Mobile</td><td>+2783 270 3466</td></tr>\n    <tr><td>Centre_Manager_Email</td><td>louis@lkpm.co.za</td></tr>\n    <tr><td>Shopping_Centre_Website</td><td>www.ipicgroup.com</td></tr>\n    <tr><td>Type</td><td>Majors</td></tr>\n    <tr><td>Leasing_Company_Name</td><td>Louis Kruger Property Management</td></tr>\n    <tr><td>Leasing_Manager_Name</td><td>Louis Kruger</td></tr>\n    <tr><td>Leasing_Manager_Telephone</td><td>+2721 903 3101</td></tr>\n    <tr><td>Leasing_Manager_Mobile</td><td>+2783 270 3466</td></tr>\n    <tr><td>Marketing_Company_Name</td><td>Land Marketing</td></tr>\n    <tr><td>Owner</td><td>Dielemaar Properties (Pty) Ltd</td></tr>\n    <tr><td>Name_of_Holding_Company</td><td></td></tr>\n    <tr><td>Name_of_Developer</td><td>Dielemar Properties (Pty)  Ltd</td></tr>\n    <tr><td>Year_Developed</td><td>2002</td></tr>\n    <tr><td>Year_Last_Refurbished</td><td>0</td></tr>\n    <tr><td>No_of_Retail_Floors</td><td>2</td></tr>\n    <tr><td>Latest_Annual_Foot_Count</td><td>0</td></tr>\n    <tr><td>No_of_Shops</td><td>27</td></tr>\n    <tr><td>Main_Anchors</td><td>Patio Warehouse, Baby City, ABSA</td></tr>\n    <tr><td>Parking_Total</td><td>452</td></tr>"},"_name":"Somerset West Retail Node: 3. Habitat Centre @ The Mall"}},{"type":"Feature","geometry":{"type":"Point","coordinates":[18.5936000144872,-34.000500003096,0]},"properties":{"name":"Phillipi Centre","visibility":false,"description":{"@type":"html","value":"<br><br><br>\n    <table border=\"1\" padding=\"0\">\n    <tr><td>Shopping_Centre_Name</td><td>Phillipi Centre</td></tr>\n    <tr><td>Street_Address</td><td>Cnr Landsdown & Elseben Road</td></tr>\n    <tr><td>Street_Suburb</td><td>Phillipi</td></tr>\n    <tr><td>Street_City_or_Town</td><td>Cape Town</td></tr>\n    <tr><td>Street_Province_</td><td>Western Cape</td></tr>\n    <tr><td>Street_Country</td><td>South Africa</td></tr>\n    <tr><td>Core_Classification_ICSC</td><td>Neighbourhood Centre</td></tr>\n    <tr><td>Classification_MD</td><td>Neighbourhood Centre</td></tr>\n    <tr><td>Gross_Leasable_Floor_Area_in_sq</td><td>8534.35</td></tr>\n    <tr><td>Centre_Manager_Name</td><td></td></tr>\n    <tr><td>Centre_Manager_Telephone</td><td></td></tr>\n    <tr><td>Centre_Manager_Mobile</td><td></td></tr>\n    <tr><td>Centre_Manager_Email</td><td></td></tr>\n    <tr><td>Shopping_Centre_Website</td><td>www.spire.co.za</td></tr>\n    <tr><td>Type</td><td>Majors</td></tr>\n    <tr><td>Leasing_Company_Name</td><td>Spire Property Management (Pty) Ltd</td></tr>\n    <tr><td>Leasing_Manager_Name</td><td>Adriaan Jonker</td></tr>\n    <tr><td>Leasing_Manager_Telephone</td><td>+2721 685 4020</td></tr>\n    <tr><td>Leasing_Manager_Mobile</td><td></td></tr>\n    <tr><td>Marketing_Company_Name</td><td>Spire Property Management (Pty) Ltd</td></tr>\n    <tr><td>Owner</td><td>Bokoro Capital Management</td></tr>\n    <tr><td>Name_of_Holding_Company</td><td></td></tr>\n    <tr><td>Name_of_Developer</td><td></td></tr>\n    <tr><td>Year_Developed</td><td>2003</td></tr>\n    <tr><td>Year_Last_Refurbished</td><td>2006</td></tr>\n    <tr><td>No_of_Retail_Floors</td><td>1</td></tr>\n    <tr><td>Latest_Annual_Foot_Count</td><td>0</td></tr>\n    <tr><td>No_of_Shops</td><td>14</td></tr>\n    <tr><td>Main_Anchors</td><td>Shoprite</td></tr>\n    <tr><td>Parking_Total</td><td>50</td></tr>"},"_name":"Phillipi Centre"}},{"type":"Feature","geometry":{"type":"Point","coordinates":[18.6889959883336,-33.985851012504,0]},"properties":{"name":"Cavalier Centre","visibility":false,"description":{"@type":"html","value":"<br><br><br>\n    <table border=\"1\" padding=\"0\">\n    <tr><td>Shopping_Centre_Name</td><td>Cavalier Centre</td></tr>\n    <tr><td>Street_Address</td><td>Cnr Hindle Road  & Eersterivier Road</td></tr>\n    <tr><td>Street_Suburb</td><td></td></tr>\n    <tr><td>Street_City_or_Town</td><td>Eersterivier</td></tr>\n    <tr><td>Street_Province_</td><td>Western Cape</td></tr>\n    <tr><td>Street_Country</td><td>South Africa</td></tr>\n    <tr><td>Core_Classification_ICSC</td><td>Neighbourhood Centre</td></tr>\n    <tr><td>Classification_MD</td><td>Neighbourhood Centre</td></tr>\n    <tr><td>Gross_Leasable_Floor_Area_in_sq</td><td>8651</td></tr>\n    <tr><td>Centre_Manager_Name</td><td>Floors Lindt</td></tr>\n    <tr><td>Centre_Manager_Telephone</td><td>+2787 741 3245</td></tr>\n    <tr><td>Centre_Manager_Mobile</td><td>+2772 202 9320</td></tr>\n    <tr><td>Centre_Manager_Email</td><td>floorsl@redefine.co.za</td></tr>\n    <tr><td>Shopping_Centre_Website</td><td></td></tr>\n    <tr><td>Type</td><td>Majors</td></tr>\n    <tr><td>Leasing_Company_Name</td><td>Redefine Properties Ltd</td></tr>\n    <tr><td>Leasing_Manager_Name</td><td>Lorraine Snyman</td></tr>\n    <tr><td>Leasing_Manager_Telephone</td><td>+2721 443 7600</td></tr>\n    <tr><td>Leasing_Manager_Mobile</td><td>+2772 276 6017</td></tr>\n    <tr><td>Marketing_Company_Name</td><td>Redefine Properties Ltd</td></tr>\n    <tr><td>Owner</td><td>Redefine Income Fund Ltd</td></tr>\n    <tr><td>Name_of_Holding_Company</td><td>Redefine Properties Ltd</td></tr>\n    <tr><td>Name_of_Developer</td><td>Redefine Properties Ltd</td></tr>\n    <tr><td>Year_Developed</td><td>2004</td></tr>\n    <tr><td>Year_Last_Refurbished</td><td>0</td></tr>\n    <tr><td>No_of_Retail_Floors</td><td>1</td></tr>\n    <tr><td>Latest_Annual_Foot_Count</td><td>0</td></tr>\n    <tr><td>No_of_Shops</td><td>30</td></tr>\n    <tr><td>Main_Anchors</td><td>Shoprite</td></tr>\n    <tr><td>Parking_Total</td><td>0</td></tr>"},"_name":"Cavalier Centre"}},{"type":"Feature","geometry":{"type":"Point","coordinates":[18.597000008794,-33.969199987972,0]},"properties":{"name":"Cape Town International Airport","visibility":false,"description":{"@type":"html","value":"<br><br><br>\n    <table border=\"1\" padding=\"0\">\n    <tr><td>Shopping_Centre_Name</td><td>Cape Town International Airport</td></tr>\n    <tr><td>Street_Address</td><td></td></tr>\n    <tr><td>Street_Suburb</td><td>Airport Industria</td></tr>\n    <tr><td>Street_City_or_Town</td><td>Cape Town</td></tr>\n    <tr><td>Street_Province_</td><td>Western Cape</td></tr>\n    <tr><td>Street_Country</td><td>South Africa</td></tr>\n    <tr><td>Core_Classification_ICSC</td><td></td></tr>\n    <tr><td>Classification_MD</td><td>Airport Retail</td></tr>\n    <tr><td>Gross_Leasable_Floor_Area_in_sq</td><td>8720</td></tr>\n    <tr><td>Centre_Manager_Name</td><td>Gillian Middleton</td></tr>\n    <tr><td>Centre_Manager_Telephone</td><td>+2721 937 1253</td></tr>\n    <tr><td>Centre_Manager_Mobile</td><td>+2782 377 4653</td></tr>\n    <tr><td>Centre_Manager_Email</td><td>Gill.Middleton@airports.co.za</td></tr>\n    <tr><td>Shopping_Centre_Website</td><td>www.airportshopping.co.za</td></tr>\n    <tr><td>Type</td><td>Majors</td></tr>\n    <tr><td>Leasing_Company_Name</td><td>Airports Company South Africa (Pty) Ltd</td></tr>\n    <tr><td>Leasing_Manager_Name</td><td>Gillian Middleton</td></tr>\n    <tr><td>Leasing_Manager_Telephone</td><td>+2721 937 1253</td></tr>\n    <tr><td>Leasing_Manager_Mobile</td><td>+2782 377 4653</td></tr>\n    <tr><td>Marketing_Company_Name</td><td>Kwenda Marketing (Pty) Ltd</td></tr>\n    <tr><td>Owner</td><td>Airports Company South Africa (Pty) Ltd</td></tr>\n    <tr><td>Name_of_Holding_Company</td><td></td></tr>\n    <tr><td>Name_of_Developer</td><td></td></tr>\n    <tr><td>Year_Developed</td><td>1992</td></tr>\n    <tr><td>Year_Last_Refurbished</td><td>2010</td></tr>\n    <tr><td>No_of_Retail_Floors</td><td>3</td></tr>\n    <tr><td>Latest_Annual_Foot_Count</td><td>8500000</td></tr>\n    <tr><td>No_of_Shops</td><td>74</td></tr>\n    <tr><td>Main_Anchors</td><td>Big Five Duty Free, Out Of Africa, Woolworths</td></tr>\n    <tr><td>Parking_Total</td><td>6080</td></tr>"},"_name":"Cape Town International Airport"}},{"type":"Feature","geometry":{"type":"Point","coordinates":[18.6784999819762,-33.926599994853,0]},"properties":{"name":"Shoprite Centre - Kuilsriver","visibility":false,"description":{"@type":"html","value":"<br><br><br>\n    <table border=\"1\" padding=\"0\">\n    <tr><td>Shopping_Centre_Name</td><td>Shoprite Centre - Kuilsriver</td></tr>\n    <tr><td>Street_Address</td><td>Van Riebeeck Street</td></tr>\n    <tr><td>Street_Suburb</td><td></td></tr>\n    <tr><td>Street_City_or_Town</td><td>Kuils River</td></tr>\n    <tr><td>Street_Province_</td><td>Western Cape</td></tr>\n    <tr><td>Street_Country</td><td>South Africa</td></tr>\n    <tr><td>Core_Classification_ICSC</td><td>Neighbourhood Centre</td></tr>\n    <tr><td>Classification_MD</td><td>Neighbourhood Centre</td></tr>\n    <tr><td>Gross_Leasable_Floor_Area_in_sq</td><td>8721</td></tr>\n    <tr><td>Centre_Manager_Name</td><td>Wayne Lochner</td></tr>\n    <tr><td>Centre_Manager_Telephone</td><td>+2733 347 1200</td></tr>\n    <tr><td>Centre_Manager_Mobile</td><td></td></tr>\n    <tr><td>Centre_Manager_Email</td><td>wayne@cenprop.co.za</td></tr>\n    <tr><td>Shopping_Centre_Website</td><td></td></tr>\n    <tr><td>Type</td><td>Majors</td></tr>\n    <tr><td>Leasing_Company_Name</td><td>Cenprop Real Estate (Pty) Ltd</td></tr>\n    <tr><td>Leasing_Manager_Name</td><td>Wayne Lochner</td></tr>\n    <tr><td>Leasing_Manager_Telephone</td><td>+2733 347 1200</td></tr>\n    <tr><td>Leasing_Manager_Mobile</td><td>+2782 903 6166</td></tr>\n    <tr><td>Marketing_Company_Name</td><td>Cenprop Real Estate (Pty) Ltd</td></tr>\n    <tr><td>Owner</td><td>Ziningi Properties (Pty) Ltd</td></tr>\n    <tr><td>Name_of_Holding_Company</td><td></td></tr>\n    <tr><td>Name_of_Developer</td><td>Shoprite Checkers Properties (Pty) Ltd</td></tr>\n    <tr><td>Year_Developed</td><td>1985</td></tr>\n    <tr><td>Year_Last_Refurbished</td><td>1998</td></tr>\n    <tr><td>No_of_Retail_Floors</td><td>1</td></tr>\n    <tr><td>Latest_Annual_Foot_Count</td><td>1244921</td></tr>\n    <tr><td>No_of_Shops</td><td>40</td></tr>\n    <tr><td>Main_Anchors</td><td>Shoprite</td></tr>\n    <tr><td>Parking_Total</td><td>0</td></tr>"},"_name":"Shoprite Centre - Kuilsriver"}},{"type":"Feature","geometry":{"type":"Point","coordinates":[18.6197530063792,-34.05069299363,0]},"properties":{"name":"Station Plaza","visibility":false,"description":{"@type":"html","value":"<br><br><br>\n    <table border=\"1\" padding=\"0\">\n    <tr><td>Shopping_Centre_Name</td><td>Station Plaza</td></tr>\n    <tr><td>Street_Address</td><td>7th Avenue</td></tr>\n    <tr><td>Street_Suburb</td><td>Town Centre</td></tr>\n    <tr><td>Street_City_or_Town</td><td>Mitchell's Plain</td></tr>\n    <tr><td>Street_Province_</td><td>Western Cape</td></tr>\n    <tr><td>Street_Country</td><td>South Africa</td></tr>\n    <tr><td>Core_Classification_ICSC</td><td>Neighbourhood Centre</td></tr>\n    <tr><td>Classification_MD</td><td>Neighbourhood Centre</td></tr>\n    <tr><td>Gross_Leasable_Floor_Area_in_sq</td><td>9154</td></tr>\n    <tr><td>Centre_Manager_Name</td><td>Barry Petersen</td></tr>\n    <tr><td>Centre_Manager_Telephone</td><td>+2721 392 8267</td></tr>\n    <tr><td>Centre_Manager_Mobile</td><td>+2782 563 1728</td></tr>\n    <tr><td>Centre_Manager_Email</td><td>veronprop@gmail.com</td></tr>\n    <tr><td>Shopping_Centre_Website</td><td></td></tr>\n    <tr><td>Type</td><td>Majors</td></tr>\n    <tr><td>Leasing_Company_Name</td><td>Bordiss Properties CC</td></tr>\n    <tr><td>Leasing_Manager_Name</td><td>Bradley Bordiss</td></tr>\n    <tr><td>Leasing_Manager_Telephone</td><td>+2721 448 4552</td></tr>\n    <tr><td>Leasing_Manager_Mobile</td><td>+2783 250 9540</td></tr>\n    <tr><td>Marketing_Company_Name</td><td></td></tr>\n    <tr><td>Owner</td><td>Mitchell's Plain Taxis & Hawkers Ltd</td></tr>\n    <tr><td>Name_of_Holding_Company</td><td>Mitchell's Plain Taxis & Hawkers Ltd</td></tr>\n    <tr><td>Name_of_Developer</td><td></td></tr>\n    <tr><td>Year_Developed</td><td>1992</td></tr>\n    <tr><td>Year_Last_Refurbished</td><td>1998</td></tr>\n    <tr><td>No_of_Retail_Floors</td><td>1</td></tr>\n    <tr><td>Latest_Annual_Foot_Count</td><td>0</td></tr>\n    <tr><td>No_of_Shops</td><td>88</td></tr>\n    <tr><td>Main_Anchors</td><td>Shoprite</td></tr>\n    <tr><td>Parking_Total</td><td>0</td></tr>"},"_name":"Station Plaza"}},{"type":"Feature","geometry":{"type":"Point","coordinates":[18.4583049846646,-33.792918000533,0]},"properties":{"name":"Eden on the Bay","visibility":false,"description":{"@type":"html","value":"<br><br><br>\n    <table border=\"1\" padding=\"0\">\n    <tr><td>Shopping_Centre_Name</td><td>Eden on the Bay</td></tr>\n    <tr><td>Street_Address</td><td>Cnr Otto du Plessis Drive & Big Bay Boulevard</td></tr>\n    <tr><td>Street_Suburb</td><td>Big Bay</td></tr>\n    <tr><td>Street_City_or_Town</td><td>Blouberg</td></tr>\n    <tr><td>Street_Province_</td><td>Western Cape</td></tr>\n    <tr><td>Street_Country</td><td>South Africa</td></tr>\n    <tr><td>Core_Classification_ICSC</td><td>Neighbourhood Centre</td></tr>\n    <tr><td>Classification_MD</td><td>Neighbourhood Centre</td></tr>\n    <tr><td>Gross_Leasable_Floor_Area_in_sq</td><td>9200</td></tr>\n    <tr><td>Centre_Manager_Name</td><td>Yolande Meyer</td></tr>\n    <tr><td>Centre_Manager_Telephone</td><td>+2721 554 9700</td></tr>\n    <tr><td>Centre_Manager_Mobile</td><td>+2772 142 3793</td></tr>\n    <tr><td>Centre_Manager_Email</td><td>yolande@edenonthebay.co.za</td></tr>\n    <tr><td>Shopping_Centre_Website</td><td>www.edenonthebay.co.za</td></tr>\n    <tr><td>Type</td><td>Majors</td></tr>\n    <tr><td>Leasing_Company_Name</td><td>Rabie Property Administrators (Pty) Ltd</td></tr>\n    <tr><td>Leasing_Manager_Name</td><td>Charmaine Truter</td></tr>\n    <tr><td>Leasing_Manager_Telephone</td><td>+2721 550 7000</td></tr>\n    <tr><td>Leasing_Manager_Mobile</td><td></td></tr>\n    <tr><td>Marketing_Company_Name</td><td></td></tr>\n    <tr><td>Owner</td><td>Mvelaprop & Asrin Property Developers</td></tr>\n    <tr><td>Name_of_Holding_Company</td><td></td></tr>\n    <tr><td>Name_of_Developer</td><td></td></tr>\n    <tr><td>Year_Developed</td><td>2009</td></tr>\n    <tr><td>Year_Last_Refurbished</td><td>0</td></tr>\n    <tr><td>No_of_Retail_Floors</td><td>1</td></tr>\n    <tr><td>Latest_Annual_Foot_Count</td><td>0</td></tr>\n    <tr><td>No_of_Shops</td><td>53</td></tr>\n    <tr><td>Main_Anchors</td><td>Pick n Pay Family</td></tr>\n    <tr><td>Parking_Total</td><td>400</td></tr>"},"_name":"Eden on the Bay"}},{"type":"Feature","geometry":{"type":"Point","coordinates":[18.5028500079274,-33.862180990789,0]},"properties":{"name":"The Paddocks Shopping Centre","visibility":false,"description":{"@type":"html","value":"<br><br><br>\n    <table border=\"1\" padding=\"0\">\n    <tr><td>Shopping_Centre_Name</td><td>The Paddocks Shopping Centre</td></tr>\n    <tr><td>Street_Address</td><td>Cnr Racecourse Road & Grand National Boulevard</td></tr>\n    <tr><td>Street_Suburb</td><td>Milnerton</td></tr>\n    <tr><td>Street_City_or_Town</td><td>Cape Town</td></tr>\n    <tr><td>Street_Province_</td><td>Western Cape</td></tr>\n    <tr><td>Street_Country</td><td>South Africa</td></tr>\n    <tr><td>Core_Classification_ICSC</td><td>Neighbourhood Centre</td></tr>\n    <tr><td>Classification_MD</td><td>Neighbourhood Centre</td></tr>\n    <tr><td>Gross_Leasable_Floor_Area_in_sq</td><td>9311</td></tr>\n    <tr><td>Centre_Manager_Name</td><td>Masood Muller</td></tr>\n    <tr><td>Centre_Manager_Telephone</td><td>+2721 424 1210</td></tr>\n    <tr><td>Centre_Manager_Mobile</td><td>+2772 519 2981</td></tr>\n    <tr><td>Centre_Manager_Email</td><td>admin@daleglen.co.za</td></tr>\n    <tr><td>Shopping_Centre_Website</td><td></td></tr>\n    <tr><td>Type</td><td>Majors</td></tr>\n    <tr><td>Leasing_Company_Name</td><td>Daleglen Property Group (Pty) Ltd</td></tr>\n    <tr><td>Leasing_Manager_Name</td><td>Denise Bryer</td></tr>\n    <tr><td>Leasing_Manager_Telephone</td><td>+2721 424 1210</td></tr>\n    <tr><td>Leasing_Manager_Mobile</td><td></td></tr>\n    <tr><td>Marketing_Company_Name</td><td>Daleglen Property Group (Pty) Ltd</td></tr>\n    <tr><td>Owner</td><td>New Glen Shopping Centre (Pty) Ltd</td></tr>\n    <tr><td>Name_of_Holding_Company</td><td></td></tr>\n    <tr><td>Name_of_Developer</td><td></td></tr>\n    <tr><td>Year_Developed</td><td>2004</td></tr>\n    <tr><td>Year_Last_Refurbished</td><td>2012</td></tr>\n    <tr><td>No_of_Retail_Floors</td><td>1</td></tr>\n    <tr><td>Latest_Annual_Foot_Count</td><td>256972</td></tr>\n    <tr><td>No_of_Shops</td><td>46</td></tr>\n    <tr><td>Main_Anchors</td><td>Spar,Woolworths Foods, Ocean Basket, Simply Asia, Clicks</td></tr>\n    <tr><td>Parking_Total</td><td>596</td></tr>"},"_name":"The Paddocks Shopping Centre"}},{"type":"Feature","geometry":{"type":"Point","coordinates":[18.5323999953946,-33.868499987983,0]},"properties":{"name":"Bothasig Mall","visibility":false,"description":{"@type":"html","value":"<br><br><br>\n    <table border=\"1\" padding=\"0\">\n    <tr><td>Shopping_Centre_Name</td><td>Bothasig Mall</td></tr>\n    <tr><td>Street_Address</td><td>Cnr Vryburger Avenue & Tafelberg Street</td></tr>\n    <tr><td>Street_Suburb</td><td>Bothasig</td></tr>\n    <tr><td>Street_City_or_Town</td><td>Cape Town</td></tr>\n    <tr><td>Street_Province_</td><td>Western Cape</td></tr>\n    <tr><td>Street_Country</td><td>South Africa</td></tr>\n    <tr><td>Core_Classification_ICSC</td><td>Neighbourhood Centre</td></tr>\n    <tr><td>Classification_MD</td><td>Neighbourhood Centre</td></tr>\n    <tr><td>Gross_Leasable_Floor_Area_in_sq</td><td>9318</td></tr>\n    <tr><td>Centre_Manager_Name</td><td></td></tr>\n    <tr><td>Centre_Manager_Telephone</td><td></td></tr>\n    <tr><td>Centre_Manager_Mobile</td><td></td></tr>\n    <tr><td>Centre_Manager_Email</td><td></td></tr>\n    <tr><td>Shopping_Centre_Website</td><td></td></tr>\n    <tr><td>Type</td><td>2 to 3</td></tr>\n    <tr><td>Leasing_Company_Name</td><td>Blend Property Management (Pty) Ltd</td></tr>\n    <tr><td>Leasing_Manager_Name</td><td>Manuel da Silva</td></tr>\n    <tr><td>Leasing_Manager_Telephone</td><td>+2721 464 8800</td></tr>\n    <tr><td>Leasing_Manager_Mobile</td><td></td></tr>\n    <tr><td>Marketing_Company_Name</td><td>Blend Property Management (Pty) Ltd</td></tr>\n    <tr><td>Owner</td><td>Blend Property 6 (Pty) Ltd</td></tr>\n    <tr><td>Name_of_Holding_Company</td><td>Blend Property Group (Pty) Ltd</td></tr>\n    <tr><td>Name_of_Developer</td><td>Shoprite Checkers Properties Ltd</td></tr>\n    <tr><td>Year_Developed</td><td>1988</td></tr>\n    <tr><td>Year_Last_Refurbished</td><td>2011</td></tr>\n    <tr><td>No_of_Retail_Floors</td><td>1</td></tr>\n    <tr><td>Latest_Annual_Foot_Count</td><td>1131925</td></tr>\n    <tr><td>No_of_Shops</td><td>52</td></tr>\n    <tr><td>Main_Anchors</td><td>Shoprite, Midas, Pep, SA Post Office, Romans Pizza, Cash Crusaders</td></tr>\n    <tr><td>Parking_Total</td><td>656</td></tr>"},"_name":"Bothasig Mall"}},{"type":"Feature","geometry":{"type":"Point","coordinates":[18.4570999808422,-33.788300004494,0]},"properties":{"name":"Seaside Village","visibility":false,"description":{"@type":"html","value":"<br><br><br>\n    <table border=\"1\" padding=\"0\">\n    <tr><td>Shopping_Centre_Name</td><td>Seaside Village</td></tr>\n    <tr><td>Street_Address</td><td>Cnr Cormorant Avenue & Otto Du Plessis Drive</td></tr>\n    <tr><td>Street_Suburb</td><td>Big Bay</td></tr>\n    <tr><td>Street_City_or_Town</td><td>Blouberg</td></tr>\n    <tr><td>Street_Province_</td><td>Western Cape</td></tr>\n    <tr><td>Street_Country</td><td>South Africa</td></tr>\n    <tr><td>Core_Classification_ICSC</td><td>Neighbourhood Centre</td></tr>\n    <tr><td>Classification_MD</td><td>Neighbourhood Centre</td></tr>\n    <tr><td>Gross_Leasable_Floor_Area_in_sq</td><td>9547</td></tr>\n    <tr><td>Centre_Manager_Name</td><td>Bruce Low</td></tr>\n    <tr><td>Centre_Manager_Telephone</td><td></td></tr>\n    <tr><td>Centre_Manager_Mobile</td><td>+2782 802 1766</td></tr>\n    <tr><td>Centre_Manager_Email</td><td>blow@shoprite.co.za</td></tr>\n    <tr><td>Shopping_Centre_Website</td><td>www.seasidevillage.co.za</td></tr>\n    <tr><td>Type</td><td>Majors</td></tr>\n    <tr><td>Leasing_Company_Name</td><td>Shoprite Checkers (Pty) Ltd - Property Division</td></tr>\n    <tr><td>Leasing_Manager_Name</td><td>Bruce Low</td></tr>\n    <tr><td>Leasing_Manager_Telephone</td><td>+2721 980 4638</td></tr>\n    <tr><td>Leasing_Manager_Mobile</td><td>+2782 802 1766</td></tr>\n    <tr><td>Marketing_Company_Name</td><td>Shoprite Checkers (Pty) Ltd - Marketing Division</td></tr>\n    <tr><td>Owner</td><td>Parys Development Properties (Pty) Ltd</td></tr>\n    <tr><td>Name_of_Holding_Company</td><td></td></tr>\n    <tr><td>Name_of_Developer</td><td>Parys Development Properties (Pty) Ltd</td></tr>\n    <tr><td>Year_Developed</td><td>2006</td></tr>\n    <tr><td>Year_Last_Refurbished</td><td>0</td></tr>\n    <tr><td>No_of_Retail_Floors</td><td>1</td></tr>\n    <tr><td>Latest_Annual_Foot_Count</td><td>0</td></tr>\n    <tr><td>No_of_Shops</td><td>45</td></tr>\n    <tr><td>Main_Anchors</td><td>Checkers, Woolworths</td></tr>\n    <tr><td>Parking_Total</td><td>0</td></tr>"},"_name":"Seaside Village"}},{"type":"Feature","geometry":{"type":"Point","coordinates":[18.470100981694,-33.96192600013,0]},"properties":{"name":"Riverside Mall - Rondebosch","visibility":false,"description":{"@type":"html","value":"<br><br><br>\n    <table border=\"1\" padding=\"0\">\n    <tr><td>Shopping_Centre_Name</td><td>Riverside Mall - Rondebosch</td></tr>\n    <tr><td>Street_Address</td><td>Cnr Belmont & Main Roads</td></tr>\n    <tr><td>Street_Suburb</td><td>Rondebosch</td></tr>\n    <tr><td>Street_City_or_Town</td><td>Cape Town</td></tr>\n    <tr><td>Street_Province_</td><td>Western Cape</td></tr>\n    <tr><td>Street_Country</td><td>South Africa</td></tr>\n    <tr><td>Core_Classification_ICSC</td><td>Value Centre</td></tr>\n    <tr><td>Classification_MD</td><td>Value Centre</td></tr>\n    <tr><td>Gross_Leasable_Floor_Area_in_sq</td><td>9635</td></tr>\n    <tr><td>Centre_Manager_Name</td><td>Melivina Mullom</td></tr>\n    <tr><td>Centre_Manager_Telephone</td><td>+2721 685 4442</td></tr>\n    <tr><td>Centre_Manager_Mobile</td><td>+2774 890 6281</td></tr>\n    <tr><td>Centre_Manager_Email</td><td>melvinam@redefine.co.za</td></tr>\n    <tr><td>Shopping_Centre_Website</td><td></td></tr>\n    <tr><td>Type</td><td>Majors</td></tr>\n    <tr><td>Leasing_Company_Name</td><td>Redefine Properties Ltd</td></tr>\n    <tr><td>Leasing_Manager_Name</td><td>Lorraine Snyman</td></tr>\n    <tr><td>Leasing_Manager_Telephone</td><td>+2721 443 7600</td></tr>\n    <tr><td>Leasing_Manager_Mobile</td><td>+2772 276 6017</td></tr>\n    <tr><td>Marketing_Company_Name</td><td>Redefine Properties Ltd</td></tr>\n    <tr><td>Owner</td><td>Redefine Income Fund Ltd</td></tr>\n    <tr><td>Name_of_Holding_Company</td><td>Redefine Properties Ltd</td></tr>\n    <tr><td>Name_of_Developer</td><td>Redefine Properties Ltd</td></tr>\n    <tr><td>Year_Developed</td><td>1982</td></tr>\n    <tr><td>Year_Last_Refurbished</td><td>2012</td></tr>\n    <tr><td>No_of_Retail_Floors</td><td>2</td></tr>\n    <tr><td>Latest_Annual_Foot_Count</td><td>0</td></tr>\n    <tr><td>No_of_Shops</td><td>34</td></tr>\n    <tr><td>Main_Anchors</td><td>Checkers</td></tr>\n    <tr><td>Parking_Total</td><td>255</td></tr>"},"_name":"Riverside Mall - Rondebosch"}},{"type":"Feature","geometry":{"type":"Point","coordinates":[18.8505389968978,-34.085470994341,0]},"properties":{"name":"Vineyard Shopping Centre","visibility":false,"description":{"@type":"html","value":"<br><br><br>\n    <table border=\"1\" padding=\"0\">\n    <tr><td>Shopping_Centre_Name</td><td>Vineyard Shopping Centre</td></tr>\n    <tr><td>Street_Address</td><td>Cnr Andries Pretorius & Church Streets</td></tr>\n    <tr><td>Street_Suburb</td><td></td></tr>\n    <tr><td>Street_City_or_Town</td><td>Somerset West</td></tr>\n    <tr><td>Street_Province_</td><td>Western Cape</td></tr>\n    <tr><td>Street_Country</td><td>South Africa</td></tr>\n    <tr><td>Core_Classification_ICSC</td><td>Neighbourhood Centre</td></tr>\n    <tr><td>Classification_MD</td><td>Neighbourhood Centre</td></tr>\n    <tr><td>Gross_Leasable_Floor_Area_in_sq</td><td>9686</td></tr>\n    <tr><td>Centre_Manager_Name</td><td>Schalk Swanepoel</td></tr>\n    <tr><td>Centre_Manager_Telephone</td><td>+2721 851 5526</td></tr>\n    <tr><td>Centre_Manager_Mobile</td><td></td></tr>\n    <tr><td>Centre_Manager_Email</td><td>tribetinvestments@gmail.com</td></tr>\n    <tr><td>Shopping_Centre_Website</td><td></td></tr>\n    <tr><td>Type</td><td>2 to 3</td></tr>\n    <tr><td>Leasing_Company_Name</td><td>Tribet Investments (Pty) Ltd</td></tr>\n    <tr><td>Leasing_Manager_Name</td><td>Teresa Botha</td></tr>\n    <tr><td>Leasing_Manager_Telephone</td><td>+2771 638 0622</td></tr>\n    <tr><td>Leasing_Manager_Mobile</td><td></td></tr>\n    <tr><td>Marketing_Company_Name</td><td>Tribet Investments (Pty) Ltd</td></tr>\n    <tr><td>Owner</td><td>Tribet Investments (Pty) Ltd</td></tr>\n    <tr><td>Name_of_Holding_Company</td><td></td></tr>\n    <tr><td>Name_of_Developer</td><td>Checkers Properties Ltd</td></tr>\n    <tr><td>Year_Developed</td><td>1997</td></tr>\n    <tr><td>Year_Last_Refurbished</td><td>1998</td></tr>\n    <tr><td>No_of_Retail_Floors</td><td>1</td></tr>\n    <tr><td>Latest_Annual_Foot_Count</td><td>0</td></tr>\n    <tr><td>No_of_Shops</td><td>20</td></tr>\n    <tr><td>Main_Anchors</td><td>Shoprite</td></tr>\n    <tr><td>Parking_Total</td><td>0</td></tr>"},"_name":"Vineyard Shopping Centre"}},{"type":"Feature","geometry":{"type":"Point","coordinates":[18.7027869928684,-34.046781004522,0]},"properties":{"name":"Makhaza Shopping Centre","visibility":false,"description":{"@type":"html","value":"<br><br><br>\n    <table border=\"1\" padding=\"0\">\n    <tr><td>Shopping_Centre_Name</td><td>Makhaza Shopping Centre</td></tr>\n    <tr><td>Street_Address</td><td>Lansdowne Road</td></tr>\n    <tr><td>Street_Suburb</td><td>Makhaza</td></tr>\n    <tr><td>Street_City_or_Town</td><td>Khayelitsha</td></tr>\n    <tr><td>Street_Province_</td><td>Western Cape</td></tr>\n    <tr><td>Street_Country</td><td>South Africa</td></tr>\n    <tr><td>Core_Classification_ICSC</td><td>Neighbourhood Centre</td></tr>\n    <tr><td>Classification_MD</td><td>Neighbourhood Centre</td></tr>\n    <tr><td>Gross_Leasable_Floor_Area_in_sq</td><td>9836</td></tr>\n    <tr><td>Centre_Manager_Name</td><td>Nuthando</td></tr>\n    <tr><td>Centre_Manager_Telephone</td><td></td></tr>\n    <tr><td>Centre_Manager_Mobile</td><td>+2773 664 8499</td></tr>\n    <tr><td>Centre_Manager_Email</td><td></td></tr>\n    <tr><td>Shopping_Centre_Website</td><td>www.spire.co.za</td></tr>\n    <tr><td>Type</td><td>Majors</td></tr>\n    <tr><td>Leasing_Company_Name</td><td>Spire Property Management (Pty) Ltd</td></tr>\n    <tr><td>Leasing_Manager_Name</td><td>Adriaan Jonker</td></tr>\n    <tr><td>Leasing_Manager_Telephone</td><td>+2721 685 4020</td></tr>\n    <tr><td>Leasing_Manager_Mobile</td><td></td></tr>\n    <tr><td>Marketing_Company_Name</td><td>Spire Property Management (Pty) Ltd</td></tr>\n    <tr><td>Owner</td><td>Bokoro Capital Management</td></tr>\n    <tr><td>Name_of_Holding_Company</td><td></td></tr>\n    <tr><td>Name_of_Developer</td><td></td></tr>\n    <tr><td>Year_Developed</td><td>2003</td></tr>\n    <tr><td>Year_Last_Refurbished</td><td>0</td></tr>\n    <tr><td>No_of_Retail_Floors</td><td>1</td></tr>\n    <tr><td>Latest_Annual_Foot_Count</td><td>0</td></tr>\n    <tr><td>No_of_Shops</td><td>21</td></tr>\n    <tr><td>Main_Anchors</td><td>Shoprite</td></tr>\n    <tr><td>Parking_Total</td><td>30</td></tr>"},"_name":"Makhaza Shopping Centre"}},{"type":"Feature","geometry":{"type":"Point","coordinates":[18.4220420123236,-33.919707987593,0]},"properties":{"name":"Long Street","visibility":false,"description":{"@type":"html","value":"<br><br><br>\n    <table border=\"1\" padding=\"0\">\n    <tr><td>Shopping_Centre_Name</td><td>Long Street</td></tr>\n    <tr><td>Street_Address</td><td>Long Street</td></tr>\n    <tr><td>Street_Suburb</td><td>Central</td></tr>\n    <tr><td>Street_City_or_Town</td><td>Cape Town</td></tr>\n    <tr><td>Street_Province_</td><td>Western Cape</td></tr>\n    <tr><td>Street_Country</td><td>South Africa</td></tr>\n    <tr><td>Core_Classification_ICSC</td><td>Neighbourhood Centre</td></tr>\n    <tr><td>Classification_MD</td><td>CBD/Town Centre</td></tr>\n    <tr><td>Gross_Leasable_Floor_Area_in_sq</td><td>9971</td></tr>\n    <tr><td>Centre_Manager_Name</td><td></td></tr>\n    <tr><td>Centre_Manager_Telephone</td><td></td></tr>\n    <tr><td>Centre_Manager_Mobile</td><td></td></tr>\n    <tr><td>Centre_Manager_Email</td><td></td></tr>\n    <tr><td>Shopping_Centre_Website</td><td></td></tr>\n    <tr><td>Type</td><td>Majors</td></tr>\n    <tr><td>Leasing_Company_Name</td><td>JHI Properties (Pty) Ltd</td></tr>\n    <tr><td>Leasing_Manager_Name</td><td>Phillip Briedenhann</td></tr>\n    <tr><td>Leasing_Manager_Telephone</td><td>+2721 943 1015</td></tr>\n    <tr><td>Leasing_Manager_Mobile</td><td>+2784 603 2406</td></tr>\n    <tr><td>Marketing_Company_Name</td><td></td></tr>\n    <tr><td>Owner</td><td>Manaka Property Investments (Pty) Ltd</td></tr>\n    <tr><td>Name_of_Holding_Company</td><td></td></tr>\n    <tr><td>Name_of_Developer</td><td></td></tr>\n    <tr><td>Year_Developed</td><td>0</td></tr>\n    <tr><td>Year_Last_Refurbished</td><td>0</td></tr>\n    <tr><td>No_of_Retail_Floors</td><td>1</td></tr>\n    <tr><td>Latest_Annual_Foot_Count</td><td>0</td></tr>\n    <tr><td>No_of_Shops</td><td>6</td></tr>\n    <tr><td>Main_Anchors</td><td>Restaurants and line shops</td></tr>\n    <tr><td>Parking_Total</td><td>0</td></tr>"},"_name":"Long Street"}},{"type":"Feature","geometry":{"type":"Point","coordinates":[18.559403006125,-33.993532012559,0]},"properties":{"name":"Nyanga Junction","visibility":false,"description":{"@type":"html","value":"<br><br><br>\n    <table border=\"1\" padding=\"0\">\n    <tr><td>Shopping_Centre_Name</td><td>Nyanga Junction</td></tr>\n    <tr><td>Street_Address</td><td>Duinefontein Road</td></tr>\n    <tr><td>Street_Suburb</td><td>Manenberg</td></tr>\n    <tr><td>Street_City_or_Town</td><td>Cape Town</td></tr>\n    <tr><td>Street_Province_</td><td>Western Cape</td></tr>\n    <tr><td>Street_Country</td><td>South Africa</td></tr>\n    <tr><td>Core_Classification_ICSC</td><td>Neighbourhood Centre</td></tr>\n    <tr><td>Classification_MD</td><td>Neighbourhood Centre</td></tr>\n    <tr><td>Gross_Leasable_Floor_Area_in_sq</td><td>10022</td></tr>\n    <tr><td>Centre_Manager_Name</td><td>Maxie Mahloane</td></tr>\n    <tr><td>Centre_Manager_Telephone</td><td>+2721 691 2963</td></tr>\n    <tr><td>Centre_Manager_Mobile</td><td>+2782 707 2651</td></tr>\n    <tr><td>Centre_Manager_Email</td><td>maxie.mahloane@jhi.co.za</td></tr>\n    <tr><td>Shopping_Centre_Website</td><td></td></tr>\n    <tr><td>Type</td><td>Majors</td></tr>\n    <tr><td>Leasing_Company_Name</td><td>JHI Properties (Pty) Ltd</td></tr>\n    <tr><td>Leasing_Manager_Name</td><td>Yaqub Omar</td></tr>\n    <tr><td>Leasing_Manager_Telephone</td><td>+2721 943 1029</td></tr>\n    <tr><td>Leasing_Manager_Mobile</td><td>+2782 494 2427</td></tr>\n    <tr><td>Marketing_Company_Name</td><td>JHI Properties (Pty) Ltd</td></tr>\n    <tr><td>Owner</td><td>Fairvest Property Holdings Ltd</td></tr>\n    <tr><td>Name_of_Holding_Company</td><td>Fairvest Property Holdings Ltd</td></tr>\n    <tr><td>Name_of_Developer</td><td></td></tr>\n    <tr><td>Year_Developed</td><td>1994</td></tr>\n    <tr><td>Year_Last_Refurbished</td><td>0</td></tr>\n    <tr><td>No_of_Retail_Floors</td><td>2</td></tr>\n    <tr><td>Latest_Annual_Foot_Count</td><td>0</td></tr>\n    <tr><td>No_of_Shops</td><td>120</td></tr>\n    <tr><td>Main_Anchors</td><td>Shoprite</td></tr>\n    <tr><td>Parking_Total</td><td>0</td></tr>"},"_name":"Nyanga Junction"}},{"type":"Feature","geometry":{"type":"Point","coordinates":[18.521231989495,-34.020655011621,0]},"properties":{"name":"Makro - Ottery","visibility":false,"description":{"@type":"html","value":"<br><br><br>\n    <table border=\"1\" padding=\"0\">\n    <tr><td>Shopping_Centre_Name</td><td>Makro - Ottery</td></tr>\n    <tr><td>Street_Address</td><td>Cnr Ottery & Strandfontein Roads</td></tr>\n    <tr><td>Street_Suburb</td><td>Ottery</td></tr>\n    <tr><td>Street_City_or_Town</td><td>Cape Town</td></tr>\n    <tr><td>Street_Province_</td><td>Western Cape</td></tr>\n    <tr><td>Street_Country</td><td>South Africa</td></tr>\n    <tr><td>Core_Classification_ICSC</td><td>Value Centre</td></tr>\n    <tr><td>Classification_MD</td><td>Big Box Retailers</td></tr>\n    <tr><td>Gross_Leasable_Floor_Area_in_sq</td><td>10305</td></tr>\n    <tr><td>Centre_Manager_Name</td><td>Leon Botha</td></tr>\n    <tr><td>Centre_Manager_Telephone</td><td>+2721 704 7407</td></tr>\n    <tr><td>Centre_Manager_Mobile</td><td></td></tr>\n    <tr><td>Centre_Manager_Email</td><td>Lbotha@makro.co.za</td></tr>\n    <tr><td>Shopping_Centre_Website</td><td>www.makro.co.za</td></tr>\n    <tr><td>Type</td><td>Majors</td></tr>\n    <tr><td>Leasing_Company_Name</td><td>Massmart Head Office</td></tr>\n    <tr><td>Leasing_Manager_Name</td><td></td></tr>\n    <tr><td>Leasing_Manager_Telephone</td><td></td></tr>\n    <tr><td>Leasing_Manager_Mobile</td><td></td></tr>\n    <tr><td>Marketing_Company_Name</td><td></td></tr>\n    <tr><td>Owner</td><td>Massmart (Pty) Ltd</td></tr>\n    <tr><td>Name_of_Holding_Company</td><td></td></tr>\n    <tr><td>Name_of_Developer</td><td></td></tr>\n    <tr><td>Year_Developed</td><td>1987</td></tr>\n    <tr><td>Year_Last_Refurbished</td><td>0</td></tr>\n    <tr><td>No_of_Retail_Floors</td><td>1</td></tr>\n    <tr><td>Latest_Annual_Foot_Count</td><td>0</td></tr>\n    <tr><td>No_of_Shops</td><td>1</td></tr>\n    <tr><td>Main_Anchors</td><td>Free-standing Makro</td></tr>\n    <tr><td>Parking_Total</td><td>900</td></tr>"},"_name":"Makro - Ottery"}},{"type":"Feature","geometry":{"type":"Point","coordinates":[18.6939419908738,-33.848095995741,0]},"properties":{"name":"Makro - Cape Gate","visibility":false,"description":{"@type":"html","value":"<br><br><br>\n    <table border=\"1\" padding=\"0\">\n    <tr><td>Shopping_Centre_Name</td><td>Makro - Cape Gate</td></tr>\n    <tr><td>Street_Address</td><td>Cnr Okavango & Belami Roads</td></tr>\n    <tr><td>Street_Suburb</td><td></td></tr>\n    <tr><td>Street_City_or_Town</td><td>Brackenfell</td></tr>\n    <tr><td>Street_Province_</td><td>Western Cape</td></tr>\n    <tr><td>Street_Country</td><td>South Africa</td></tr>\n    <tr><td>Core_Classification_ICSC</td><td>Value Centre</td></tr>\n    <tr><td>Classification_MD</td><td>Big Box Retailers</td></tr>\n    <tr><td>Gross_Leasable_Floor_Area_in_sq</td><td>10305</td></tr>\n    <tr><td>Centre_Manager_Name</td><td></td></tr>\n    <tr><td>Centre_Manager_Telephone</td><td>+27860 008 993</td></tr>\n    <tr><td>Centre_Manager_Mobile</td><td></td></tr>\n    <tr><td>Centre_Manager_Email</td><td></td></tr>\n    <tr><td>Shopping_Centre_Website</td><td>www.makro.co.za</td></tr>\n    <tr><td>Type</td><td>Majors</td></tr>\n    <tr><td>Leasing_Company_Name</td><td>Massmart Head Office</td></tr>\n    <tr><td>Leasing_Manager_Name</td><td></td></tr>\n    <tr><td>Leasing_Manager_Telephone</td><td>+2711 797 0000</td></tr>\n    <tr><td>Leasing_Manager_Mobile</td><td></td></tr>\n    <tr><td>Marketing_Company_Name</td><td></td></tr>\n    <tr><td>Owner</td><td>Privately Owned</td></tr>\n    <tr><td>Name_of_Holding_Company</td><td></td></tr>\n    <tr><td>Name_of_Developer</td><td></td></tr>\n    <tr><td>Year_Developed</td><td>2012</td></tr>\n    <tr><td>Year_Last_Refurbished</td><td>0</td></tr>\n    <tr><td>No_of_Retail_Floors</td><td>1</td></tr>\n    <tr><td>Latest_Annual_Foot_Count</td><td>0</td></tr>\n    <tr><td>No_of_Shops</td><td>1</td></tr>\n    <tr><td>Main_Anchors</td><td>Free-standing Makro</td></tr>\n    <tr><td>Parking_Total</td><td>0</td></tr>"},"_name":"Makro - Cape Gate"}},{"type":"Feature","geometry":{"type":"Point","coordinates":[18.5184849892558,-33.856314000031,0]},"properties":{"name":"Makro - Montague Gardens","visibility":false,"description":{"@type":"html","value":"<br><br><br>\n    <table border=\"1\" padding=\"0\">\n    <tr><td>Shopping_Centre_Name</td><td>Makro - Montague Gardens</td></tr>\n    <tr><td>Street_Address</td><td>Topaz Boulevard</td></tr>\n    <tr><td>Street_Suburb</td><td>Montague Park</td></tr>\n    <tr><td>Street_City_or_Town</td><td>Cape Town</td></tr>\n    <tr><td>Street_Province_</td><td>Western Cape</td></tr>\n    <tr><td>Street_Country</td><td>South Africa</td></tr>\n    <tr><td>Core_Classification_ICSC</td><td>Value Centre</td></tr>\n    <tr><td>Classification_MD</td><td>Big Box Retailers</td></tr>\n    <tr><td>Gross_Leasable_Floor_Area_in_sq</td><td>10305</td></tr>\n    <tr><td>Centre_Manager_Name</td><td></td></tr>\n    <tr><td>Centre_Manager_Telephone</td><td>+27860 308 999</td></tr>\n    <tr><td>Centre_Manager_Mobile</td><td></td></tr>\n    <tr><td>Centre_Manager_Email</td><td></td></tr>\n    <tr><td>Shopping_Centre_Website</td><td>www.makro.co.za</td></tr>\n    <tr><td>Type</td><td>Majors</td></tr>\n    <tr><td>Leasing_Company_Name</td><td>Massmart Head Office</td></tr>\n    <tr><td>Leasing_Manager_Name</td><td></td></tr>\n    <tr><td>Leasing_Manager_Telephone</td><td>+2711 797 0000</td></tr>\n    <tr><td>Leasing_Manager_Mobile</td><td></td></tr>\n    <tr><td>Marketing_Company_Name</td><td></td></tr>\n    <tr><td>Owner</td><td>Privately Owned</td></tr>\n    <tr><td>Name_of_Holding_Company</td><td></td></tr>\n    <tr><td>Name_of_Developer</td><td></td></tr>\n    <tr><td>Year_Developed</td><td>2011</td></tr>\n    <tr><td>Year_Last_Refurbished</td><td>2012</td></tr>\n    <tr><td>No_of_Retail_Floors</td><td>1</td></tr>\n    <tr><td>Latest_Annual_Foot_Count</td><td>0</td></tr>\n    <tr><td>No_of_Shops</td><td>1</td></tr>\n    <tr><td>Main_Anchors</td><td>Free-standing Makro</td></tr>\n    <tr><td>Parking_Total</td><td>0</td></tr>"},"_name":"Makro - Montague Gardens"}},{"type":"Feature","geometry":{"type":"Point","coordinates":[18.842491981696,-33.977796994133,0]},"properties":{"name":"Stellenbosch Square","visibility":false,"description":{"@type":"html","value":"<br><br><br>\n    <table border=\"1\" padding=\"0\">\n    <tr><td>Shopping_Centre_Name</td><td>Stellenbosch Square</td></tr>\n    <tr><td>Street_Address</td><td>Cnr R44 & Webersvallei Road</td></tr>\n    <tr><td>Street_Suburb</td><td></td></tr>\n    <tr><td>Street_City_or_Town</td><td>Stellenbosch</td></tr>\n    <tr><td>Street_Province_</td><td>Western Cape</td></tr>\n    <tr><td>Street_Country</td><td>South Africa</td></tr>\n    <tr><td>Core_Classification_ICSC</td><td>Neighbourhood Centre</td></tr>\n    <tr><td>Classification_MD</td><td>Neighbourhood Centre</td></tr>\n    <tr><td>Gross_Leasable_Floor_Area_in_sq</td><td>10408</td></tr>\n    <tr><td>Centre_Manager_Name</td><td>Philippa Jacoby</td></tr>\n    <tr><td>Centre_Manager_Telephone</td><td>+2721 880 2385</td></tr>\n    <tr><td>Centre_Manager_Mobile</td><td></td></tr>\n    <tr><td>Centre_Manager_Email</td><td>pjacoby@broll.co.za</td></tr>\n    <tr><td>Shopping_Centre_Website</td><td>www.stellenboschsquare.info</td></tr>\n    <tr><td>Type</td><td>Majors</td></tr>\n    <tr><td>Leasing_Company_Name</td><td>Broll Property Group (Pty) Ltd</td></tr>\n    <tr><td>Leasing_Manager_Name</td><td>Philippa Jacoby</td></tr>\n    <tr><td>Leasing_Manager_Telephone</td><td>+2721 880 2385</td></tr>\n    <tr><td>Leasing_Manager_Mobile</td><td>+2779 525 2627</td></tr>\n    <tr><td>Marketing_Company_Name</td><td>Primedia Lifestyle (Pty) Ltd</td></tr>\n    <tr><td>Owner</td><td>SA Corporate Real Estate Fund & Retail Africa</td></tr>\n    <tr><td>Name_of_Holding_Company</td><td></td></tr>\n    <tr><td>Name_of_Developer</td><td>Retail Africa</td></tr>\n    <tr><td>Year_Developed</td><td>2003</td></tr>\n    <tr><td>Year_Last_Refurbished</td><td>2014</td></tr>\n    <tr><td>No_of_Retail_Floors</td><td>1</td></tr>\n    <tr><td>Latest_Annual_Foot_Count</td><td>1715858</td></tr>\n    <tr><td>No_of_Shops</td><td>40</td></tr>\n    <tr><td>Main_Anchors</td><td>Pick n Pay, Woolworths, Clicks</td></tr>\n    <tr><td>Parking_Total</td><td>662</td></tr>"},"_name":"Stellenbosch Square"}},{"type":"Feature","geometry":{"type":"Point","coordinates":[18.4880530099876,-33.825833992883,0]},"properties":{"name":"Tableview Mall","visibility":false,"description":{"@type":"html","value":"<br><br><br>\n    <table border=\"1\" padding=\"0\">\n    <tr><td>Shopping_Centre_Name</td><td>Tableview Mall</td></tr>\n    <tr><td>Street_Address</td><td>Blaauwberg Road</td></tr>\n    <tr><td>Street_Suburb</td><td>Tableview</td></tr>\n    <tr><td>Street_City_or_Town</td><td>Cape Town</td></tr>\n    <tr><td>Street_Province_</td><td>Western Cape</td></tr>\n    <tr><td>Street_Country</td><td>South Africa</td></tr>\n    <tr><td>Core_Classification_ICSC</td><td>Neighbourhood Centre</td></tr>\n    <tr><td>Classification_MD</td><td>Neighbourhood Centre</td></tr>\n    <tr><td>Gross_Leasable_Floor_Area_in_sq</td><td>10412</td></tr>\n    <tr><td>Centre_Manager_Name</td><td>Paul de Groot</td></tr>\n    <tr><td>Centre_Manager_Telephone</td><td>+2721 685 4020</td></tr>\n    <tr><td>Centre_Manager_Mobile</td><td></td></tr>\n    <tr><td>Centre_Manager_Email</td><td>paul@spire.co.za</td></tr>\n    <tr><td>Shopping_Centre_Website</td><td>www.spire.co.za</td></tr>\n    <tr><td>Type</td><td>Majors</td></tr>\n    <tr><td>Leasing_Company_Name</td><td>Spire Property Management (Pty) Ltd</td></tr>\n    <tr><td>Leasing_Manager_Name</td><td>Joanne Boswell</td></tr>\n    <tr><td>Leasing_Manager_Telephone</td><td>+2721 685 4020</td></tr>\n    <tr><td>Leasing_Manager_Mobile</td><td></td></tr>\n    <tr><td>Marketing_Company_Name</td><td>Spire Property Management (Pty) Ltd</td></tr>\n    <tr><td>Owner</td><td>Pick 'n Pay Retailers (Pty) Ltd</td></tr>\n    <tr><td>Name_of_Holding_Company</td><td></td></tr>\n    <tr><td>Name_of_Developer</td><td>Murray & Roberts Properties Services (Pty) Ltd</td></tr>\n    <tr><td>Year_Developed</td><td>1989</td></tr>\n    <tr><td>Year_Last_Refurbished</td><td>0</td></tr>\n    <tr><td>No_of_Retail_Floors</td><td>1</td></tr>\n    <tr><td>Latest_Annual_Foot_Count</td><td>0</td></tr>\n    <tr><td>No_of_Shops</td><td>30</td></tr>\n    <tr><td>Main_Anchors</td><td>Pick n Pay Super</td></tr>\n    <tr><td>Parking_Total</td><td>670</td></tr>"},"_name":"Tableview Mall"}},{"type":"Feature","geometry":{"type":"Point","coordinates":[18.6217799868472,-34.050684005237,0]},"properties":{"name":"OK Bazaars - Mitchell's Plain","visibility":false,"description":{"@type":"html","value":"<br><br><br>\n    <table border=\"1\" padding=\"0\">\n    <tr><td>Shopping_Centre_Name</td><td>OK Bazaars - Mitchell's Plain</td></tr>\n    <tr><td>Street_Address</td><td>Town Centre</td></tr>\n    <tr><td>Street_Suburb</td><td>Mitchell's Plain</td></tr>\n    <tr><td>Street_City_or_Town</td><td>Mitchell's Plain</td></tr>\n    <tr><td>Street_Province_</td><td>Western Cape</td></tr>\n    <tr><td>Street_Country</td><td>South Africa</td></tr>\n    <tr><td>Core_Classification_ICSC</td><td>Neighbourhood Centre</td></tr>\n    <tr><td>Classification_MD</td><td>Neighbourhood Centre</td></tr>\n    <tr><td>Gross_Leasable_Floor_Area_in_sq</td><td>10428</td></tr>\n    <tr><td>Centre_Manager_Name</td><td>Carol Badenhorst</td></tr>\n    <tr><td>Centre_Manager_Telephone</td><td>+2721 530 4519</td></tr>\n    <tr><td>Centre_Manager_Mobile</td><td>+2782 412 7007</td></tr>\n    <tr><td>Centre_Manager_Email</td><td>cbadenhorst@oldmutualproperty.com</td></tr>\n    <tr><td>Shopping_Centre_Website</td><td></td></tr>\n    <tr><td>Type</td><td>Majors</td></tr>\n    <tr><td>Leasing_Company_Name</td><td>Old Mutual Property (Pty) Ltd</td></tr>\n    <tr><td>Leasing_Manager_Name</td><td>Rod Warner</td></tr>\n    <tr><td>Leasing_Manager_Telephone</td><td>+2721 530 5950</td></tr>\n    <tr><td>Leasing_Manager_Mobile</td><td>+2783 628 6290</td></tr>\n    <tr><td>Marketing_Company_Name</td><td></td></tr>\n    <tr><td>Owner</td><td>Old Mutual Life Assurance Company (SA) Ltd</td></tr>\n    <tr><td>Name_of_Holding_Company</td><td>Old Mutual</td></tr>\n    <tr><td>Name_of_Developer</td><td></td></tr>\n    <tr><td>Year_Developed</td><td>1995</td></tr>\n    <tr><td>Year_Last_Refurbished</td><td>0</td></tr>\n    <tr><td>No_of_Retail_Floors</td><td>1</td></tr>\n    <tr><td>Latest_Annual_Foot_Count</td><td>0</td></tr>\n    <tr><td>No_of_Shops</td><td>30</td></tr>\n    <tr><td>Main_Anchors</td><td>Shoprite, Jet, Legit</td></tr>\n    <tr><td>Parking_Total</td><td>0</td></tr>"},"_name":"OK Bazaars - Mitchell's Plain"}},{"type":"Feature","geometry":{"type":"Point","coordinates":[18.6954589843528,-33.855890996841,0]},"properties":{"name":"Langeberg Village Square","visibility":false,"description":{"@type":"html","value":"<br><br><br>\n    <table border=\"1\" padding=\"0\">\n    <tr><td>Shopping_Centre_Name</td><td>Langeberg Village Square</td></tr>\n    <tr><td>Street_Address</td><td>Cnr Okavango & Langerberg Road</td></tr>\n    <tr><td>Street_Suburb</td><td>Langeberg Ridge</td></tr>\n    <tr><td>Street_City_or_Town</td><td>Kraaifontein</td></tr>\n    <tr><td>Street_Province_</td><td>Western Cape</td></tr>\n    <tr><td>Street_Country</td><td>South Africa</td></tr>\n    <tr><td>Core_Classification_ICSC</td><td>Neighbourhood Centre</td></tr>\n    <tr><td>Classification_MD</td><td>Neighbourhood Centre</td></tr>\n    <tr><td>Gross_Leasable_Floor_Area_in_sq</td><td>10500</td></tr>\n    <tr><td>Centre_Manager_Name</td><td></td></tr>\n    <tr><td>Centre_Manager_Telephone</td><td></td></tr>\n    <tr><td>Centre_Manager_Mobile</td><td></td></tr>\n    <tr><td>Centre_Manager_Email</td><td>www.abland.co.za</td></tr>\n    <tr><td>Shopping_Centre_Website</td><td>www.abreal.co.za</td></tr>\n    <tr><td>Type</td><td>Majors</td></tr>\n    <tr><td>Leasing_Company_Name</td><td>Abreal (Pty) Ltd</td></tr>\n    <tr><td>Leasing_Manager_Name</td><td>Margi Bezuidenhout</td></tr>\n    <tr><td>Leasing_Manager_Telephone</td><td>+2721 934 2074</td></tr>\n    <tr><td>Leasing_Manager_Mobile</td><td>+2783 654 0845</td></tr>\n    <tr><td>Marketing_Company_Name</td><td></td></tr>\n    <tr><td>Owner</td><td>Abland (Pty) Ltd</td></tr>\n    <tr><td>Name_of_Holding_Company</td><td></td></tr>\n    <tr><td>Name_of_Developer</td><td>Abland (Pty) Ltd</td></tr>\n    <tr><td>Year_Developed</td><td>0</td></tr>\n    <tr><td>Year_Last_Refurbished</td><td>2015</td></tr>\n    <tr><td>No_of_Retail_Floors</td><td>1</td></tr>\n    <tr><td>Latest_Annual_Foot_Count</td><td>0</td></tr>\n    <tr><td>No_of_Shops</td><td>38</td></tr>\n    <tr><td>Main_Anchors</td><td>Checkers Hyper</td></tr>\n    <tr><td>Parking_Total</td><td>0</td></tr>"},"_name":"Langeberg Village Square"}},{"type":"Feature","geometry":{"type":"Point","coordinates":[18.6714419808748,-33.856638993155,0]},"properties":{"name":"Glengarry Village Shopping Centre","visibility":false,"description":{"@type":"html","value":"<br><br><br>\n    <table border=\"1\" padding=\"0\">\n    <tr><td>Shopping_Centre_Name</td><td>Glengarry Village Shopping Centre</td></tr>\n    <tr><td>Street_Address</td><td>Cnr De Bron & Fairtrees Roads</td></tr>\n    <tr><td>Street_Suburb</td><td>Vredekloof</td></tr>\n    <tr><td>Street_City_or_Town</td><td>Bellville</td></tr>\n    <tr><td>Street_Province_</td><td>Western Cape</td></tr>\n    <tr><td>Street_Country</td><td>South Africa</td></tr>\n    <tr><td>Core_Classification_ICSC</td><td>Neighbourhood Centre</td></tr>\n    <tr><td>Classification_MD</td><td>Neighbourhood Centre</td></tr>\n    <tr><td>Gross_Leasable_Floor_Area_in_sq</td><td>10548</td></tr>\n    <tr><td>Centre_Manager_Name</td><td>Anneke Moolman</td></tr>\n    <tr><td>Centre_Manager_Telephone</td><td>+2721 981 6449</td></tr>\n    <tr><td>Centre_Manager_Mobile</td><td>+2782 204 3100</td></tr>\n    <tr><td>Centre_Manager_Email</td><td>AMoolman@broll.co.za</td></tr>\n    <tr><td>Shopping_Centre_Website</td><td>www.glengarryshoppingcentre.co.za</td></tr>\n    <tr><td>Type</td><td>Majors</td></tr>\n    <tr><td>Leasing_Company_Name</td><td>Broll Property Group (Pty) Ltd</td></tr>\n    <tr><td>Leasing_Manager_Name</td><td>Anneke Moolman</td></tr>\n    <tr><td>Leasing_Manager_Telephone</td><td>+2721 981 6449</td></tr>\n    <tr><td>Leasing_Manager_Mobile</td><td>+2782 204 3100</td></tr>\n    <tr><td>Marketing_Company_Name</td><td></td></tr>\n    <tr><td>Owner</td><td>Everglen Shopping Centre (Pty) Ltd & Fairbron Property Investment (Pty) Ltd</td></tr>\n    <tr><td>Name_of_Holding_Company</td><td>Everglen Shopping Centre (Pty) Ltd & Fairbron Property Investment (Pty) Ltd</td></tr>\n    <tr><td>Name_of_Developer</td><td>Retail Africa</td></tr>\n    <tr><td>Year_Developed</td><td>2008</td></tr>\n    <tr><td>Year_Last_Refurbished</td><td>0</td></tr>\n    <tr><td>No_of_Retail_Floors</td><td>1</td></tr>\n    <tr><td>Latest_Annual_Foot_Count</td><td>0</td></tr>\n    <tr><td>No_of_Shops</td><td>40</td></tr>\n    <tr><td>Main_Anchors</td><td>Pick n Pay, Woolworths Foods</td></tr>\n    <tr><td>Parking_Total</td><td>521</td></tr>"},"_name":"Glengarry Village Shopping Centre"}},{"type":"Feature","geometry":{"type":"Point","coordinates":[18.8602730012416,-33.932877002664,0]},"properties":{"name":"Andringa Walk","visibility":false,"description":{"@type":"html","value":"<br><br><br>\n    <table border=\"1\" padding=\"0\">\n    <tr><td>Shopping_Centre_Name</td><td>Andringa Walk</td></tr>\n    <tr><td>Street_Address</td><td>Andringa Street</td></tr>\n    <tr><td>Street_Suburb</td><td>Central</td></tr>\n    <tr><td>Street_City_or_Town</td><td>Stellenbosch</td></tr>\n    <tr><td>Street_Province_</td><td>Western Cape</td></tr>\n    <tr><td>Street_Country</td><td>South Africa</td></tr>\n    <tr><td>Core_Classification_ICSC</td><td>Neighbourhood Centre</td></tr>\n    <tr><td>Classification_MD</td><td>Neighbourhood Centre</td></tr>\n    <tr><td>Gross_Leasable_Floor_Area_in_sq</td><td>10602</td></tr>\n    <tr><td>Centre_Manager_Name</td><td>Karin Retief</td></tr>\n    <tr><td>Centre_Manager_Telephone</td><td>+2721 886 6267</td></tr>\n    <tr><td>Centre_Manager_Mobile</td><td></td></tr>\n    <tr><td>Centre_Manager_Email</td><td>karin@eikestadmall.co.za</td></tr>\n    <tr><td>Shopping_Centre_Website</td><td>www.eikestadmall.co.za</td></tr>\n    <tr><td>Type</td><td>Majors</td></tr>\n    <tr><td>Leasing_Company_Name</td><td>Attacq Retail Management (Pty) Ltd</td></tr>\n    <tr><td>Leasing_Manager_Name</td><td>Karin Retief</td></tr>\n    <tr><td>Leasing_Manager_Telephone</td><td>+2721 886 6267</td></tr>\n    <tr><td>Leasing_Manager_Mobile</td><td></td></tr>\n    <tr><td>Marketing_Company_Name</td><td>Mustard Seed</td></tr>\n    <tr><td>Owner</td><td>Attacq Retail Fund (Pty) Ltd</td></tr>\n    <tr><td>Name_of_Holding_Company</td><td>Attacq Retail Fund (Pty) Ltd</td></tr>\n    <tr><td>Name_of_Developer</td><td>Abacus / Atterbury</td></tr>\n    <tr><td>Year_Developed</td><td>1990</td></tr>\n    <tr><td>Year_Last_Refurbished</td><td>2012</td></tr>\n    <tr><td>No_of_Retail_Floors</td><td>1</td></tr>\n    <tr><td>Latest_Annual_Foot_Count</td><td>0</td></tr>\n    <tr><td>No_of_Shops</td><td>20</td></tr>\n    <tr><td>Main_Anchors</td><td>Game, Fruit and Veg</td></tr>\n    <tr><td>Parking_Total</td><td>0</td></tr>"},"_name":"Andringa Walk"}},{"type":"Feature","geometry":{"type":"Point","coordinates":[18.422299984288,-33.923000012731,0]},"properties":{"name":"Grand Parade Centre","visibility":false,"description":{"@type":"html","value":"<br><br><br>\n    <table border=\"1\" padding=\"0\">\n    <tr><td>Shopping_Centre_Name</td><td>Grand Parade Centre</td></tr>\n    <tr><td>Street_Address</td><td>Adderley Street</td></tr>\n    <tr><td>Street_Suburb</td><td>Central</td></tr>\n    <tr><td>Street_City_or_Town</td><td>Cape Town</td></tr>\n    <tr><td>Street_Province_</td><td>Western Cape</td></tr>\n    <tr><td>Street_Country</td><td>South Africa</td></tr>\n    <tr><td>Core_Classification_ICSC</td><td>Neighbourhood Centre</td></tr>\n    <tr><td>Classification_MD</td><td>CBD/Town Centre</td></tr>\n    <tr><td>Gross_Leasable_Floor_Area_in_sq</td><td>10624</td></tr>\n    <tr><td>Centre_Manager_Name</td><td>Renée English</td></tr>\n    <tr><td>Centre_Manager_Telephone</td><td>+2721 425 7147</td></tr>\n    <tr><td>Centre_Manager_Mobile</td><td></td></tr>\n    <tr><td>Centre_Manager_Email</td><td>renglish@growthpoint.co.za</td></tr>\n    <tr><td>Shopping_Centre_Website</td><td></td></tr>\n    <tr><td>Type</td><td>Majors</td></tr>\n    <tr><td>Leasing_Company_Name</td><td>Growthpoint Management Services (Pty) Ltd</td></tr>\n    <tr><td>Leasing_Manager_Name</td><td>Renée English</td></tr>\n    <tr><td>Leasing_Manager_Telephone</td><td>+2721 425 7147</td></tr>\n    <tr><td>Leasing_Manager_Mobile</td><td></td></tr>\n    <tr><td>Marketing_Company_Name</td><td>Mustard Seed Relationships Marketing cc</td></tr>\n    <tr><td>Owner</td><td>Paramount Property Fund Ltd</td></tr>\n    <tr><td>Name_of_Holding_Company</td><td>Growthpoint Properties Ltd</td></tr>\n    <tr><td>Name_of_Developer</td><td>John Bielich</td></tr>\n    <tr><td>Year_Developed</td><td>1948</td></tr>\n    <tr><td>Year_Last_Refurbished</td><td>2009</td></tr>\n    <tr><td>No_of_Retail_Floors</td><td>2</td></tr>\n    <tr><td>Latest_Annual_Foot_Count</td><td>0</td></tr>\n    <tr><td>No_of_Shops</td><td>26</td></tr>\n    <tr><td>Main_Anchors</td><td>Shoprite</td></tr>\n    <tr><td>Parking_Total</td><td>0</td></tr>"},"_name":"Grand Parade Centre"}},{"type":"Feature","geometry":{"type":"Point","coordinates":[18.6469500026254,-33.831960000914,0]},"properties":{"name":"De Ville Centre","visibility":false,"description":{"@type":"html","value":"<br><br><br>\n    <table border=\"1\" padding=\"0\">\n    <tr><td>Shopping_Centre_Name</td><td>De Ville Centre</td></tr>\n    <tr><td>Street_Address</td><td>Cnr Wellington and Main Roads</td></tr>\n    <tr><td>Street_Suburb</td><td>Central</td></tr>\n    <tr><td>Street_City_or_Town</td><td>Durbanville</td></tr>\n    <tr><td>Street_Province_</td><td>Western Cape</td></tr>\n    <tr><td>Street_Country</td><td>South Africa</td></tr>\n    <tr><td>Core_Classification_ICSC</td><td>Neighbourhood Centre</td></tr>\n    <tr><td>Classification_MD</td><td>Neighbourhood Centre</td></tr>\n    <tr><td>Gross_Leasable_Floor_Area_in_sq</td><td>10784</td></tr>\n    <tr><td>Centre_Manager_Name</td><td>Emile Plaatjies</td></tr>\n    <tr><td>Centre_Manager_Telephone</td><td>+2721 685 4020</td></tr>\n    <tr><td>Centre_Manager_Mobile</td><td></td></tr>\n    <tr><td>Centre_Manager_Email</td><td>emilep@towerpropertyfund.co.za</td></tr>\n    <tr><td>Shopping_Centre_Website</td><td>www.devillecentre.co.za</td></tr>\n    <tr><td>Type</td><td></td></tr>\n    <tr><td>Leasing_Company_Name</td><td>Spire Property Management (Pty) Ltd</td></tr>\n    <tr><td>Leasing_Manager_Name</td><td>St John Gardener</td></tr>\n    <tr><td>Leasing_Manager_Telephone</td><td>+2721 659 5992</td></tr>\n    <tr><td>Leasing_Manager_Mobile</td><td></td></tr>\n    <tr><td>Marketing_Company_Name</td><td>Word4Word Marketing (Pty) Ltd</td></tr>\n    <tr><td>Owner</td><td>Privately Owned</td></tr>\n    <tr><td>Name_of_Holding_Company</td><td></td></tr>\n    <tr><td>Name_of_Developer</td><td>Atterbury Property Holdings</td></tr>\n    <tr><td>Year_Developed</td><td>1994</td></tr>\n    <tr><td>Year_Last_Refurbished</td><td>2010</td></tr>\n    <tr><td>No_of_Retail_Floors</td><td>1</td></tr>\n    <tr><td>Latest_Annual_Foot_Count</td><td>0</td></tr>\n    <tr><td>No_of_Shops</td><td>29</td></tr>\n    <tr><td>Main_Anchors</td><td>Pick n Pay, Virgin Active, Clicks Pharmacy</td></tr>\n    <tr><td>Parking_Total</td><td>515</td></tr>"},"_name":"De Ville Centre"}},{"type":"Feature","geometry":{"type":"Point","coordinates":[18.5728530062488,-33.865529010482,0]},"properties":{"name":"Plattekloof Village Shopping Centre","visibility":false,"description":{"@type":"html","value":"<br><br><br>\n    <table border=\"1\" padding=\"0\">\n    <tr><td>Shopping_Centre_Name</td><td>Plattekloof Village Shopping Centre</td></tr>\n    <tr><td>Street_Address</td><td>Cnr Plattekloof Roads & Baronetcy Boulevard</td></tr>\n    <tr><td>Street_Suburb</td><td>Plattekloof</td></tr>\n    <tr><td>Street_City_or_Town</td><td>Parow</td></tr>\n    <tr><td>Street_Province_</td><td>Western Cape</td></tr>\n    <tr><td>Street_Country</td><td>South Africa</td></tr>\n    <tr><td>Core_Classification_ICSC</td><td>Neighbourhood Centre</td></tr>\n    <tr><td>Classification_MD</td><td>Neighbourhood Centre</td></tr>\n    <tr><td>Gross_Leasable_Floor_Area_in_sq</td><td>10993</td></tr>\n    <tr><td>Centre_Manager_Name</td><td>Paul de Groot</td></tr>\n    <tr><td>Centre_Manager_Telephone</td><td>+2721 685 4020</td></tr>\n    <tr><td>Centre_Manager_Mobile</td><td></td></tr>\n    <tr><td>Centre_Manager_Email</td><td>paul@spire.co.za</td></tr>\n    <tr><td>Shopping_Centre_Website</td><td>www.spire.co.za</td></tr>\n    <tr><td>Type</td><td>Majors</td></tr>\n    <tr><td>Leasing_Company_Name</td><td>Spire Property Management (Pty) Ltd</td></tr>\n    <tr><td>Leasing_Manager_Name</td><td>Joanne Boswell</td></tr>\n    <tr><td>Leasing_Manager_Telephone</td><td>+2721 685 4020</td></tr>\n    <tr><td>Leasing_Manager_Mobile</td><td></td></tr>\n    <tr><td>Marketing_Company_Name</td><td>Spire Property Management (Pty) Ltd</td></tr>\n    <tr><td>Owner</td><td>Pick 'n Pay Retailers (Pty) Ltd</td></tr>\n    <tr><td>Name_of_Holding_Company</td><td></td></tr>\n    <tr><td>Name_of_Developer</td><td>Retail Africa (Pty) Ltd</td></tr>\n    <tr><td>Year_Developed</td><td>2006</td></tr>\n    <tr><td>Year_Last_Refurbished</td><td>2009</td></tr>\n    <tr><td>No_of_Retail_Floors</td><td>1</td></tr>\n    <tr><td>Latest_Annual_Foot_Count</td><td>0</td></tr>\n    <tr><td>No_of_Shops</td><td>36</td></tr>\n    <tr><td>Main_Anchors</td><td>Pick n Pay</td></tr>\n    <tr><td>Parking_Total</td><td>671</td></tr>"},"_name":"Plattekloof Village Shopping Centre"}},{"type":"Feature","geometry":{"type":"Point","coordinates":[18.8225930066494,-34.070623997808,0]},"properties":{"name":"Waterstone Village","visibility":false,"description":{"@type":"html","value":"<br><br><br>\n    <table border=\"1\" padding=\"0\">\n    <tr><td>Shopping_Centre_Name</td><td>Waterstone Village</td></tr>\n    <tr><td>Street_Address</td><td>Cnr R44 & Main Road</td></tr>\n    <tr><td>Street_Suburb</td><td></td></tr>\n    <tr><td>Street_City_or_Town</td><td>Somerset West</td></tr>\n    <tr><td>Street_Province_</td><td>Western Cape</td></tr>\n    <tr><td>Street_Country</td><td>South Africa</td></tr>\n    <tr><td>Core_Classification_ICSC</td><td>Neighbourhood Centre</td></tr>\n    <tr><td>Classification_MD</td><td>Neighbourhood Centre</td></tr>\n    <tr><td>Gross_Leasable_Floor_Area_in_sq</td><td>12000</td></tr>\n    <tr><td>Centre_Manager_Name</td><td>Daphne Kriel</td></tr>\n    <tr><td>Centre_Manager_Telephone</td><td>+2721 851 8333</td></tr>\n    <tr><td>Centre_Manager_Mobile</td><td>+2782 869 8780</td></tr>\n    <tr><td>Centre_Manager_Email</td><td>daphne@wsv.co.za</td></tr>\n    <tr><td>Shopping_Centre_Website</td><td>www.waterstonevillage.co.za</td></tr>\n    <tr><td>Type</td><td></td></tr>\n    <tr><td>Leasing_Company_Name</td><td>Abacus Asset Management (Pty) Ltd</td></tr>\n    <tr><td>Leasing_Manager_Name</td><td>Eradus van Antwerpen/Riaan Louw</td></tr>\n    <tr><td>Leasing_Manager_Telephone</td><td>+2721 886 5262</td></tr>\n    <tr><td>Leasing_Manager_Mobile</td><td>+2738 251 6104 / +2783 456 2494</td></tr>\n    <tr><td>Marketing_Company_Name</td><td></td></tr>\n    <tr><td>Owner</td><td>Oakdale Trust</td></tr>\n    <tr><td>Name_of_Holding_Company</td><td>Oakdale Trust</td></tr>\n    <tr><td>Name_of_Developer</td><td>Abacus Asset Management (Pty) Ltd</td></tr>\n    <tr><td>Year_Developed</td><td>2005</td></tr>\n    <tr><td>Year_Last_Refurbished</td><td>2014</td></tr>\n    <tr><td>No_of_Retail_Floors</td><td>1</td></tr>\n    <tr><td>Latest_Annual_Foot_Count</td><td>0</td></tr>\n    <tr><td>No_of_Shops</td><td>42</td></tr>\n    <tr><td>Main_Anchors</td><td>Pick n Pay, Woolworths, Clicks, Virgin Active</td></tr>\n    <tr><td>Parking_Total</td><td>852</td></tr>"},"_name":"Waterstone Village"}},{"type":"Feature","geometry":{"type":"Point","coordinates":[18.6456139866508,-33.952761000681,0]},"properties":{"name":"Airport Shopping Centre","visibility":false,"description":{"@type":"html","value":"<br><br><br>\n    <table border=\"1\" padding=\"0\">\n    <tr><td>Shopping_Centre_Name</td><td>Airport Shopping Centre</td></tr>\n    <tr><td>Street_Address</td><td>Cnr Belhar Drive & Stellenbosch Arterial</td></tr>\n    <tr><td>Street_Suburb</td><td>Belhar</td></tr>\n    <tr><td>Street_City_or_Town</td><td>Bellville</td></tr>\n    <tr><td>Street_Province_</td><td>Western Cape</td></tr>\n    <tr><td>Street_Country</td><td>South Africa</td></tr>\n    <tr><td>Core_Classification_ICSC</td><td>Community Centre</td></tr>\n    <tr><td>Classification_MD</td><td>Neighbourhood Centre</td></tr>\n    <tr><td>Gross_Leasable_Floor_Area_in_sq</td><td>12149</td></tr>\n    <tr><td>Centre_Manager_Name</td><td>Pieter de Jager</td></tr>\n    <tr><td>Centre_Manager_Telephone</td><td>+2721 930 8570</td></tr>\n    <tr><td>Centre_Manager_Mobile</td><td></td></tr>\n    <tr><td>Centre_Manager_Email</td><td>pieter@georgiou.co.za</td></tr>\n    <tr><td>Shopping_Centre_Website</td><td></td></tr>\n    <tr><td>Type</td><td></td></tr>\n    <tr><td>Leasing_Company_Name</td><td>Evolution Trust</td></tr>\n    <tr><td>Leasing_Manager_Name</td><td>Pieter de Jager</td></tr>\n    <tr><td>Leasing_Manager_Telephone</td><td>+2721 930 8570</td></tr>\n    <tr><td>Leasing_Manager_Mobile</td><td></td></tr>\n    <tr><td>Marketing_Company_Name</td><td>Evolution Trust</td></tr>\n    <tr><td>Owner</td><td>Growealth Properties</td></tr>\n    <tr><td>Name_of_Holding_Company</td><td>Growealth Properties</td></tr>\n    <tr><td>Name_of_Developer</td><td>Nova Build</td></tr>\n    <tr><td>Year_Developed</td><td>2007</td></tr>\n    <tr><td>Year_Last_Refurbished</td><td>0</td></tr>\n    <tr><td>No_of_Retail_Floors</td><td>1</td></tr>\n    <tr><td>Latest_Annual_Foot_Count</td><td>0</td></tr>\n    <tr><td>No_of_Shops</td><td>70</td></tr>\n    <tr><td>Main_Anchors</td><td>Shoprite, Pepkor, ABSA, Nedbank</td></tr>\n    <tr><td>Parking_Total</td><td>365</td></tr>"},"_name":"Airport Shopping Centre"}},{"type":"Feature","geometry":{"type":"Point","coordinates":[18.495591010762,-33.801560993821,0]},"properties":{"name":"The Emporium","visibility":false,"description":{"@type":"html","value":"<br><br><br>\n    <table border=\"1\" padding=\"0\">\n    <tr><td>Shopping_Centre_Name</td><td>The Emporium</td></tr>\n    <tr><td>Street_Address</td><td>Sandown Road</td></tr>\n    <tr><td>Street_Suburb</td><td>Parklands</td></tr>\n    <tr><td>Street_City_or_Town</td><td>Cape Town</td></tr>\n    <tr><td>Street_Province_</td><td>Western Cape</td></tr>\n    <tr><td>Street_Country</td><td>South Africa</td></tr>\n    <tr><td>Core_Classification_ICSC</td><td>Lifestyle Centre</td></tr>\n    <tr><td>Classification_MD</td><td>Lifestyle centre</td></tr>\n    <tr><td>Gross_Leasable_Floor_Area_in_sq</td><td>12243</td></tr>\n    <tr><td>Centre_Manager_Name</td><td></td></tr>\n    <tr><td>Centre_Manager_Telephone</td><td></td></tr>\n    <tr><td>Centre_Manager_Mobile</td><td></td></tr>\n    <tr><td>Centre_Manager_Email</td><td></td></tr>\n    <tr><td>Shopping_Centre_Website</td><td></td></tr>\n    <tr><td>Type</td><td>Majors</td></tr>\n    <tr><td>Leasing_Company_Name</td><td>Hermans & Roman Property Solutions (Pty) Ltd</td></tr>\n    <tr><td>Leasing_Manager_Name</td><td>Susarah Wileman</td></tr>\n    <tr><td>Leasing_Manager_Telephone</td><td>+2721 910 6100</td></tr>\n    <tr><td>Leasing_Manager_Mobile</td><td>+2784 415 2664</td></tr>\n    <tr><td>Marketing_Company_Name</td><td></td></tr>\n    <tr><td>Owner</td><td>Subcolex (Pty) Ltd</td></tr>\n    <tr><td>Name_of_Holding_Company</td><td></td></tr>\n    <tr><td>Name_of_Developer</td><td></td></tr>\n    <tr><td>Year_Developed</td><td>2011</td></tr>\n    <tr><td>Year_Last_Refurbished</td><td>0</td></tr>\n    <tr><td>No_of_Retail_Floors</td><td>1</td></tr>\n    <tr><td>Latest_Annual_Foot_Count</td><td>0</td></tr>\n    <tr><td>No_of_Shops</td><td>30</td></tr>\n    <tr><td>Main_Anchors</td><td>Food Lover's Market, Virgin Active</td></tr>\n    <tr><td>Parking_Total</td><td>0</td></tr>"},"_name":"The Emporium"}},{"type":"Feature","geometry":{"type":"Point","coordinates":[18.3571999931794,-34.042800008593,0]},"properties":{"name":"Mainstream Shopping Centre","visibility":false,"description":{"@type":"html","value":"<br><br><br>\n    <table border=\"1\" padding=\"0\">\n    <tr><td>Shopping_Centre_Name</td><td>Mainstream Shopping Centre</td></tr>\n    <tr><td>Street_Address</td><td>Cnr Main & Princess Roads</td></tr>\n    <tr><td>Street_Suburb</td><td>Hout Bay</td></tr>\n    <tr><td>Street_City_or_Town</td><td>Cape Town</td></tr>\n    <tr><td>Street_Province_</td><td>Western Cape</td></tr>\n    <tr><td>Street_Country</td><td>South Africa</td></tr>\n    <tr><td>Core_Classification_ICSC</td><td>Community Centre</td></tr>\n    <tr><td>Classification_MD</td><td>Neighbourhood Centre</td></tr>\n    <tr><td>Gross_Leasable_Floor_Area_in_sq</td><td>12500</td></tr>\n    <tr><td>Centre_Manager_Name</td><td>Kerry Redelinghuys</td></tr>\n    <tr><td>Centre_Manager_Telephone</td><td>+2721 790 2345</td></tr>\n    <tr><td>Centre_Manager_Mobile</td><td></td></tr>\n    <tr><td>Centre_Manager_Email</td><td>pro@capecoast.co.za</td></tr>\n    <tr><td>Shopping_Centre_Website</td><td>www.mainstreammall.co.za</td></tr>\n    <tr><td>Type</td><td></td></tr>\n    <tr><td>Leasing_Company_Name</td><td>Cape Coast Properties (Pty) Ltd</td></tr>\n    <tr><td>Leasing_Manager_Name</td><td>Bernice Muller</td></tr>\n    <tr><td>Leasing_Manager_Telephone</td><td>+2721 790 2345</td></tr>\n    <tr><td>Leasing_Manager_Mobile</td><td></td></tr>\n    <tr><td>Marketing_Company_Name</td><td>Cape Coast Properties (Pty) Ltd</td></tr>\n    <tr><td>Owner</td><td>Cape Coast Properties (Pty) Ltd</td></tr>\n    <tr><td>Name_of_Holding_Company</td><td>Cape Coast Group of Companies</td></tr>\n    <tr><td>Name_of_Developer</td><td>Cape Coast Properties (Pty) Ltd</td></tr>\n    <tr><td>Year_Developed</td><td>1994</td></tr>\n    <tr><td>Year_Last_Refurbished</td><td>2014</td></tr>\n    <tr><td>No_of_Retail_Floors</td><td>1</td></tr>\n    <tr><td>Latest_Annual_Foot_Count</td><td>0</td></tr>\n    <tr><td>No_of_Shops</td><td>60</td></tr>\n    <tr><td>Main_Anchors</td><td>Woolworths, CNA, Clicks, (Pick n Pay - New wing), Pick n Pay Clothing, Vodacom, Flight Centre, Nedbank, Picardi, Barksole, NAP, Seeff, Cluttons, ABSA, Cell C</td></tr>\n    <tr><td>Parking_Total</td><td>500</td></tr>"},"_name":"Mainstream Shopping Centre"}},{"type":"Feature","geometry":{"type":"Point","coordinates":[18.6019419995176,-33.998282012558,0]},"properties":{"name":"Philippi Plaza","visibility":false,"description":{"@type":"html","value":"<br><br><br>\n    <table border=\"1\" padding=\"0\">\n    <tr><td>Shopping_Centre_Name</td><td>Philippi Plaza</td></tr>\n    <tr><td>Street_Address</td><td>Japhta K Masemola road</td></tr>\n    <tr><td>Street_Suburb</td><td>Phillipi</td></tr>\n    <tr><td>Street_City_or_Town</td><td>Cape Town</td></tr>\n    <tr><td>Street_Province_</td><td>Western Cape</td></tr>\n    <tr><td>Street_Country</td><td>South Africa</td></tr>\n    <tr><td>Core_Classification_ICSC</td><td>Community Centre</td></tr>\n    <tr><td>Classification_MD</td><td>Neighbourhood Centre</td></tr>\n    <tr><td>Gross_Leasable_Floor_Area_in_sq</td><td>12500</td></tr>\n    <tr><td>Centre_Manager_Name</td><td>Eugene Clark</td></tr>\n    <tr><td>Centre_Manager_Telephone</td><td>+2721 702 4334</td></tr>\n    <tr><td>Centre_Manager_Mobile</td><td>+2782 800 0290</td></tr>\n    <tr><td>Centre_Manager_Email</td><td>int-land@iafrica.com</td></tr>\n    <tr><td>Shopping_Centre_Website</td><td></td></tr>\n    <tr><td>Type</td><td></td></tr>\n    <tr><td>Leasing_Company_Name</td><td>Centre Management</td></tr>\n    <tr><td>Leasing_Manager_Name</td><td>Lyle Wilkens</td></tr>\n    <tr><td>Leasing_Manager_Telephone</td><td>+2721 690 0222</td></tr>\n    <tr><td>Leasing_Manager_Mobile</td><td></td></tr>\n    <tr><td>Marketing_Company_Name</td><td></td></tr>\n    <tr><td>Owner</td><td>Individually Owned</td></tr>\n    <tr><td>Name_of_Holding_Company</td><td></td></tr>\n    <tr><td>Name_of_Developer</td><td>Silver Bird Investments</td></tr>\n    <tr><td>Year_Developed</td><td>2013</td></tr>\n    <tr><td>Year_Last_Refurbished</td><td>0</td></tr>\n    <tr><td>No_of_Retail_Floors</td><td>1</td></tr>\n    <tr><td>Latest_Annual_Foot_Count</td><td>0</td></tr>\n    <tr><td>No_of_Shops</td><td>38</td></tr>\n    <tr><td>Main_Anchors</td><td>Spar</td></tr>\n    <tr><td>Parking_Total</td><td>0</td></tr>"},"_name":"Philippi Plaza"}},{"type":"Feature","geometry":{"type":"Point","coordinates":[18.8253999815206,-34.085200009964,0]},"properties":{"name":"Somerset West Retail Node: 2. Somerset Value Mart","visibility":false,"description":{"@type":"html","value":"<br><br><br>\n    <table border=\"1\" padding=\"0\">\n    <tr><td>Shopping_Centre_Name</td><td>Somerset West Retail Node: 2. Somerset Value Mart</td></tr>\n    <tr><td>Street_Address</td><td>Cnr N2 Highway, Route R44 @ The Triangle</td></tr>\n    <tr><td>Street_Suburb</td><td>Somerset Mall Precinct</td></tr>\n    <tr><td>Street_City_or_Town</td><td>Somerset West</td></tr>\n    <tr><td>Street_Province_</td><td>Western Cape</td></tr>\n    <tr><td>Street_Country</td><td>South Africa</td></tr>\n    <tr><td>Core_Classification_ICSC</td><td>Community Centre</td></tr>\n    <tr><td>Classification_MD</td><td>Part of Super Regional Node</td></tr>\n    <tr><td>Gross_Leasable_Floor_Area_in_sq</td><td>12583</td></tr>\n    <tr><td>Centre_Manager_Name</td><td>Mandy Bellamy</td></tr>\n    <tr><td>Centre_Manager_Telephone</td><td> +2721 852 7114</td></tr>\n    <tr><td>Centre_Manager_Mobile</td><td>+2782 444 2977</td></tr>\n    <tr><td>Centre_Manager_Email</td><td>mandy@somersetmall.co.za</td></tr>\n    <tr><td>Shopping_Centre_Website</td><td>www.somersetvaluemart.co.za</td></tr>\n    <tr><td>Type</td><td>Majors</td></tr>\n    <tr><td>Leasing_Company_Name</td><td>Hyprop Investments Ltd</td></tr>\n    <tr><td>Leasing_Manager_Name</td><td>Nolene Hancke</td></tr>\n    <tr><td>Leasing_Manager_Telephone</td><td> +2721 852 7114</td></tr>\n    <tr><td>Leasing_Manager_Mobile</td><td>+2784 954 6364</td></tr>\n    <tr><td>Marketing_Company_Name</td><td>Hyprop in-house</td></tr>\n    <tr><td>Owner</td><td>Hyprop Investments Ltd</td></tr>\n    <tr><td>Name_of_Holding_Company</td><td>Hyprop Invenstments Ltd</td></tr>\n    <tr><td>Name_of_Developer</td><td>Attfund Ltd</td></tr>\n    <tr><td>Year_Developed</td><td>2002</td></tr>\n    <tr><td>Year_Last_Refurbished</td><td>0</td></tr>\n    <tr><td>No_of_Retail_Floors</td><td>1</td></tr>\n    <tr><td>Latest_Annual_Foot_Count</td><td>0</td></tr>\n    <tr><td>No_of_Shops</td><td>15</td></tr>\n    <tr><td>Main_Anchors</td><td>Hi-Fi Corporation, Toys R Us, Sportsmans Warehouse, Fruit & Veg City,  Baby Boom, Tekkie Town</td></tr>\n    <tr><td>Parking_Total</td><td>700</td></tr>"},"_name":"Somerset West Retail Node: 2. Somerset Value Mart"}},{"type":"Feature","geometry":{"type":"Point","coordinates":[18.4653000124024,-33.977600007225,0]},"properties":{"name":"Montclare Place","visibility":false,"description":{"@type":"html","value":"<br><br><br>\n    <table border=\"1\" padding=\"0\">\n    <tr><td>Shopping_Centre_Name</td><td>Montclare Place</td></tr>\n    <tr><td>Street_Address</td><td>Cnr Campground & Main Roads</td></tr>\n    <tr><td>Street_Suburb</td><td>Claremont</td></tr>\n    <tr><td>Street_City_or_Town</td><td>Cape Town</td></tr>\n    <tr><td>Street_Province_</td><td>Western Cape</td></tr>\n    <tr><td>Street_Country</td><td>South Africa</td></tr>\n    <tr><td>Core_Classification_ICSC</td><td>Community Centre</td></tr>\n    <tr><td>Classification_MD</td><td>Neighbourhood Centre</td></tr>\n    <tr><td>Gross_Leasable_Floor_Area_in_sq</td><td>12715</td></tr>\n    <tr><td>Centre_Manager_Name</td><td>Adrian Read</td></tr>\n    <tr><td>Centre_Manager_Telephone</td><td>+2721 673 8420</td></tr>\n    <tr><td>Centre_Manager_Mobile</td><td>+2784 888 1246</td></tr>\n    <tr><td>Centre_Manager_Email</td><td>aread@growthpoint.co.za</td></tr>\n    <tr><td>Shopping_Centre_Website</td><td>www.montclareplace.co.za</td></tr>\n    <tr><td>Type</td><td>Majors</td></tr>\n    <tr><td>Leasing_Company_Name</td><td>Growthpoint Management Services (Pty) Ltd</td></tr>\n    <tr><td>Leasing_Manager_Name</td><td>Adrian Read</td></tr>\n    <tr><td>Leasing_Manager_Telephone</td><td>+2721 673 8420</td></tr>\n    <tr><td>Leasing_Manager_Mobile</td><td>+2784 888 1246</td></tr>\n    <tr><td>Marketing_Company_Name</td><td>Mustard Seed Relationships Marketing cc</td></tr>\n    <tr><td>Owner</td><td>Paramount Property Fund Ltd</td></tr>\n    <tr><td>Name_of_Holding_Company</td><td>Growthpoint Properties Ltd</td></tr>\n    <tr><td>Name_of_Developer</td><td>Sanlam</td></tr>\n    <tr><td>Year_Developed</td><td>1980</td></tr>\n    <tr><td>Year_Last_Refurbished</td><td>2008</td></tr>\n    <tr><td>No_of_Retail_Floors</td><td>2</td></tr>\n    <tr><td>Latest_Annual_Foot_Count</td><td>1441877</td></tr>\n    <tr><td>No_of_Shops</td><td>11</td></tr>\n    <tr><td>Main_Anchors</td><td>Pick n Pay, Virgin Active</td></tr>\n    <tr><td>Parking_Total</td><td>525</td></tr>"},"_name":"Montclare Place"}},{"type":"Feature","geometry":{"type":"Point","coordinates":[18.6776639842342,-33.844074003333,0]},"properties":{"name":"Cobble Walk","visibility":false,"description":{"@type":"html","value":"<br><br><br>\n    <table border=\"1\" padding=\"0\">\n    <tr><td>Shopping_Centre_Name</td><td>Cobble Walk</td></tr>\n    <tr><td>Street_Address</td><td>Cnr de Villiers Road & Verdi Boulevard</td></tr>\n    <tr><td>Street_Suburb</td><td>Sonstraal Hoogte</td></tr>\n    <tr><td>Street_City_or_Town</td><td>Durbanville</td></tr>\n    <tr><td>Street_Province_</td><td>Western Cape</td></tr>\n    <tr><td>Street_Country</td><td>South Africa</td></tr>\n    <tr><td>Core_Classification_ICSC</td><td>Community Centre</td></tr>\n    <tr><td>Classification_MD</td><td>Neighbourhood Centre</td></tr>\n    <tr><td>Gross_Leasable_Floor_Area_in_sq</td><td>12732</td></tr>\n    <tr><td>Centre_Manager_Name</td><td>Andries Smal</td></tr>\n    <tr><td>Centre_Manager_Telephone</td><td>+2721 975 5521</td></tr>\n    <tr><td>Centre_Manager_Mobile</td><td></td></tr>\n    <tr><td>Centre_Manager_Email</td><td>management@cobblewalk.com; info@cobblewalk.com</td></tr>\n    <tr><td>Shopping_Centre_Website</td><td>www.cobblewalk.com</td></tr>\n    <tr><td>Type</td><td>2 to 3</td></tr>\n    <tr><td>Leasing_Company_Name</td><td>Global Asset Investment Network</td></tr>\n    <tr><td>Leasing_Manager_Name</td><td>Andre van der Merwe</td></tr>\n    <tr><td>Leasing_Manager_Telephone</td><td>+2721 402 8700</td></tr>\n    <tr><td>Leasing_Manager_Mobile</td><td>+2783 700 4366</td></tr>\n    <tr><td>Marketing_Company_Name</td><td></td></tr>\n    <tr><td>Owner</td><td>Dormell Properties 282 CC</td></tr>\n    <tr><td>Name_of_Holding_Company</td><td></td></tr>\n    <tr><td>Name_of_Developer</td><td>Gain</td></tr>\n    <tr><td>Year_Developed</td><td>2008</td></tr>\n    <tr><td>Year_Last_Refurbished</td><td>0</td></tr>\n    <tr><td>No_of_Retail_Floors</td><td>3</td></tr>\n    <tr><td>Latest_Annual_Foot_Count</td><td>0</td></tr>\n    <tr><td>No_of_Shops</td><td>62</td></tr>\n    <tr><td>Main_Anchors</td><td>Woolworths, Checkers, Clicks, Planet Fitness, Caltex</td></tr>\n    <tr><td>Parking_Total</td><td>0</td></tr>"},"_name":"Cobble Walk"}},{"type":"Feature","geometry":{"type":"Point","coordinates":[18.4641290077126,-33.979714004144,0]},"properties":{"name":"Cavendish Retail Node: 2. Cavendish Connect","visibility":false,"description":{"@type":"html","value":"<br><br><br>\n    <table border=\"1\" padding=\"0\">\n    <tr><td>Shopping_Centre_Name</td><td>Cavendish Retail Node: 2. Cavendish Connect</td></tr>\n    <tr><td>Street_Address</td><td>Dreyer Street</td></tr>\n    <tr><td>Street_Suburb</td><td>Claremont</td></tr>\n    <tr><td>Street_City_or_Town</td><td>Cape Town</td></tr>\n    <tr><td>Street_Province_</td><td>Western Cape</td></tr>\n    <tr><td>Street_Country</td><td>South Africa</td></tr>\n    <tr><td>Core_Classification_ICSC</td><td>Community Centre</td></tr>\n    <tr><td>Classification_MD</td><td>Part of Regional Node</td></tr>\n    <tr><td>Gross_Leasable_Floor_Area_in_sq</td><td>13033</td></tr>\n    <tr><td>Centre_Manager_Name</td><td>Brenda Bibby</td></tr>\n    <tr><td>Centre_Manager_Telephone</td><td>+2721 657 5600</td></tr>\n    <tr><td>Centre_Manager_Mobile</td><td>+2783 293 9693</td></tr>\n    <tr><td>Centre_Manager_Email</td><td>bbibby@oldmutualproperty.com</td></tr>\n    <tr><td>Shopping_Centre_Website</td><td>www.cavendish.co.za</td></tr>\n    <tr><td>Type</td><td>Majors</td></tr>\n    <tr><td>Leasing_Company_Name</td><td>Old Mutual Property (Pty) Ltd</td></tr>\n    <tr><td>Leasing_Manager_Name</td><td>Rod Warner</td></tr>\n    <tr><td>Leasing_Manager_Telephone</td><td>+2721 530 5950</td></tr>\n    <tr><td>Leasing_Manager_Mobile</td><td>+2783 628 6290</td></tr>\n    <tr><td>Marketing_Company_Name</td><td>Primedia Lifestyle (Pty) Ltd</td></tr>\n    <tr><td>Owner</td><td>Old Mutual Life Assurance Company (SA) Ltd</td></tr>\n    <tr><td>Name_of_Holding_Company</td><td>Old Mutual</td></tr>\n    <tr><td>Name_of_Developer</td><td>Old Mutual Life Assurance  Company (SA)</td></tr>\n    <tr><td>Year_Developed</td><td>1978</td></tr>\n    <tr><td>Year_Last_Refurbished</td><td>2007</td></tr>\n    <tr><td>No_of_Retail_Floors</td><td>2</td></tr>\n    <tr><td>Latest_Annual_Foot_Count</td><td>7000000</td></tr>\n    <tr><td>No_of_Shops</td><td>42</td></tr>\n    <tr><td>Main_Anchors</td><td>Edgars, Clicks, Musica Megastore, Spur</td></tr>\n    <tr><td>Parking_Total</td><td>0</td></tr>"},"_name":"Cavendish Retail Node: 2. Cavendish Connect"}},{"type":"Feature","geometry":{"type":"Point","coordinates":[18.4458459842878,-33.92678600756,0]},"properties":{"name":"Woodstock Exchange","visibility":false,"description":{"@type":"html","value":"<br><br><br>\n    <table border=\"1\" padding=\"0\">\n    <tr><td>Shopping_Centre_Name</td><td>Woodstock Exchange</td></tr>\n    <tr><td>Street_Address</td><td>Albert Road</td></tr>\n    <tr><td>Street_Suburb</td><td>Woodstock</td></tr>\n    <tr><td>Street_City_or_Town</td><td>Cape Town</td></tr>\n    <tr><td>Street_Province_</td><td>Western Cape</td></tr>\n    <tr><td>Street_Country</td><td>South Africa</td></tr>\n    <tr><td>Core_Classification_ICSC</td><td>Lifestyle Centre</td></tr>\n    <tr><td>Classification_MD</td><td>Specialty Centre</td></tr>\n    <tr><td>Gross_Leasable_Floor_Area_in_sq</td><td>13251</td></tr>\n    <tr><td>Centre_Manager_Name</td><td>Charmaine Truter</td></tr>\n    <tr><td>Centre_Manager_Telephone</td><td>+2721 550 7000</td></tr>\n    <tr><td>Centre_Manager_Mobile</td><td></td></tr>\n    <tr><td>Centre_Manager_Email</td><td>charmaine@rabie.co.za</td></tr>\n    <tr><td>Shopping_Centre_Website</td><td>www.thewoodstockexchange.co.za</td></tr>\n    <tr><td>Type</td><td>Majors</td></tr>\n    <tr><td>Leasing_Company_Name</td><td>Rabie Property Administrators (Pty) Ltd</td></tr>\n    <tr><td>Leasing_Manager_Name</td><td>Charmaine Truter</td></tr>\n    <tr><td>Leasing_Manager_Telephone</td><td>+2721 550 7000</td></tr>\n    <tr><td>Leasing_Manager_Mobile</td><td></td></tr>\n    <tr><td>Marketing_Company_Name</td><td></td></tr>\n    <tr><td>Owner</td><td>Indigo Properties</td></tr>\n    <tr><td>Name_of_Holding_Company</td><td></td></tr>\n    <tr><td>Name_of_Developer</td><td></td></tr>\n    <tr><td>Year_Developed</td><td>2011</td></tr>\n    <tr><td>Year_Last_Refurbished</td><td>0</td></tr>\n    <tr><td>No_of_Retail_Floors</td><td>1</td></tr>\n    <tr><td>Latest_Annual_Foot_Count</td><td>0</td></tr>\n    <tr><td>No_of_Shops</td><td>70</td></tr>\n    <tr><td>Main_Anchors</td><td>Independent Speciality Shops</td></tr>\n    <tr><td>Parking_Total</td><td>215</td></tr>"},"_name":"Woodstock Exchange"}},{"type":"Feature","geometry":{"type":"Point","coordinates":[18.5517459881248,-33.9113440003,0]},"properties":{"name":"Goodwood Mall","visibility":false,"description":{"@type":"html","value":"<br><br><br>\n    <table border=\"1\" padding=\"0\">\n    <tr><td>Shopping_Centre_Name</td><td>Goodwood Mall</td></tr>\n    <tr><td>Street_Address</td><td>Cnr MacDonald Street & Voortrekker Road</td></tr>\n    <tr><td>Street_Suburb</td><td></td></tr>\n    <tr><td>Street_City_or_Town</td><td>Goodwood</td></tr>\n    <tr><td>Street_Province_</td><td>Western Cape</td></tr>\n    <tr><td>Street_Country</td><td>South Africa</td></tr>\n    <tr><td>Core_Classification_ICSC</td><td>Community Centre</td></tr>\n    <tr><td>Classification_MD</td><td>Neighbourhood Centre</td></tr>\n    <tr><td>Gross_Leasable_Floor_Area_in_sq</td><td>13408</td></tr>\n    <tr><td>Centre_Manager_Name</td><td>Albert de Jager</td></tr>\n    <tr><td>Centre_Manager_Telephone</td><td>+2721 592 0081</td></tr>\n    <tr><td>Centre_Manager_Mobile</td><td></td></tr>\n    <tr><td>Centre_Manager_Email</td><td>albert@cenprop.co.za</td></tr>\n    <tr><td>Shopping_Centre_Website</td><td></td></tr>\n    <tr><td>Type</td><td>Majors</td></tr>\n    <tr><td>Leasing_Company_Name</td><td>Cenprop Real Estate (Pty) Ltd</td></tr>\n    <tr><td>Leasing_Manager_Name</td><td>Wayne Lochner</td></tr>\n    <tr><td>Leasing_Manager_Telephone</td><td>+2733 347 1200</td></tr>\n    <tr><td>Leasing_Manager_Mobile</td><td>+2782 903 6166</td></tr>\n    <tr><td>Marketing_Company_Name</td><td>Cenprop Real Estate (Pty) Ltd</td></tr>\n    <tr><td>Owner</td><td>St Tropez Property Group (Pty) Ltd</td></tr>\n    <tr><td>Name_of_Holding_Company</td><td></td></tr>\n    <tr><td>Name_of_Developer</td><td>Bankorp Property Services</td></tr>\n    <tr><td>Year_Developed</td><td>1980</td></tr>\n    <tr><td>Year_Last_Refurbished</td><td>2008</td></tr>\n    <tr><td>No_of_Retail_Floors</td><td>1</td></tr>\n    <tr><td>Latest_Annual_Foot_Count</td><td>0</td></tr>\n    <tr><td>No_of_Shops</td><td>35</td></tr>\n    <tr><td>Main_Anchors</td><td>Pick n Pay, Ackermans, Pep, ABSA</td></tr>\n    <tr><td>Parking_Total</td><td>324</td></tr>"},"_name":"Goodwood Mall"}},{"type":"Feature","geometry":{"type":"Point","coordinates":[18.4218549968326,-33.92082500448,0]},"properties":{"name":"Picbel Parkade","visibility":false,"description":{"@type":"html","value":"<br><br><br>\n    <table border=\"1\" padding=\"0\">\n    <tr><td>Shopping_Centre_Name</td><td>Picbel Parkade</td></tr>\n    <tr><td>Street_Address</td><td>Strand Street</td></tr>\n    <tr><td>Street_Suburb</td><td>Central</td></tr>\n    <tr><td>Street_City_or_Town</td><td>Cape Town</td></tr>\n    <tr><td>Street_Province_</td><td>Western Cape</td></tr>\n    <tr><td>Street_Country</td><td>South Africa</td></tr>\n    <tr><td>Core_Classification_ICSC</td><td>Community Centre</td></tr>\n    <tr><td>Classification_MD</td><td>CBD/Town Centre</td></tr>\n    <tr><td>Gross_Leasable_Floor_Area_in_sq</td><td>13778</td></tr>\n    <tr><td>Centre_Manager_Name</td><td>James Mason</td></tr>\n    <tr><td>Centre_Manager_Telephone</td><td>+2721 673 8454</td></tr>\n    <tr><td>Centre_Manager_Mobile</td><td>+2784 511 6041</td></tr>\n    <tr><td>Centre_Manager_Email</td><td>adilima@growthpoint.co.za</td></tr>\n    <tr><td>Shopping_Centre_Website</td><td></td></tr>\n    <tr><td>Type</td><td>Majors</td></tr>\n    <tr><td>Leasing_Company_Name</td><td>Growthpoint Management Services (Pty) Ltd</td></tr>\n    <tr><td>Leasing_Manager_Name</td><td>Amanda Dilima</td></tr>\n    <tr><td>Leasing_Manager_Telephone</td><td>+2721 674 8454</td></tr>\n    <tr><td>Leasing_Manager_Mobile</td><td>+2783 625 2488</td></tr>\n    <tr><td>Marketing_Company_Name</td><td>Mustard Seed Relationships Marketing cc</td></tr>\n    <tr><td>Owner</td><td>Growthpoint Properties Ltd</td></tr>\n    <tr><td>Name_of_Holding_Company</td><td>Growthpoint Properties Ltd</td></tr>\n    <tr><td>Name_of_Developer</td><td></td></tr>\n    <tr><td>Year_Developed</td><td>1970</td></tr>\n    <tr><td>Year_Last_Refurbished</td><td>2010</td></tr>\n    <tr><td>No_of_Retail_Floors</td><td>2</td></tr>\n    <tr><td>Latest_Annual_Foot_Count</td><td>0</td></tr>\n    <tr><td>No_of_Shops</td><td>26</td></tr>\n    <tr><td>Main_Anchors</td><td>Pick n Pay, Vodacom, Cell C, MTN, Bargain Books</td></tr>\n    <tr><td>Parking_Total</td><td>0</td></tr>"},"_name":"Picbel Parkade"}},{"type":"Feature","geometry":{"type":"Point","coordinates":[18.728385989359,-34.004801994405,0]},"properties":{"name":"Grand Central - Eerste River","visibility":false,"description":{"@type":"html","value":"<br><br><br>\n    <table border=\"1\" padding=\"0\">\n    <tr><td>Shopping_Centre_Name</td><td>Grand Central - Eerste River</td></tr>\n    <tr><td>Street_Address</td><td>Plain Street</td></tr>\n    <tr><td>Street_Suburb</td><td></td></tr>\n    <tr><td>Street_City_or_Town</td><td>Eersterivier</td></tr>\n    <tr><td>Street_Province_</td><td>Western Cape</td></tr>\n    <tr><td>Street_Country</td><td>South Africa</td></tr>\n    <tr><td>Core_Classification_ICSC</td><td>Neighbourhood Centre</td></tr>\n    <tr><td>Classification_MD</td><td>Neighbourhood Centre</td></tr>\n    <tr><td>Gross_Leasable_Floor_Area_in_sq</td><td>14000</td></tr>\n    <tr><td>Centre_Manager_Name</td><td>Wayne Lochner</td></tr>\n    <tr><td>Centre_Manager_Telephone</td><td>+2733 347 1200</td></tr>\n    <tr><td>Centre_Manager_Mobile</td><td></td></tr>\n    <tr><td>Centre_Manager_Email</td><td>wayne@cenprop.co.za</td></tr>\n    <tr><td>Shopping_Centre_Website</td><td></td></tr>\n    <tr><td>Type</td><td>Majors</td></tr>\n    <tr><td>Leasing_Company_Name</td><td>Cenprop Real Estate (Pty) Ltd</td></tr>\n    <tr><td>Leasing_Manager_Name</td><td>Wayne Lochner</td></tr>\n    <tr><td>Leasing_Manager_Telephone</td><td>+2733 347 1200</td></tr>\n    <tr><td>Leasing_Manager_Mobile</td><td>+2782 903 6166</td></tr>\n    <tr><td>Marketing_Company_Name</td><td>Cenprop Real Estate (Pty) Ltd</td></tr>\n    <tr><td>Owner</td><td>Lot 94 Dunkirk (Pty) Ltd</td></tr>\n    <tr><td>Name_of_Holding_Company</td><td></td></tr>\n    <tr><td>Name_of_Developer</td><td>Mr Saacks</td></tr>\n    <tr><td>Year_Developed</td><td>1998</td></tr>\n    <tr><td>Year_Last_Refurbished</td><td>0</td></tr>\n    <tr><td>No_of_Retail_Floors</td><td>1</td></tr>\n    <tr><td>Latest_Annual_Foot_Count</td><td>0</td></tr>\n    <tr><td>No_of_Shops</td><td>53</td></tr>\n    <tr><td>Main_Anchors</td><td>Shoprite, Mr Price, Jet, Ackermans</td></tr>\n    <tr><td>Parking_Total</td><td>624</td></tr>"},"_name":"Grand Central - Eerste River"}},{"type":"Feature","geometry":{"type":"Point","coordinates":[18.4202520126988,-33.906130000631,0]},"properties":{"name":"Victoria & Albert Waterfront Retail Node: 3. Alfred Mall","visibility":false,"description":{"@type":"html","value":"<br><br><br>\n    <table border=\"1\" padding=\"0\">\n    <tr><td>Shopping_Centre_Name</td><td>Victoria & Albert Waterfront Retail Node: 3. Alfred Mall</td></tr>\n    <tr><td>Street_Address</td><td>Dock Road</td></tr>\n    <tr><td>Street_Suburb</td><td>V & A Waterfront</td></tr>\n    <tr><td>Street_City_or_Town</td><td>Cape Town</td></tr>\n    <tr><td>Street_Province_</td><td>Western Cape</td></tr>\n    <tr><td>Street_Country</td><td>South Africa</td></tr>\n    <tr><td>Core_Classification_ICSC</td><td>Community Centre</td></tr>\n    <tr><td>Classification_MD</td><td>Part of Regional Node</td></tr>\n    <tr><td>Gross_Leasable_Floor_Area_in_sq</td><td>14500</td></tr>\n    <tr><td>Centre_Manager_Name</td><td>Mac Daniels</td></tr>\n    <tr><td>Centre_Manager_Telephone</td><td>+2721 408 7860</td></tr>\n    <tr><td>Centre_Manager_Mobile</td><td>+2774 508 9487</td></tr>\n    <tr><td>Centre_Manager_Email</td><td>mdaniels@waterfront.co.za</td></tr>\n    <tr><td>Shopping_Centre_Website</td><td>www.waterfront.co.za</td></tr>\n    <tr><td>Type</td><td>2 to 3</td></tr>\n    <tr><td>Leasing_Company_Name</td><td>V&A Waterfront Holding (Pty) Ltd</td></tr>\n    <tr><td>Leasing_Manager_Name</td><td>Leigh Thomas</td></tr>\n    <tr><td>Leasing_Manager_Telephone</td><td>+2721 408 7500</td></tr>\n    <tr><td>Leasing_Manager_Mobile</td><td></td></tr>\n    <tr><td>Marketing_Company_Name</td><td>V&A Waterfront Holding (Pty) Ltd</td></tr>\n    <tr><td>Owner</td><td>V & A Waterfront Properties (Pty) Ltd</td></tr>\n    <tr><td>Name_of_Holding_Company</td><td></td></tr>\n    <tr><td>Name_of_Developer</td><td></td></tr>\n    <tr><td>Year_Developed</td><td>1990</td></tr>\n    <tr><td>Year_Last_Refurbished</td><td>0</td></tr>\n    <tr><td>No_of_Retail_Floors</td><td>1</td></tr>\n    <tr><td>Latest_Annual_Foot_Count</td><td>0</td></tr>\n    <tr><td>No_of_Shops</td><td>35</td></tr>\n    <tr><td>Main_Anchors</td><td>V&A Hotel</td></tr>\n    <tr><td>Parking_Total</td><td>20</td></tr>"},"_name":"Victoria & Albert Waterfront Retail Node: 3. Alfred Mall"}},{"type":"Feature","geometry":{"type":"Point","coordinates":[18.4179219982456,-33.934833990121,0]},"properties":{"name":"Gardens Shopping Centre - Oranjezicht","visibility":false,"description":{"@type":"html","value":"<br><br><br>\n    <table border=\"1\" padding=\"0\">\n    <tr><td>Shopping_Centre_Name</td><td>Gardens Shopping Centre - Oranjezicht</td></tr>\n    <tr><td>Street_Address</td><td>Cnr Buitenkant & Mill Streets</td></tr>\n    <tr><td>Street_Suburb</td><td>Gardens</td></tr>\n    <tr><td>Street_City_or_Town</td><td>Cape Town</td></tr>\n    <tr><td>Street_Province_</td><td>Western Cape</td></tr>\n    <tr><td>Street_Country</td><td>South Africa</td></tr>\n    <tr><td>Core_Classification_ICSC</td><td>Community Centre</td></tr>\n    <tr><td>Classification_MD</td><td>Neighbourhood Centre</td></tr>\n    <tr><td>Gross_Leasable_Floor_Area_in_sq</td><td>14539.42</td></tr>\n    <tr><td>Centre_Manager_Name</td><td>Tracy Kohler</td></tr>\n    <tr><td>Centre_Manager_Telephone</td><td>+2721 465 1842</td></tr>\n    <tr><td>Centre_Manager_Mobile</td><td></td></tr>\n    <tr><td>Centre_Manager_Email</td><td>tracy@acucap.co.za</td></tr>\n    <tr><td>Shopping_Centre_Website</td><td>www.gardensshoppingcentre.co.za</td></tr>\n    <tr><td>Type</td><td>Majors</td></tr>\n    <tr><td>Leasing_Company_Name</td><td>Acucap Management Services (Pty) Ltd (Growthpoint Properties)</td></tr>\n    <tr><td>Leasing_Manager_Name</td><td>Tracy Kohler</td></tr>\n    <tr><td>Leasing_Manager_Telephone</td><td>+2721 465 1842</td></tr>\n    <tr><td>Leasing_Manager_Mobile</td><td></td></tr>\n    <tr><td>Marketing_Company_Name</td><td>Mustard Seed Relationships Marketing cc</td></tr>\n    <tr><td>Owner</td><td>Acucap Investments (Pty) Ltd</td></tr>\n    <tr><td>Name_of_Holding_Company</td><td></td></tr>\n    <tr><td>Name_of_Developer</td><td></td></tr>\n    <tr><td>Year_Developed</td><td>1972</td></tr>\n    <tr><td>Year_Last_Refurbished</td><td>1997</td></tr>\n    <tr><td>No_of_Retail_Floors</td><td>2</td></tr>\n    <tr><td>Latest_Annual_Foot_Count</td><td>3668480</td></tr>\n    <tr><td>No_of_Shops</td><td>69</td></tr>\n    <tr><td>Main_Anchors</td><td>Woolworths, Pick n Pay, Clicks</td></tr>\n    <tr><td>Parking_Total</td><td>812</td></tr>"},"_name":"Gardens Shopping Centre - Oranjezicht"}},{"type":"Feature","geometry":{"type":"Point","coordinates":[18.5105999866072,-33.933599993477,0]},"properties":{"name":"Howard Centre","visibility":false,"description":{"@type":"html","value":"<br><br><br>\n    <table border=\"1\" padding=\"0\">\n    <tr><td>Shopping_Centre_Name</td><td>Howard Centre</td></tr>\n    <tr><td>Street_Address</td><td>Cnr Forest & Howard Drives</td></tr>\n    <tr><td>Street_Suburb</td><td>Pinelands</td></tr>\n    <tr><td>Street_City_or_Town</td><td>Cape Town</td></tr>\n    <tr><td>Street_Province_</td><td>Western Cape</td></tr>\n    <tr><td>Street_Country</td><td>South Africa</td></tr>\n    <tr><td>Core_Classification_ICSC</td><td>Community Centre</td></tr>\n    <tr><td>Classification_MD</td><td>Neighbourhood Centre</td></tr>\n    <tr><td>Gross_Leasable_Floor_Area_in_sq</td><td>14779</td></tr>\n    <tr><td>Centre_Manager_Name</td><td>Madelein van den Berg</td></tr>\n    <tr><td>Centre_Manager_Telephone</td><td>+2721 531 4336</td></tr>\n    <tr><td>Centre_Manager_Mobile</td><td></td></tr>\n    <tr><td>Centre_Manager_Email</td><td>madelein@acucap.co.za</td></tr>\n    <tr><td>Shopping_Centre_Website</td><td>www.howardcentre.co.za</td></tr>\n    <tr><td>Type</td><td>Majors</td></tr>\n    <tr><td>Leasing_Company_Name</td><td>Acucap Management Services (Pty) Ltd (Growthpoint Properties)</td></tr>\n    <tr><td>Leasing_Manager_Name</td><td>Madelein van den Berg</td></tr>\n    <tr><td>Leasing_Manager_Telephone</td><td>+2721 531 4336</td></tr>\n    <tr><td>Leasing_Manager_Mobile</td><td></td></tr>\n    <tr><td>Marketing_Company_Name</td><td>Mustard Seed Relationships Marketing cc</td></tr>\n    <tr><td>Owner</td><td>Acucap Investments (Pty) Ltd</td></tr>\n    <tr><td>Name_of_Holding_Company</td><td></td></tr>\n    <tr><td>Name_of_Developer</td><td>Murray & Roberts Properties Services (Pty) Ltd</td></tr>\n    <tr><td>Year_Developed</td><td>1956</td></tr>\n    <tr><td>Year_Last_Refurbished</td><td>2010</td></tr>\n    <tr><td>No_of_Retail_Floors</td><td>1</td></tr>\n    <tr><td>Latest_Annual_Foot_Count</td><td>3883326</td></tr>\n    <tr><td>No_of_Shops</td><td>60</td></tr>\n    <tr><td>Main_Anchors</td><td>Woolworths, Pick n Pay, Clicks</td></tr>\n    <tr><td>Parking_Total</td><td>676</td></tr>"},"_name":"Howard Centre"}},{"type":"Feature","geometry":{"type":"Point","coordinates":[18.6836999851876,-33.908799997605,0]},"properties":{"name":"Ipic Shopping Centre - Soneike","visibility":false,"description":{"@type":"html","value":"<br><br><br>\n    <table border=\"1\" padding=\"0\">\n    <tr><td>Shopping_Centre_Name</td><td>Ipic Shopping Centre - Soneike</td></tr>\n    <tr><td>Street_Address</td><td>Cnr Amandel & Bottelarey Streets</td></tr>\n    <tr><td>Street_Suburb</td><td>Soneike</td></tr>\n    <tr><td>Street_City_or_Town</td><td>Kuils River</td></tr>\n    <tr><td>Street_Province_</td><td>Western Cape</td></tr>\n    <tr><td>Street_Country</td><td>South Africa</td></tr>\n    <tr><td>Core_Classification_ICSC</td><td>Community Centre</td></tr>\n    <tr><td>Classification_MD</td><td>Neighbourhood Centre</td></tr>\n    <tr><td>Gross_Leasable_Floor_Area_in_sq</td><td>14980</td></tr>\n    <tr><td>Centre_Manager_Name</td><td>Louis Kruger Property Management</td></tr>\n    <tr><td>Centre_Manager_Telephone</td><td>+2721 903 3101</td></tr>\n    <tr><td>Centre_Manager_Mobile</td><td>+2783 270 3466</td></tr>\n    <tr><td>Centre_Manager_Email</td><td>louis@lkpm.co.za</td></tr>\n    <tr><td>Shopping_Centre_Website</td><td>www.ipicgroup.com</td></tr>\n    <tr><td>Type</td><td>Majors</td></tr>\n    <tr><td>Leasing_Company_Name</td><td>Louis Kruger Property Management</td></tr>\n    <tr><td>Leasing_Manager_Name</td><td>Louis Kruger</td></tr>\n    <tr><td>Leasing_Manager_Telephone</td><td>+2721 903 3101</td></tr>\n    <tr><td>Leasing_Manager_Mobile</td><td>+2783 270 3466</td></tr>\n    <tr><td>Marketing_Company_Name</td><td>Land Marketing</td></tr>\n    <tr><td>Owner</td><td>Ipic Properties (Pty) Ltd</td></tr>\n    <tr><td>Name_of_Holding_Company</td><td></td></tr>\n    <tr><td>Name_of_Developer</td><td>Communicare & Colliers International</td></tr>\n    <tr><td>Year_Developed</td><td>1999</td></tr>\n    <tr><td>Year_Last_Refurbished</td><td>2008</td></tr>\n    <tr><td>No_of_Retail_Floors</td><td>1</td></tr>\n    <tr><td>Latest_Annual_Foot_Count</td><td>0</td></tr>\n    <tr><td>No_of_Shops</td><td>58</td></tr>\n    <tr><td>Main_Anchors</td><td>Pick n Pay Family, Woolworths, Clicks, Planet Fitness, Pick n Pay Clothing, Liquor City, Build It</td></tr>\n    <tr><td>Parking_Total</td><td>699</td></tr>"},"_name":"Ipic Shopping Centre - Soneike"}},{"type":"Feature","geometry":{"type":"Point","coordinates":[18.6664000189234,-33.912400005856,0]},"properties":{"name":"Access Park - Kuils River","visibility":false,"description":{"@type":"html","value":"<br><br><br>\n    <table border=\"1\" padding=\"0\">\n    <tr><td>Shopping_Centre_Name</td><td>Access Park - Kuils River</td></tr>\n    <tr><td>Street_Address</td><td>Cnr Strand & La Bella Streets</td></tr>\n    <tr><td>Street_Suburb</td><td></td></tr>\n    <tr><td>Street_City_or_Town</td><td>Kuils River</td></tr>\n    <tr><td>Street_Province_</td><td>Western Cape</td></tr>\n    <tr><td>Street_Country</td><td>South Africa</td></tr>\n    <tr><td>Core_Classification_ICSC</td><td>Value Centre</td></tr>\n    <tr><td>Classification_MD</td><td>Value Centre</td></tr>\n    <tr><td>Gross_Leasable_Floor_Area_in_sq</td><td>15000</td></tr>\n    <tr><td>Centre_Manager_Name</td><td>Wesley White</td></tr>\n    <tr><td>Centre_Manager_Telephone</td><td>+2721 903 6523</td></tr>\n    <tr><td>Centre_Manager_Mobile</td><td></td></tr>\n    <tr><td>Centre_Manager_Email</td><td>accesspark@tiscali.co.za</td></tr>\n    <tr><td>Shopping_Centre_Website</td><td>www.accesspark.co.za</td></tr>\n    <tr><td>Type</td><td></td></tr>\n    <tr><td>Leasing_Company_Name</td><td>Northern Value Consortium</td></tr>\n    <tr><td>Leasing_Manager_Name</td><td>Wesley White</td></tr>\n    <tr><td>Leasing_Manager_Telephone</td><td>+2721 903 6523</td></tr>\n    <tr><td>Leasing_Manager_Mobile</td><td></td></tr>\n    <tr><td>Marketing_Company_Name</td><td>Northern Value Consortium & Access Park</td></tr>\n    <tr><td>Owner</td><td>Northern Value Consortium</td></tr>\n    <tr><td>Name_of_Holding_Company</td><td>Northern Value Consortium</td></tr>\n    <tr><td>Name_of_Developer</td><td></td></tr>\n    <tr><td>Year_Developed</td><td>1992</td></tr>\n    <tr><td>Year_Last_Refurbished</td><td>2006</td></tr>\n    <tr><td>No_of_Retail_Floors</td><td>1</td></tr>\n    <tr><td>Latest_Annual_Foot_Count</td><td>0</td></tr>\n    <tr><td>No_of_Shops</td><td>45</td></tr>\n    <tr><td>Main_Anchors</td><td>Levi's, Nike</td></tr>\n    <tr><td>Parking_Total</td><td>500</td></tr>"},"_name":"Access Park - Kuils River"}},{"type":"Feature","geometry":{"type":"Point","coordinates":[18.4652310010522,-33.979659002494,0]},"properties":{"name":"Stadium On Main","visibility":false,"description":{"@type":"html","value":"<br><br><br>\n    <table border=\"1\" padding=\"0\">\n    <tr><td>Shopping_Centre_Name</td><td>Stadium On Main</td></tr>\n    <tr><td>Street_Address</td><td>Main Road</td></tr>\n    <tr><td>Street_Suburb</td><td>Claremont</td></tr>\n    <tr><td>Street_City_or_Town</td><td>Cape Town</td></tr>\n    <tr><td>Street_Province_</td><td>Western Cape</td></tr>\n    <tr><td>Street_Country</td><td>South Africa</td></tr>\n    <tr><td>Core_Classification_ICSC</td><td>Community Centre</td></tr>\n    <tr><td>Classification_MD</td><td>Neighbourhood Centre</td></tr>\n    <tr><td>Gross_Leasable_Floor_Area_in_sq</td><td>15618</td></tr>\n    <tr><td>Centre_Manager_Name</td><td>Armien Carelse</td></tr>\n    <tr><td>Centre_Manager_Telephone</td><td>+2721 683 9061</td></tr>\n    <tr><td>Centre_Manager_Mobile</td><td>+2783 257 0199</td></tr>\n    <tr><td>Centre_Manager_Email</td><td>npv@icon.co.za</td></tr>\n    <tr><td>Shopping_Centre_Website</td><td></td></tr>\n    <tr><td>Type</td><td>Single Centres</td></tr>\n    <tr><td>Leasing_Company_Name</td><td>New Property Ventures (Pty) Ltd</td></tr>\n    <tr><td>Leasing_Manager_Name</td><td>Anel Bridges</td></tr>\n    <tr><td>Leasing_Manager_Telephone</td><td>+2721 683 9061</td></tr>\n    <tr><td>Leasing_Manager_Mobile</td><td>+2779 516 5464</td></tr>\n    <tr><td>Marketing_Company_Name</td><td></td></tr>\n    <tr><td>Owner</td><td>Stadium on Main Investments (Pty) Ltd</td></tr>\n    <tr><td>Name_of_Holding_Company</td><td></td></tr>\n    <tr><td>Name_of_Developer</td><td>New Property Ventures (Pty) Ltd</td></tr>\n    <tr><td>Year_Developed</td><td>1990</td></tr>\n    <tr><td>Year_Last_Refurbished</td><td>0</td></tr>\n    <tr><td>No_of_Retail_Floors</td><td>3</td></tr>\n    <tr><td>Latest_Annual_Foot_Count</td><td>2700000</td></tr>\n    <tr><td>No_of_Shops</td><td>48</td></tr>\n    <tr><td>Main_Anchors</td><td>Planet Fitness, Pep Stores, Stadium Tenpin Bowling, Tiger Tiger Night Club</td></tr>\n    <tr><td>Parking_Total</td><td>800</td></tr>"},"_name":"Stadium On Main"}},{"type":"Feature","geometry":{"type":"Point","coordinates":[18.5553039831682,-33.891581998817,0]},"properties":{"name":"N1 Value Centre","visibility":false,"description":{"@type":"html","value":"<br><br><br>\n    <table border=\"1\" padding=\"0\">\n    <tr><td>Shopping_Centre_Name</td><td>N1 Value Centre</td></tr>\n    <tr><td>Street_Address</td><td>Solly Smiedt Street</td></tr>\n    <tr><td>Street_Suburb</td><td>Goodwood</td></tr>\n    <tr><td>Street_City_or_Town</td><td>Goodwood</td></tr>\n    <tr><td>Street_Province_</td><td>Western Cape</td></tr>\n    <tr><td>Street_Country</td><td>South Africa</td></tr>\n    <tr><td>Core_Classification_ICSC</td><td>Value Centre</td></tr>\n    <tr><td>Classification_MD</td><td>Value Centre</td></tr>\n    <tr><td>Gross_Leasable_Floor_Area_in_sq</td><td>16408</td></tr>\n    <tr><td>Centre_Manager_Name</td><td>Adnan Chogle</td></tr>\n    <tr><td>Centre_Manager_Telephone</td><td>+2721 595 3000</td></tr>\n    <tr><td>Centre_Manager_Mobile</td><td></td></tr>\n    <tr><td>Centre_Manager_Email</td><td>info@fpggroup.co.za</td></tr>\n    <tr><td>Shopping_Centre_Website</td><td>www.fpggroup.co.za</td></tr>\n    <tr><td>Type</td><td>Majors</td></tr>\n    <tr><td>Leasing_Company_Name</td><td>Foodprop Property Holdings (Pty) Ltd</td></tr>\n    <tr><td>Leasing_Manager_Name</td><td>Adnan Chogle</td></tr>\n    <tr><td>Leasing_Manager_Telephone</td><td>+2721 595 3000</td></tr>\n    <tr><td>Leasing_Manager_Mobile</td><td></td></tr>\n    <tr><td>Marketing_Company_Name</td><td>FPG Holdings (Pty) Ltd</td></tr>\n    <tr><td>Owner</td><td>FPG Holdings (Pty) Ltd</td></tr>\n    <tr><td>Name_of_Holding_Company</td><td>Foodprop Property Holdings (Pty) Ltd</td></tr>\n    <tr><td>Name_of_Developer</td><td></td></tr>\n    <tr><td>Year_Developed</td><td>1994</td></tr>\n    <tr><td>Year_Last_Refurbished</td><td>2008</td></tr>\n    <tr><td>No_of_Retail_Floors</td><td>1</td></tr>\n    <tr><td>Latest_Annual_Foot_Count</td><td>0</td></tr>\n    <tr><td>No_of_Shops</td><td>28</td></tr>\n    <tr><td>Main_Anchors</td><td>Virgin Active, Fruit & Veg (Food Lover's Market), The Pro Shop, China Town</td></tr>\n    <tr><td>Parking_Total</td><td>1100</td></tr>"},"_name":"N1 Value Centre"}},{"type":"Feature","geometry":{"type":"Point","coordinates":[18.4852690118842,-33.804880010268,0]},"properties":{"name":"West Coast Village","visibility":false,"description":{"@type":"html","value":"<br><br><br>\n    <table border=\"1\" padding=\"0\">\n    <tr><td>Shopping_Centre_Name</td><td>West Coast Village</td></tr>\n    <tr><td>Street_Address</td><td>Cnr West Coast & Sandown Roads</td></tr>\n    <tr><td>Street_Suburb</td><td>Sunningdale</td></tr>\n    <tr><td>Street_City_or_Town</td><td>Cape Town</td></tr>\n    <tr><td>Street_Province_</td><td>Western Cape</td></tr>\n    <tr><td>Street_Country</td><td>South Africa</td></tr>\n    <tr><td>Core_Classification_ICSC</td><td>Community Centre</td></tr>\n    <tr><td>Classification_MD</td><td>Neighbourhood Centre</td></tr>\n    <tr><td>Gross_Leasable_Floor_Area_in_sq</td><td>16500</td></tr>\n    <tr><td>Centre_Manager_Name</td><td>Janet Wishnia</td></tr>\n    <tr><td>Centre_Manager_Telephone</td><td>+2721 550 7000</td></tr>\n    <tr><td>Centre_Manager_Mobile</td><td>+2783 379 1232</td></tr>\n    <tr><td>Centre_Manager_Email</td><td>janet@rabie.co.za</td></tr>\n    <tr><td>Shopping_Centre_Website</td><td></td></tr>\n    <tr><td>Type</td><td>Majors</td></tr>\n    <tr><td>Leasing_Company_Name</td><td>Rabie Property Administrators (Pty) Ltd</td></tr>\n    <tr><td>Leasing_Manager_Name</td><td>Janet Wishnia</td></tr>\n    <tr><td>Leasing_Manager_Telephone</td><td>+2721 550 7000</td></tr>\n    <tr><td>Leasing_Manager_Mobile</td><td>+2783 379 1232</td></tr>\n    <tr><td>Marketing_Company_Name</td><td>Innovative Communications</td></tr>\n    <tr><td>Owner</td><td>Garden Cities Incorporated</td></tr>\n    <tr><td>Name_of_Holding_Company</td><td></td></tr>\n    <tr><td>Name_of_Developer</td><td>Retail Africa (Pty) Ltd</td></tr>\n    <tr><td>Year_Developed</td><td>2003</td></tr>\n    <tr><td>Year_Last_Refurbished</td><td>2011</td></tr>\n    <tr><td>No_of_Retail_Floors</td><td>1</td></tr>\n    <tr><td>Latest_Annual_Foot_Count</td><td>0</td></tr>\n    <tr><td>No_of_Shops</td><td>49</td></tr>\n    <tr><td>Main_Anchors</td><td>Pick n Pay, Woolworths, Starke Ayres</td></tr>\n    <tr><td>Parking_Total</td><td>664</td></tr>"},"_name":"West Coast Village"}},{"type":"Feature","geometry":{"type":"Point","coordinates":[18.6227409992782,-34.049793004632,0]},"properties":{"name":"Mutual Plain - Symphony Walk","visibility":false,"description":{"@type":"html","value":"<br><br><br>\n    <table border=\"1\" padding=\"0\">\n    <tr><td>Shopping_Centre_Name</td><td>Mutual Plain - Symphony Walk</td></tr>\n    <tr><td>Street_Address</td><td>Symphony Walk</td></tr>\n    <tr><td>Street_Suburb</td><td>Town Centre</td></tr>\n    <tr><td>Street_City_or_Town</td><td>Mitchell's Plain</td></tr>\n    <tr><td>Street_Province_</td><td>Western Cape</td></tr>\n    <tr><td>Street_Country</td><td>South Africa</td></tr>\n    <tr><td>Core_Classification_ICSC</td><td>Community Centre</td></tr>\n    <tr><td>Classification_MD</td><td>Neighbourhood Centre</td></tr>\n    <tr><td>Gross_Leasable_Floor_Area_in_sq</td><td>16655</td></tr>\n    <tr><td>Centre_Manager_Name</td><td>Michelle Britton</td></tr>\n    <tr><td>Centre_Manager_Telephone</td><td>+2721 530 4633</td></tr>\n    <tr><td>Centre_Manager_Mobile</td><td>+2783 324 9822</td></tr>\n    <tr><td>Centre_Manager_Email</td><td>mbritton@oldmutualproperty.com</td></tr>\n    <tr><td>Shopping_Centre_Website</td><td></td></tr>\n    <tr><td>Type</td><td>Majors</td></tr>\n    <tr><td>Leasing_Company_Name</td><td>Old Mutual Property (Pty) Ltd</td></tr>\n    <tr><td>Leasing_Manager_Name</td><td>Rod Warner</td></tr>\n    <tr><td>Leasing_Manager_Telephone</td><td>+2721 530 5950</td></tr>\n    <tr><td>Leasing_Manager_Mobile</td><td>+2783 628 6290</td></tr>\n    <tr><td>Marketing_Company_Name</td><td></td></tr>\n    <tr><td>Owner</td><td>Old Mutual Life Assurance Company (SA) Ltd</td></tr>\n    <tr><td>Name_of_Holding_Company</td><td>Old Mutual</td></tr>\n    <tr><td>Name_of_Developer</td><td></td></tr>\n    <tr><td>Year_Developed</td><td>1991</td></tr>\n    <tr><td>Year_Last_Refurbished</td><td>0</td></tr>\n    <tr><td>No_of_Retail_Floors</td><td>2</td></tr>\n    <tr><td>Latest_Annual_Foot_Count</td><td>0</td></tr>\n    <tr><td>No_of_Shops</td><td>15</td></tr>\n    <tr><td>Main_Anchors</td><td>Ackermans, ABSA, Choice Clothing, Shoprite, Nedbank, Morkels</td></tr>\n    <tr><td>Parking_Total</td><td>0</td></tr>"},"_name":"Mutual Plain - Symphony Walk"}},{"type":"Feature","geometry":{"type":"Point","coordinates":[18.6926000179594,-33.853000000362,0]},"properties":{"name":"CapeGate Retail Node: 2. CapeGate Value Centre","visibility":false,"description":{"@type":"html","value":"<br><br><br>\n    <table border=\"1\" padding=\"0\">\n    <tr><td>Shopping_Centre_Name</td><td>CapeGate Retail Node: 2. CapeGate Value Centre</td></tr>\n    <tr><td>Street_Address</td><td>Cnr Okavango Road & Belami Avenue</td></tr>\n    <tr><td>Street_Suburb</td><td>Cape Gate</td></tr>\n    <tr><td>Street_City_or_Town</td><td>Brackenfell</td></tr>\n    <tr><td>Street_Province_</td><td>Western Cape</td></tr>\n    <tr><td>Street_Country</td><td>South Africa</td></tr>\n    <tr><td>Core_Classification_ICSC</td><td>Community Centre</td></tr>\n    <tr><td>Classification_MD</td><td>Part of Super Regional Node</td></tr>\n    <tr><td>Gross_Leasable_Floor_Area_in_sq</td><td>17601</td></tr>\n    <tr><td>Centre_Manager_Name</td><td>Nicholas Oliphant</td></tr>\n    <tr><td>Centre_Manager_Telephone</td><td>+2721 981 2288</td></tr>\n    <tr><td>Centre_Manager_Mobile</td><td></td></tr>\n    <tr><td>Centre_Manager_Email</td><td>nicholas@capegatecentre.co.za</td></tr>\n    <tr><td>Shopping_Centre_Website</td><td>www.capegatecentre.co.za</td></tr>\n    <tr><td>Type</td><td>Majors</td></tr>\n    <tr><td>Leasing_Company_Name</td><td>Hyprop Investments Ltd</td></tr>\n    <tr><td>Leasing_Manager_Name</td><td>Marian White</td></tr>\n    <tr><td>Leasing_Manager_Telephone</td><td>+2721 981 2288</td></tr>\n    <tr><td>Leasing_Manager_Mobile</td><td>+2783 6518369</td></tr>\n    <tr><td>Marketing_Company_Name</td><td>Word4Word Marketing (Pty) Ltd</td></tr>\n    <tr><td>Owner</td><td>Hyprop Investments Ltd</td></tr>\n    <tr><td>Name_of_Holding_Company</td><td>Hyprop Investments Ltd</td></tr>\n    <tr><td>Name_of_Developer</td><td>Attfund Ltd</td></tr>\n    <tr><td>Year_Developed</td><td>2006</td></tr>\n    <tr><td>Year_Last_Refurbished</td><td>0</td></tr>\n    <tr><td>No_of_Retail_Floors</td><td>2</td></tr>\n    <tr><td>Latest_Annual_Foot_Count</td><td>0</td></tr>\n    <tr><td>No_of_Shops</td><td>21</td></tr>\n    <tr><td>Main_Anchors</td><td>Tafelberg Furniture, Furniture City, Meltz, Dial A Bed, Trade Centre, Toyota</td></tr>\n    <tr><td>Parking_Total</td><td>880</td></tr>"},"_name":"CapeGate Retail Node: 2. CapeGate Value Centre"}},{"type":"Feature","geometry":{"type":"Point","coordinates":[18.6939000086314,-33.851500009988,0]},"properties":{"name":"CapeGate Retail Node: 3. CapeGate Lifestyle Centre","visibility":false,"description":{"@type":"html","value":"<br><br><br>\n    <table border=\"1\" padding=\"0\">\n    <tr><td>Shopping_Centre_Name</td><td>CapeGate Retail Node: 3. CapeGate Lifestyle Centre</td></tr>\n    <tr><td>Street_Address</td><td>Cnr Okavango Road & Belami Avenue</td></tr>\n    <tr><td>Street_Suburb</td><td>Cape Gate</td></tr>\n    <tr><td>Street_City_or_Town</td><td>Brackenfell</td></tr>\n    <tr><td>Street_Province_</td><td>Western Cape</td></tr>\n    <tr><td>Street_Country</td><td>South Africa</td></tr>\n    <tr><td>Core_Classification_ICSC</td><td>Community Centre</td></tr>\n    <tr><td>Classification_MD</td><td>Part of Super Regional Node</td></tr>\n    <tr><td>Gross_Leasable_Floor_Area_in_sq</td><td>18524</td></tr>\n    <tr><td>Centre_Manager_Name</td><td>Nicholas Oliphant</td></tr>\n    <tr><td>Centre_Manager_Telephone</td><td>+2721 981 2288</td></tr>\n    <tr><td>Centre_Manager_Mobile</td><td></td></tr>\n    <tr><td>Centre_Manager_Email</td><td>nicholas@capegatecentre.co.za</td></tr>\n    <tr><td>Shopping_Centre_Website</td><td>www.capegatecentre.co.za</td></tr>\n    <tr><td>Type</td><td>Majors</td></tr>\n    <tr><td>Leasing_Company_Name</td><td>Hyprop Investments Ltd</td></tr>\n    <tr><td>Leasing_Manager_Name</td><td>Marian White</td></tr>\n    <tr><td>Leasing_Manager_Telephone</td><td>+2721 981 2288</td></tr>\n    <tr><td>Leasing_Manager_Mobile</td><td>+2783 6518369</td></tr>\n    <tr><td>Marketing_Company_Name</td><td>Word4Word Marketing (Pty) Ltd</td></tr>\n    <tr><td>Owner</td><td>Hyprop Investments Ltd</td></tr>\n    <tr><td>Name_of_Holding_Company</td><td>Hyprop Investments Ltd</td></tr>\n    <tr><td>Name_of_Developer</td><td>Attfund Ltd</td></tr>\n    <tr><td>Year_Developed</td><td>2003</td></tr>\n    <tr><td>Year_Last_Refurbished</td><td>2006</td></tr>\n    <tr><td>No_of_Retail_Floors</td><td>2</td></tr>\n    <tr><td>Latest_Annual_Foot_Count</td><td>0</td></tr>\n    <tr><td>No_of_Shops</td><td>44</td></tr>\n    <tr><td>Main_Anchors</td><td>Superspar, Builders Warehouse, Fruit & Veg City, Engen, KFC Drive Through, Steers, Dros, Virgin Active</td></tr>\n    <tr><td>Parking_Total</td><td>654</td></tr>"},"_name":"CapeGate Retail Node: 3. CapeGate Lifestyle Centre"}},{"type":"Feature","geometry":{"type":"Point","coordinates":[18.6719180092546,-34.047297993905,0]},"properties":{"name":"KCT Mall","visibility":false,"description":{"@type":"html","value":"<br><br><br>\n    <table border=\"1\" padding=\"0\">\n    <tr><td>Shopping_Centre_Name</td><td>KCT Mall</td></tr>\n    <tr><td>Street_Address</td><td>Cnr Julius Tsolo & Nomzamo Mongo Streets</td></tr>\n    <tr><td>Street_Suburb</td><td></td></tr>\n    <tr><td>Street_City_or_Town</td><td>Khayelitsha</td></tr>\n    <tr><td>Street_Province_</td><td>Western Cape</td></tr>\n    <tr><td>Street_Country</td><td>South Africa</td></tr>\n    <tr><td>Core_Classification_ICSC</td><td>Community Centre</td></tr>\n    <tr><td>Classification_MD</td><td>Community Centre</td></tr>\n    <tr><td>Gross_Leasable_Floor_Area_in_sq</td><td>19338</td></tr>\n    <tr><td>Centre_Manager_Name</td><td>Roy McLean</td></tr>\n    <tr><td>Centre_Manager_Telephone</td><td>+2721 364 0848</td></tr>\n    <tr><td>Centre_Manager_Mobile</td><td>+2771 829 0059</td></tr>\n    <tr><td>Centre_Manager_Email</td><td>cm@kctmall.co.za</td></tr>\n    <tr><td>Shopping_Centre_Website</td><td></td></tr>\n    <tr><td>Type</td><td>Majors</td></tr>\n    <tr><td>Leasing_Company_Name</td><td>Bordiss Properties CC</td></tr>\n    <tr><td>Leasing_Manager_Name</td><td>Bradley Bordiss</td></tr>\n    <tr><td>Leasing_Manager_Telephone</td><td>+2721 448 4552</td></tr>\n    <tr><td>Leasing_Manager_Mobile</td><td>+2783 250 9540</td></tr>\n    <tr><td>Marketing_Company_Name</td><td>Small Beginnings</td></tr>\n    <tr><td>Owner</td><td>Khayelitsha Community Trust</td></tr>\n    <tr><td>Name_of_Holding_Company</td><td>KBD Retail Properties (Pty) Ltd</td></tr>\n    <tr><td>Name_of_Developer</td><td>Khayelitsha Community Trust</td></tr>\n    <tr><td>Year_Developed</td><td>2005</td></tr>\n    <tr><td>Year_Last_Refurbished</td><td>0</td></tr>\n    <tr><td>No_of_Retail_Floors</td><td>1</td></tr>\n    <tr><td>Latest_Annual_Foot_Count</td><td>0</td></tr>\n    <tr><td>No_of_Shops</td><td>62</td></tr>\n    <tr><td>Main_Anchors</td><td>Shoprite, Spar</td></tr>\n    <tr><td>Parking_Total</td><td>0</td></tr>"},"_name":"KCT Mall"}},{"type":"Feature","geometry":{"type":"Point","coordinates":[18.4891000130734,-33.987499990721,0]},"properties":{"name":"Access Park - Kenilworth","visibility":false,"description":{"@type":"html","value":"<br><br><br>\n    <table border=\"1\" padding=\"0\">\n    <tr><td>Shopping_Centre_Name</td><td>Access Park - Kenilworth</td></tr>\n    <tr><td>Street_Address</td><td>Chichester Road</td></tr>\n    <tr><td>Street_Suburb</td><td>Kenilworth</td></tr>\n    <tr><td>Street_City_or_Town</td><td>Cape Town</td></tr>\n    <tr><td>Street_Province_</td><td>Western Cape</td></tr>\n    <tr><td>Street_Country</td><td>South Africa</td></tr>\n    <tr><td>Core_Classification_ICSC</td><td>Value Centre</td></tr>\n    <tr><td>Classification_MD</td><td>Value Centre</td></tr>\n    <tr><td>Gross_Leasable_Floor_Area_in_sq</td><td>19670</td></tr>\n    <tr><td>Centre_Manager_Name</td><td>Desiree White</td></tr>\n    <tr><td>Centre_Manager_Telephone</td><td>+2721 683 5885</td></tr>\n    <tr><td>Centre_Manager_Mobile</td><td></td></tr>\n    <tr><td>Centre_Manager_Email</td><td>desiree@accesspark.co.za</td></tr>\n    <tr><td>Shopping_Centre_Website</td><td></td></tr>\n    <tr><td>Type</td><td></td></tr>\n    <tr><td>Leasing_Company_Name</td><td>Centre Management</td></tr>\n    <tr><td>Leasing_Manager_Name</td><td>Desiree White</td></tr>\n    <tr><td>Leasing_Manager_Telephone</td><td>+2721 683 5885</td></tr>\n    <tr><td>Leasing_Manager_Mobile</td><td></td></tr>\n    <tr><td>Marketing_Company_Name</td><td>Centre Management</td></tr>\n    <tr><td>Owner</td><td>Peter Cunliffe (Acting Shareholder)</td></tr>\n    <tr><td>Name_of_Holding_Company</td><td>Southern Value Consortium</td></tr>\n    <tr><td>Name_of_Developer</td><td>Peter Cunliffe</td></tr>\n    <tr><td>Year_Developed</td><td>1985</td></tr>\n    <tr><td>Year_Last_Refurbished</td><td>0</td></tr>\n    <tr><td>No_of_Retail_Floors</td><td>2</td></tr>\n    <tr><td>Latest_Annual_Foot_Count</td><td>0</td></tr>\n    <tr><td>No_of_Shops</td><td>130</td></tr>\n    <tr><td>Main_Anchors</td><td>Fruit & Veg City</td></tr>\n    <tr><td>Parking_Total</td><td>0</td></tr>"},"_name":"Access Park - Kenilworth"}},{"type":"Feature","geometry":{"type":"Point","coordinates":[18.6297720117952,-33.903622003767,0]},"properties":{"name":"Middestad Mall - Bellville","visibility":false,"description":{"@type":"html","value":"<br><br><br>\n    <table border=\"1\" padding=\"0\">\n    <tr><td>Shopping_Centre_Name</td><td>Middestad Mall - Bellville</td></tr>\n    <tr><td>Street_Address</td><td>Charl Malan Street</td></tr>\n    <tr><td>Street_Suburb</td><td>Central</td></tr>\n    <tr><td>Street_City_or_Town</td><td>Bellville</td></tr>\n    <tr><td>Street_Province_</td><td>Western Cape</td></tr>\n    <tr><td>Street_Country</td><td>South Africa</td></tr>\n    <tr><td>Core_Classification_ICSC</td><td>Community Centre</td></tr>\n    <tr><td>Classification_MD</td><td>Community Centre</td></tr>\n    <tr><td>Gross_Leasable_Floor_Area_in_sq</td><td>19953</td></tr>\n    <tr><td>Centre_Manager_Name</td><td>Lamesa Modak</td></tr>\n    <tr><td>Centre_Manager_Telephone</td><td>+2721 948 5359</td></tr>\n    <tr><td>Centre_Manager_Mobile</td><td>+2771 499 1212</td></tr>\n    <tr><td>Centre_Manager_Email</td><td>lmodak@growthpoint.co.za</td></tr>\n    <tr><td>Shopping_Centre_Website</td><td></td></tr>\n    <tr><td>Type</td><td>Majors</td></tr>\n    <tr><td>Leasing_Company_Name</td><td>Growthpoint Management Services (Pty) Ltd</td></tr>\n    <tr><td>Leasing_Manager_Name</td><td>Lamesa Modak</td></tr>\n    <tr><td>Leasing_Manager_Telephone</td><td>+2721 948 5359</td></tr>\n    <tr><td>Leasing_Manager_Mobile</td><td>+2771 499 1212</td></tr>\n    <tr><td>Marketing_Company_Name</td><td>Mustard Seed Relationships Marketing cc</td></tr>\n    <tr><td>Owner</td><td>Paramount Property Fund Ltd</td></tr>\n    <tr><td>Name_of_Holding_Company</td><td>Growthpoint Properties Ltd</td></tr>\n    <tr><td>Name_of_Developer</td><td>Original: Liberty Group Properties (Pty) Ltd., property arm of the Liberty Group Ltd. New: Paramount Property Fund</td></tr>\n    <tr><td>Year_Developed</td><td>1985</td></tr>\n    <tr><td>Year_Last_Refurbished</td><td>2009</td></tr>\n    <tr><td>No_of_Retail_Floors</td><td>1</td></tr>\n    <tr><td>Latest_Annual_Foot_Count</td><td>11107036</td></tr>\n    <tr><td>No_of_Shops</td><td>54</td></tr>\n    <tr><td>Main_Anchors</td><td>Shoprite, Jetmart</td></tr>\n    <tr><td>Parking_Total</td><td>0</td></tr>"},"_name":"Middestad Mall - Bellville"}},{"type":"Feature","geometry":{"type":"Point","coordinates":[18.4395890092342,-33.927538994523,0]},"properties":{"name":"The Palms Décor and Lifestyle Centre","visibility":false,"description":{"@type":"html","value":"<br><br><br>\n    <table border=\"1\" padding=\"0\">\n    <tr><td>Shopping_Centre_Name</td><td>The Palms Décor and Lifestyle Centre</td></tr>\n    <tr><td>Street_Address</td><td>Sir Lowry Road</td></tr>\n    <tr><td>Street_Suburb</td><td>Woodstock</td></tr>\n    <tr><td>Street_City_or_Town</td><td>Cape Town</td></tr>\n    <tr><td>Street_Province_</td><td>Western Cape</td></tr>\n    <tr><td>Street_Country</td><td>South Africa</td></tr>\n    <tr><td>Core_Classification_ICSC</td><td>Lifestyle Centre</td></tr>\n    <tr><td>Classification_MD</td><td>Lifestyle Centre</td></tr>\n    <tr><td>Gross_Leasable_Floor_Area_in_sq</td><td>20000</td></tr>\n    <tr><td>Centre_Manager_Name</td><td>Arron Heldsinger</td></tr>\n    <tr><td>Centre_Manager_Telephone</td><td>+2721 462 0394</td></tr>\n    <tr><td>Centre_Manager_Mobile</td><td></td></tr>\n    <tr><td>Centre_Manager_Email</td><td>centremanager@palms.co.za</td></tr>\n    <tr><td>Shopping_Centre_Website</td><td>www.palms.co.za</td></tr>\n    <tr><td>Type</td><td></td></tr>\n    <tr><td>Leasing_Company_Name</td><td></td></tr>\n    <tr><td>Leasing_Manager_Name</td><td></td></tr>\n    <tr><td>Leasing_Manager_Telephone</td><td>+2721 462 0394</td></tr>\n    <tr><td>Leasing_Manager_Mobile</td><td></td></tr>\n    <tr><td>Marketing_Company_Name</td><td>Direct Line Marketing</td></tr>\n    <tr><td>Owner</td><td>Omnichron Financial Services</td></tr>\n    <tr><td>Name_of_Holding_Company</td><td></td></tr>\n    <tr><td>Name_of_Developer</td><td></td></tr>\n    <tr><td>Year_Developed</td><td>0</td></tr>\n    <tr><td>Year_Last_Refurbished</td><td>0</td></tr>\n    <tr><td>No_of_Retail_Floors</td><td>2</td></tr>\n    <tr><td>Latest_Annual_Foot_Count</td><td>0</td></tr>\n    <tr><td>No_of_Shops</td><td>21</td></tr>\n    <tr><td>Main_Anchors</td><td>Coricraft</td></tr>\n    <tr><td>Parking_Total</td><td>278</td></tr>"},"_name":"The Palms Décor and Lifestyle Centre"}},{"type":"Feature","geometry":{"type":"Point","coordinates":[18.4443310169788,-34.021728001059,0]},"properties":{"name":"The Constantia Village","visibility":false,"description":{"@type":"html","value":"<br><br><br>\n    <table border=\"1\" padding=\"0\">\n    <tr><td>Shopping_Centre_Name</td><td>The Constantia Village</td></tr>\n    <tr><td>Street_Address</td><td>Constantia Main Road</td></tr>\n    <tr><td>Street_Suburb</td><td>Constantia</td></tr>\n    <tr><td>Street_City_or_Town</td><td>Cape Town</td></tr>\n    <tr><td>Street_Province_</td><td>Western Cape</td></tr>\n    <tr><td>Street_Country</td><td>South Africa</td></tr>\n    <tr><td>Core_Classification_ICSC</td><td>Community Centre</td></tr>\n    <tr><td>Classification_MD</td><td>Community Centre</td></tr>\n    <tr><td>Gross_Leasable_Floor_Area_in_sq</td><td>20395</td></tr>\n    <tr><td>Centre_Manager_Name</td><td>Deidre Paul-Diemont</td></tr>\n    <tr><td>Centre_Manager_Telephone</td><td>+2721 794 5065</td></tr>\n    <tr><td>Centre_Manager_Mobile</td><td></td></tr>\n    <tr><td>Centre_Manager_Email</td><td>dpaul-diemont@growthpoint.co.za</td></tr>\n    <tr><td>Shopping_Centre_Website</td><td>www.constantiavillage.co.za</td></tr>\n    <tr><td>Type</td><td>Majors</td></tr>\n    <tr><td>Leasing_Company_Name</td><td>Growthpoint Management Services (Pty) Ltd</td></tr>\n    <tr><td>Leasing_Manager_Name</td><td>Deidre Paul-Diemont</td></tr>\n    <tr><td>Leasing_Manager_Telephone</td><td>+2721 794 5065</td></tr>\n    <tr><td>Leasing_Manager_Mobile</td><td></td></tr>\n    <tr><td>Marketing_Company_Name</td><td>Mustard Seed Relationships Marketing cc</td></tr>\n    <tr><td>Owner</td><td>Growthpoint Securitisation Warehouse Trust (Pty) Ltd</td></tr>\n    <tr><td>Name_of_Holding_Company</td><td>Growthpoint Properties Ltd</td></tr>\n    <tr><td>Name_of_Developer</td><td>Fedsure</td></tr>\n    <tr><td>Year_Developed</td><td>1984</td></tr>\n    <tr><td>Year_Last_Refurbished</td><td>1999</td></tr>\n    <tr><td>No_of_Retail_Floors</td><td>1</td></tr>\n    <tr><td>Latest_Annual_Foot_Count</td><td>6800000</td></tr>\n    <tr><td>No_of_Shops</td><td>82</td></tr>\n    <tr><td>Main_Anchors</td><td>Pick n Pay, Woolworths, Spar, Truworths</td></tr>\n    <tr><td>Parking_Total</td><td>1020</td></tr>"},"_name":"The Constantia Village"}},{"type":"Feature","geometry":{"type":"Point","coordinates":[18.829720019101,-34.086634991261,0]},"properties":{"name":"Helderberg Centre","visibility":false,"description":{"@type":"html","value":"<br><br><br>\n    <table border=\"1\" padding=\"0\">\n    <tr><td>Shopping_Centre_Name</td><td>Helderberg Centre</td></tr>\n    <tr><td>Street_Address</td><td>Intersection of De Beers Avenue & Forsyth Road</td></tr>\n    <tr><td>Street_Suburb</td><td>Somerset West</td></tr>\n    <tr><td>Street_City_or_Town</td><td>Somerset West</td></tr>\n    <tr><td>Street_Province_</td><td>Western Cape</td></tr>\n    <tr><td>Street_Country</td><td>South Africa</td></tr>\n    <tr><td>Core_Classification_ICSC</td><td>Regional Centre</td></tr>\n    <tr><td>Classification_MD</td><td>Community Centre</td></tr>\n    <tr><td>Gross_Leasable_Floor_Area_in_sq</td><td>21393.8</td></tr>\n    <tr><td>Centre_Manager_Name</td><td>Management from Head Office</td></tr>\n    <tr><td>Centre_Manager_Telephone</td><td>+2721 447 2010</td></tr>\n    <tr><td>Centre_Manager_Mobile</td><td></td></tr>\n    <tr><td>Centre_Manager_Email</td><td></td></tr>\n    <tr><td>Shopping_Centre_Website</td><td>TBC</td></tr>\n    <tr><td>Type</td><td></td></tr>\n    <tr><td>Leasing_Company_Name</td><td>Acucap Management Services (Pty) Ltd (Growthpoint Properties)</td></tr>\n    <tr><td>Leasing_Manager_Name</td><td>Roslynn Children</td></tr>\n    <tr><td>Leasing_Manager_Telephone</td><td>+2721 447 2010</td></tr>\n    <tr><td>Leasing_Manager_Mobile</td><td></td></tr>\n    <tr><td>Marketing_Company_Name</td><td>Mustard Seed Relationships Marketing cc</td></tr>\n    <tr><td>Owner</td><td>Acucap Investments (Pty) Ltd</td></tr>\n    <tr><td>Name_of_Holding_Company</td><td></td></tr>\n    <tr><td>Name_of_Developer</td><td></td></tr>\n    <tr><td>Year_Developed</td><td>2014</td></tr>\n    <tr><td>Year_Last_Refurbished</td><td>0</td></tr>\n    <tr><td>No_of_Retail_Floors</td><td>1</td></tr>\n    <tr><td>Latest_Annual_Foot_Count</td><td>0</td></tr>\n    <tr><td>No_of_Shops</td><td>26</td></tr>\n    <tr><td>Main_Anchors</td><td>CheckersHyper, House & Home</td></tr>\n    <tr><td>Parking_Total</td><td>987</td></tr>"},"_name":"Helderberg Centre"}},{"type":"Feature","geometry":{"type":"Point","coordinates":[18.4922329986976,-33.562560010569,0]},"properties":{"name":"Atlantis City Mall","visibility":false,"description":{"@type":"html","value":"<br><br><br>\n    <table border=\"1\" padding=\"0\">\n    <tr><td>Shopping_Centre_Name</td><td>Atlantis City Mall</td></tr>\n    <tr><td>Street_Address</td><td>Westfluer Centre</td></tr>\n    <tr><td>Street_Suburb</td><td></td></tr>\n    <tr><td>Street_City_or_Town</td><td>Atlantis</td></tr>\n    <tr><td>Street_Province_</td><td>Western Cape</td></tr>\n    <tr><td>Street_Country</td><td>South Africa</td></tr>\n    <tr><td>Core_Classification_ICSC</td><td>Community Centre</td></tr>\n    <tr><td>Classification_MD</td><td>Community Centre</td></tr>\n    <tr><td>Gross_Leasable_Floor_Area_in_sq</td><td>22077</td></tr>\n    <tr><td>Centre_Manager_Name</td><td>Fiona Conrad</td></tr>\n    <tr><td>Centre_Manager_Telephone</td><td>+2721 572 2633</td></tr>\n    <tr><td>Centre_Manager_Mobile</td><td></td></tr>\n    <tr><td>Centre_Manager_Email</td><td>atlantis@synergyincomefund.com</td></tr>\n    <tr><td>Shopping_Centre_Website</td><td>www.synergyincomefund.com</td></tr>\n    <tr><td>Type</td><td>Majors</td></tr>\n    <tr><td>Leasing_Company_Name</td><td>Synergy Income Fund Ltd</td></tr>\n    <tr><td>Leasing_Manager_Name</td><td>Diana Prosser</td></tr>\n    <tr><td>Leasing_Manager_Telephone</td><td>+2721 673 3319</td></tr>\n    <tr><td>Leasing_Manager_Mobile</td><td></td></tr>\n    <tr><td>Marketing_Company_Name</td><td></td></tr>\n    <tr><td>Owner</td><td>Synergy Income Fund Ltd</td></tr>\n    <tr><td>Name_of_Holding_Company</td><td></td></tr>\n    <tr><td>Name_of_Developer</td><td></td></tr>\n    <tr><td>Year_Developed</td><td>1981</td></tr>\n    <tr><td>Year_Last_Refurbished</td><td>2013</td></tr>\n    <tr><td>No_of_Retail_Floors</td><td>1</td></tr>\n    <tr><td>Latest_Annual_Foot_Count</td><td>0</td></tr>\n    <tr><td>No_of_Shops</td><td>98</td></tr>\n    <tr><td>Main_Anchors</td><td>Shoprite,  Pick n Pay, Mr Price, Clicks, Jet</td></tr>\n    <tr><td>Parking_Total</td><td>0</td></tr>"},"_name":"Atlantis City Mall"}},{"type":"Feature","geometry":{"type":"Point","coordinates":[18.4698469810228,-34.002594011293,0]},"properties":{"name":"Maynard Mall","visibility":false,"description":{"@type":"html","value":"<br><br><br>\n    <table border=\"1\" padding=\"0\">\n    <tr><td>Shopping_Centre_Name</td><td>Maynard Mall</td></tr>\n    <tr><td>Street_Address</td><td>Cnr Main & Wetton Road</td></tr>\n    <tr><td>Street_Suburb</td><td>Wynberg</td></tr>\n    <tr><td>Street_City_or_Town</td><td>Cape Town</td></tr>\n    <tr><td>Street_Province_</td><td>Western Cape</td></tr>\n    <tr><td>Street_Country</td><td>South Africa</td></tr>\n    <tr><td>Core_Classification_ICSC</td><td>Community Centre</td></tr>\n    <tr><td>Classification_MD</td><td>Community Centre</td></tr>\n    <tr><td>Gross_Leasable_Floor_Area_in_sq</td><td>23600</td></tr>\n    <tr><td>Centre_Manager_Name</td><td>Vincent Peters</td></tr>\n    <tr><td>Centre_Manager_Telephone</td><td>+2721 762 9428</td></tr>\n    <tr><td>Centre_Manager_Mobile</td><td>+2771 422 1690</td></tr>\n    <tr><td>Centre_Manager_Email</td><td>vincent@firstair.co.za</td></tr>\n    <tr><td>Shopping_Centre_Website</td><td></td></tr>\n    <tr><td>Type</td><td>Majors</td></tr>\n    <tr><td>Leasing_Company_Name</td><td>Redefine Properties Ltd</td></tr>\n    <tr><td>Leasing_Manager_Name</td><td>Lorraine Snyman</td></tr>\n    <tr><td>Leasing_Manager_Telephone</td><td>+2721 443 7600</td></tr>\n    <tr><td>Leasing_Manager_Mobile</td><td>+2772 276 6017</td></tr>\n    <tr><td>Marketing_Company_Name</td><td>The Blue Room</td></tr>\n    <tr><td>Owner</td><td>Redefine Income Fund Ltd</td></tr>\n    <tr><td>Name_of_Holding_Company</td><td>Redefine Properties Ltd</td></tr>\n    <tr><td>Name_of_Developer</td><td>Redefine Properties Ltd</td></tr>\n    <tr><td>Year_Developed</td><td>1988</td></tr>\n    <tr><td>Year_Last_Refurbished</td><td>2012</td></tr>\n    <tr><td>No_of_Retail_Floors</td><td>3</td></tr>\n    <tr><td>Latest_Annual_Foot_Count</td><td>0</td></tr>\n    <tr><td>No_of_Shops</td><td>58</td></tr>\n    <tr><td>Main_Anchors</td><td>Shoprite, Woolworths, Edgars, Truworths, Jumbo, Foschini</td></tr>\n    <tr><td>Parking_Total</td><td>600</td></tr>"},"_name":"Maynard Mall"}},{"type":"Feature","geometry":{"type":"Point","coordinates":[18.6815999815528,-33.882999990732,0]},"properties":{"name":"Fairbridge Mall","visibility":false,"description":{"@type":"html","value":"<br><br><br>\n    <table border=\"1\" padding=\"0\">\n    <tr><td>Shopping_Centre_Name</td><td>Fairbridge Mall</td></tr>\n    <tr><td>Street_Address</td><td>Cnr Old Paarl Road & Brackenfell Boulevard</td></tr>\n    <tr><td>Street_Suburb</td><td></td></tr>\n    <tr><td>Street_City_or_Town</td><td>Brackenfell</td></tr>\n    <tr><td>Street_Province_</td><td>Western Cape</td></tr>\n    <tr><td>Street_Country</td><td>South Africa</td></tr>\n    <tr><td>Core_Classification_ICSC</td><td>Community Centre</td></tr>\n    <tr><td>Classification_MD</td><td>Community Centre</td></tr>\n    <tr><td>Gross_Leasable_Floor_Area_in_sq</td><td>23924</td></tr>\n    <tr><td>Centre_Manager_Name</td><td>Andries Smal</td></tr>\n    <tr><td>Centre_Manager_Telephone</td><td>+2721 981 8930</td></tr>\n    <tr><td>Centre_Manager_Mobile</td><td></td></tr>\n    <tr><td>Centre_Manager_Email</td><td>management@fairbridgemall.co.za; info@fairbridgemall.co.za</td></tr>\n    <tr><td>Shopping_Centre_Website</td><td>www.fairbridgemall.co.za</td></tr>\n    <tr><td>Type</td><td>2 to 3</td></tr>\n    <tr><td>Leasing_Company_Name</td><td>Global Asset Investment Network</td></tr>\n    <tr><td>Leasing_Manager_Name</td><td>Andre van der Merwe</td></tr>\n    <tr><td>Leasing_Manager_Telephone</td><td>+2721 402 8700</td></tr>\n    <tr><td>Leasing_Manager_Mobile</td><td>+2783 700 4366</td></tr>\n    <tr><td>Marketing_Company_Name</td><td></td></tr>\n    <tr><td>Owner</td><td>Fairbridge Mall (Pty) Ltd</td></tr>\n    <tr><td>Name_of_Holding_Company</td><td></td></tr>\n    <tr><td>Name_of_Developer</td><td>Monex Development Company (Pty) Ltd</td></tr>\n    <tr><td>Year_Developed</td><td>1988</td></tr>\n    <tr><td>Year_Last_Refurbished</td><td>2005</td></tr>\n    <tr><td>No_of_Retail_Floors</td><td>1</td></tr>\n    <tr><td>Latest_Annual_Foot_Count</td><td>2999777</td></tr>\n    <tr><td>No_of_Shops</td><td>81</td></tr>\n    <tr><td>Main_Anchors</td><td>CheckersHyper, Clicks, Ackermans, Mr Price</td></tr>\n    <tr><td>Parking_Total</td><td>1660</td></tr>"},"_name":"Fairbridge Mall"}},{"type":"Feature","geometry":{"type":"Point","coordinates":[18.5664000195094,-33.986199992096,0]},"properties":{"name":"Gugulethu Square Shopping Centre","visibility":false,"description":{"@type":"html","value":"<br><br><br>\n    <table border=\"1\" padding=\"0\">\n    <tr><td>Shopping_Centre_Name</td><td>Gugulethu Square Shopping Centre</td></tr>\n    <tr><td>Street_Address</td><td>Cnr NY1, NY3 & NY6</td></tr>\n    <tr><td>Street_Suburb</td><td>Gugulethu</td></tr>\n    <tr><td>Street_City_or_Town</td><td>Cape Town</td></tr>\n    <tr><td>Street_Province_</td><td>Western Cape</td></tr>\n    <tr><td>Street_Country</td><td>South Africa</td></tr>\n    <tr><td>Core_Classification_ICSC</td><td>Small Regional Centre</td></tr>\n    <tr><td>Classification_MD</td><td>Large Community Centre</td></tr>\n    <tr><td>Gross_Leasable_Floor_Area_in_sq</td><td>25338</td></tr>\n    <tr><td>Centre_Manager_Name</td><td>Brent Summers</td></tr>\n    <tr><td>Centre_Manager_Telephone</td><td>+2721 637 7939</td></tr>\n    <tr><td>Centre_Manager_Mobile</td><td></td></tr>\n    <tr><td>Centre_Manager_Email</td><td>gugulethu@synergyincomefund.com</td></tr>\n    <tr><td>Shopping_Centre_Website</td><td>www.synergyincomefund.com</td></tr>\n    <tr><td>Type</td><td>Majors</td></tr>\n    <tr><td>Leasing_Company_Name</td><td>Synergy Income Fund Ltd</td></tr>\n    <tr><td>Leasing_Manager_Name</td><td>Diana Prosser</td></tr>\n    <tr><td>Leasing_Manager_Telephone</td><td>+2721 673 3319</td></tr>\n    <tr><td>Leasing_Manager_Mobile</td><td></td></tr>\n    <tr><td>Marketing_Company_Name</td><td></td></tr>\n    <tr><td>Owner</td><td>Synergy Income Fund Ltd</td></tr>\n    <tr><td>Name_of_Holding_Company</td><td></td></tr>\n    <tr><td>Name_of_Developer</td><td>Group 5</td></tr>\n    <tr><td>Year_Developed</td><td>2009</td></tr>\n    <tr><td>Year_Last_Refurbished</td><td>0</td></tr>\n    <tr><td>No_of_Retail_Floors</td><td>1</td></tr>\n    <tr><td>Latest_Annual_Foot_Count</td><td>0</td></tr>\n    <tr><td>No_of_Shops</td><td>91</td></tr>\n    <tr><td>Main_Anchors</td><td>Shoprite, Superspar</td></tr>\n    <tr><td>Parking_Total</td><td>0</td></tr>"},"_name":"Gugulethu Square Shopping Centre"}},{"type":"Feature","geometry":{"type":"Point","coordinates":[18.501134004031,-33.800098002182,0]},"properties":{"name":"Sandown Retail","visibility":false,"description":{"@type":"html","value":"<br><br><br>\n    <table border=\"1\" padding=\"0\">\n    <tr><td>Shopping_Centre_Name</td><td>Sandown Retail</td></tr>\n    <tr><td>Street_Address</td><td>Sandown Road</td></tr>\n    <tr><td>Street_Suburb</td><td>Parklands</td></tr>\n    <tr><td>Street_City_or_Town</td><td>Cape Town</td></tr>\n    <tr><td>Street_Province_</td><td>Western Cape</td></tr>\n    <tr><td>Street_Country</td><td>South Africa</td></tr>\n    <tr><td>Core_Classification_ICSC</td><td>Small Regional Centre</td></tr>\n    <tr><td>Classification_MD</td><td>Large Community Centre</td></tr>\n    <tr><td>Gross_Leasable_Floor_Area_in_sq</td><td>26816</td></tr>\n    <tr><td>Centre_Manager_Name</td><td>Karen Wattel</td></tr>\n    <tr><td>Centre_Manager_Telephone</td><td></td></tr>\n    <tr><td>Centre_Manager_Mobile</td><td>+2782 351 9004</td></tr>\n    <tr><td>Centre_Manager_Email</td><td>kwattel@shoprite.co.za</td></tr>\n    <tr><td>Shopping_Centre_Website</td><td>www.sandownretailcrossing.co.za</td></tr>\n    <tr><td>Type</td><td>Majors</td></tr>\n    <tr><td>Leasing_Company_Name</td><td>Shoprite Checkers (Pty) Ltd - Property Division</td></tr>\n    <tr><td>Leasing_Manager_Name</td><td>Bruce Low</td></tr>\n    <tr><td>Leasing_Manager_Telephone</td><td>+2721 980 4638</td></tr>\n    <tr><td>Leasing_Manager_Mobile</td><td>+2782 802 1766</td></tr>\n    <tr><td>Marketing_Company_Name</td><td>Shoprite Checkers (Pty) Ltd - Marketing Division</td></tr>\n    <tr><td>Owner</td><td>Shoprite Checkers (Pty) Ltd</td></tr>\n    <tr><td>Name_of_Holding_Company</td><td></td></tr>\n    <tr><td>Name_of_Developer</td><td></td></tr>\n    <tr><td>Year_Developed</td><td>2012</td></tr>\n    <tr><td>Year_Last_Refurbished</td><td>0</td></tr>\n    <tr><td>No_of_Retail_Floors</td><td>1</td></tr>\n    <tr><td>Latest_Annual_Foot_Count</td><td>0</td></tr>\n    <tr><td>No_of_Shops</td><td>51</td></tr>\n    <tr><td>Main_Anchors</td><td>CheckersHyper</td></tr>\n    <tr><td>Parking_Total</td><td>1374</td></tr>"},"_name":"Sandown Retail"}},{"type":"Feature","geometry":{"type":"Point","coordinates":[18.5093790165652,-33.882276999918,0]},"properties":{"name":"Sable Square Shopping Centre","visibility":false,"description":{"@type":"html","value":"<br><br><br>\n    <table border=\"1\" padding=\"0\">\n    <tr><td>Shopping_Centre_Name</td><td>Sable Square Shopping Centre</td></tr>\n    <tr><td>Street_Address</td><td>Cnr Bosmandsdam & Ratanga Roads</td></tr>\n    <tr><td>Street_Suburb</td><td>Century City</td></tr>\n    <tr><td>Street_City_or_Town</td><td>Cape Town</td></tr>\n    <tr><td>Street_Province_</td><td>Western Cape</td></tr>\n    <tr><td>Street_Country</td><td>South Africa</td></tr>\n    <tr><td>Core_Classification_ICSC</td><td>Small Regional Centre</td></tr>\n    <tr><td>Classification_MD</td><td>Large Community Centre</td></tr>\n    <tr><td>Gross_Leasable_Floor_Area_in_sq</td><td>27082</td></tr>\n    <tr><td>Centre_Manager_Name</td><td>Robert Platelle</td></tr>\n    <tr><td>Centre_Manager_Telephone</td><td>+2721 551 9562</td></tr>\n    <tr><td>Centre_Manager_Mobile</td><td></td></tr>\n    <tr><td>Centre_Manager_Email</td><td>robert@firstair.co.za</td></tr>\n    <tr><td>Shopping_Centre_Website</td><td></td></tr>\n    <tr><td>Type</td><td>Majors</td></tr>\n    <tr><td>Leasing_Company_Name</td><td>Redefine Properties Ltd</td></tr>\n    <tr><td>Leasing_Manager_Name</td><td>Lorraine Snyman</td></tr>\n    <tr><td>Leasing_Manager_Telephone</td><td>+2721 443 7600</td></tr>\n    <tr><td>Leasing_Manager_Mobile</td><td>+2772 276 6017</td></tr>\n    <tr><td>Marketing_Company_Name</td><td>Redefine Properties Ltd</td></tr>\n    <tr><td>Owner</td><td>Redefine Income Fund Ltd</td></tr>\n    <tr><td>Name_of_Holding_Company</td><td>Redefine Properties Ltd</td></tr>\n    <tr><td>Name_of_Developer</td><td>Redefine Properties Ltd</td></tr>\n    <tr><td>Year_Developed</td><td>2004</td></tr>\n    <tr><td>Year_Last_Refurbished</td><td>2011</td></tr>\n    <tr><td>No_of_Retail_Floors</td><td>1</td></tr>\n    <tr><td>Latest_Annual_Foot_Count</td><td>0</td></tr>\n    <tr><td>No_of_Shops</td><td>39</td></tr>\n    <tr><td>Main_Anchors</td><td>Pick n Pay, Spur, Whitehouse, Adidas</td></tr>\n    <tr><td>Parking_Total</td><td>686</td></tr>"},"_name":"Sable Square Shopping Centre"}},{"type":"Feature","geometry":{"type":"Point","coordinates":[18.5170569851632,-34.019702999684,0]},"properties":{"name":"Ottery Centre","visibility":false,"description":{"@type":"html","value":"<br><br><br>\n    <table border=\"1\" padding=\"0\">\n    <tr><td>Shopping_Centre_Name</td><td>Ottery Centre</td></tr>\n    <tr><td>Street_Address</td><td>New Ottery Road</td></tr>\n    <tr><td>Street_Suburb</td><td>Ottery</td></tr>\n    <tr><td>Street_City_or_Town</td><td>Cape Town</td></tr>\n    <tr><td>Street_Province_</td><td>Western Cape</td></tr>\n    <tr><td>Street_Country</td><td>South Africa</td></tr>\n    <tr><td>Core_Classification_ICSC</td><td>Value Centre</td></tr>\n    <tr><td>Classification_MD</td><td>Hyper Centre</td></tr>\n    <tr><td>Gross_Leasable_Floor_Area_in_sq</td><td>27303</td></tr>\n    <tr><td>Centre_Manager_Name</td><td>Hylton Davies</td></tr>\n    <tr><td>Centre_Manager_Telephone</td><td>+2721 703 0821</td></tr>\n    <tr><td>Centre_Manager_Mobile</td><td>+2782 229 3499</td></tr>\n    <tr><td>Centre_Manager_Email</td><td>hyltond@ftps.co.za</td></tr>\n    <tr><td>Shopping_Centre_Website</td><td>www.otterycentre.co.za</td></tr>\n    <tr><td>Type</td><td>Majors</td></tr>\n    <tr><td>Leasing_Company_Name</td><td>Redefine Properties Ltd</td></tr>\n    <tr><td>Leasing_Manager_Name</td><td>Lorraine Snyman</td></tr>\n    <tr><td>Leasing_Manager_Telephone</td><td>+2721 443 7600</td></tr>\n    <tr><td>Leasing_Manager_Mobile</td><td>+2772 276 6017</td></tr>\n    <tr><td>Marketing_Company_Name</td><td>Redefine Properties Ltd</td></tr>\n    <tr><td>Owner</td><td>Redefine Income Fund Ltd</td></tr>\n    <tr><td>Name_of_Holding_Company</td><td>Redefine Properties Ltd</td></tr>\n    <tr><td>Name_of_Developer</td><td>Redefine Properties Ltd</td></tr>\n    <tr><td>Year_Developed</td><td>1985</td></tr>\n    <tr><td>Year_Last_Refurbished</td><td>2014</td></tr>\n    <tr><td>No_of_Retail_Floors</td><td>1</td></tr>\n    <tr><td>Latest_Annual_Foot_Count</td><td>0</td></tr>\n    <tr><td>No_of_Shops</td><td>57</td></tr>\n    <tr><td>Main_Anchors</td><td>Pick n Pay Hypermarket, Pep, Ackermans</td></tr>\n    <tr><td>Parking_Total</td><td>1446</td></tr>"},"_name":"Ottery Centre"}},{"type":"Feature","geometry":{"type":"Point","coordinates":[18.4182619895716,-33.915759992654,0]},"properties":{"name":"Cape Quarter Lifestyle Village","visibility":false,"description":{"@type":"html","value":"<br><br><br>\n    <table border=\"1\" padding=\"0\">\n    <tr><td>Shopping_Centre_Name</td><td>Cape Quarter Lifestyle Village</td></tr>\n    <tr><td>Street_Address</td><td>Somerset Road</td></tr>\n    <tr><td>Street_Suburb</td><td>Green Point</td></tr>\n    <tr><td>Street_City_or_Town</td><td>Cape Town</td></tr>\n    <tr><td>Street_Province_</td><td>Western Cape</td></tr>\n    <tr><td>Street_Country</td><td>South Africa</td></tr>\n    <tr><td>Core_Classification_ICSC</td><td>Lifestyle Centre</td></tr>\n    <tr><td>Classification_MD</td><td>Lifestyle Centre</td></tr>\n    <tr><td>Gross_Leasable_Floor_Area_in_sq</td><td>27720.05</td></tr>\n    <tr><td>Centre_Manager_Name</td><td>Anne Mylo</td></tr>\n    <tr><td>Centre_Manager_Telephone</td><td>+2721 421 1111</td></tr>\n    <tr><td>Centre_Manager_Mobile</td><td></td></tr>\n    <tr><td>Centre_Manager_Email</td><td>anne@capequarter.co.za</td></tr>\n    <tr><td>Shopping_Centre_Website</td><td>www.capequarter.co.za</td></tr>\n    <tr><td>Type</td><td>Majors</td></tr>\n    <tr><td>Leasing_Company_Name</td><td>Spire Property Management (Pty) Ltd</td></tr>\n    <tr><td>Leasing_Manager_Name</td><td>St John Gardener</td></tr>\n    <tr><td>Leasing_Manager_Telephone</td><td>+2721 685 4020</td></tr>\n    <tr><td>Leasing_Manager_Mobile</td><td></td></tr>\n    <tr><td>Marketing_Company_Name</td><td>Spire Property Management (Pty) Ltd</td></tr>\n    <tr><td>Owner</td><td>Tower Property Income Fund Ltd</td></tr>\n    <tr><td>Name_of_Holding_Company</td><td></td></tr>\n    <tr><td>Name_of_Developer</td><td>Cape Quarter Property Company (Pty) Ltd</td></tr>\n    <tr><td>Year_Developed</td><td>2003</td></tr>\n    <tr><td>Year_Last_Refurbished</td><td>2009</td></tr>\n    <tr><td>No_of_Retail_Floors</td><td>4</td></tr>\n    <tr><td>Latest_Annual_Foot_Count</td><td>0</td></tr>\n    <tr><td>No_of_Shops</td><td>95</td></tr>\n    <tr><td>Main_Anchors</td><td>Cape Quarter Food Spar, Zone Fitness, Uwe Koetter, Pierre Cronje, Victorian Bathrooms, Lindt & Sp_ngli, Pernod Ricard</td></tr>\n    <tr><td>Parking_Total</td><td>900</td></tr>"},"_name":"Cape Quarter Lifestyle Village"}},{"type":"Feature","geometry":{"type":"Point","coordinates":[18.5863840126492,-34.04127799143,0]},"properties":{"name":"Westgate Mall","visibility":false,"description":{"@type":"html","value":"<br><br><br>\n    <table border=\"1\" padding=\"0\">\n    <tr><td>Shopping_Centre_Name</td><td>Westgate Mall</td></tr>\n    <tr><td>Street_Address</td><td>Cnr Morgenster Road & Vanguard Drive</td></tr>\n    <tr><td>Street_Suburb</td><td>Weltevreden Valley</td></tr>\n    <tr><td>Street_City_or_Town</td><td>Mitchell's Plain</td></tr>\n    <tr><td>Street_Province_</td><td>Western Cape</td></tr>\n    <tr><td>Street_Country</td><td>South Africa</td></tr>\n    <tr><td>Core_Classification_ICSC</td><td>Small Regional Centre</td></tr>\n    <tr><td>Classification_MD</td><td>Large Community Centre</td></tr>\n    <tr><td>Gross_Leasable_Floor_Area_in_sq</td><td>28951.45</td></tr>\n    <tr><td>Centre_Manager_Name</td><td>Kim Fraser</td></tr>\n    <tr><td>Centre_Manager_Telephone</td><td>+2721 371 2115</td></tr>\n    <tr><td>Centre_Manager_Mobile</td><td>+2783 270 4526</td></tr>\n    <tr><td>Centre_Manager_Email</td><td>kim.fraser@jhi.co.za</td></tr>\n    <tr><td>Shopping_Centre_Website</td><td>N/A</td></tr>\n    <tr><td>Type</td><td>Majors</td></tr>\n    <tr><td>Leasing_Company_Name</td><td>JHI Properties (Pty) Ltd</td></tr>\n    <tr><td>Leasing_Manager_Name</td><td>Kim Fraser</td></tr>\n    <tr><td>Leasing_Manager_Telephone</td><td>+2721 371 2115</td></tr>\n    <tr><td>Leasing_Manager_Mobile</td><td>+2783 2704526</td></tr>\n    <tr><td>Marketing_Company_Name</td><td>JHI Properties (Pty) Ltd</td></tr>\n    <tr><td>Owner</td><td>Vividend Income Fund Ltd</td></tr>\n    <tr><td>Name_of_Holding_Company</td><td>Vividend Income Fund Ltd</td></tr>\n    <tr><td>Name_of_Developer</td><td></td></tr>\n    <tr><td>Year_Developed</td><td>1992</td></tr>\n    <tr><td>Year_Last_Refurbished</td><td>2007</td></tr>\n    <tr><td>No_of_Retail_Floors</td><td>1</td></tr>\n    <tr><td>Latest_Annual_Foot_Count</td><td>5463000</td></tr>\n    <tr><td>No_of_Shops</td><td>80</td></tr>\n    <tr><td>Main_Anchors</td><td>Checkers, Woolworths, Edgars.</td></tr>\n    <tr><td>Parking_Total</td><td>1745</td></tr>"},"_name":"Westgate Mall"}},{"type":"Feature","geometry":{"type":"Point","coordinates":[18.593500002736,-33.90699999348,0]},"properties":{"name":"Shoprite Park - Parow","visibility":false,"description":{"@type":"html","value":"<br><br><br>\n    <table border=\"1\" padding=\"0\">\n    <tr><td>Shopping_Centre_Name</td><td>Shoprite Park - Parow</td></tr>\n    <tr><td>Street_Address</td><td>Voortrekker Road</td></tr>\n    <tr><td>Street_Suburb</td><td>Parow</td></tr>\n    <tr><td>Street_City_or_Town</td><td>Cape Town</td></tr>\n    <tr><td>Street_Province_</td><td>Western Cape</td></tr>\n    <tr><td>Street_Country</td><td>South Africa</td></tr>\n    <tr><td>Core_Classification_ICSC</td><td>Small Regional Centre</td></tr>\n    <tr><td>Classification_MD</td><td>Hyper Centre</td></tr>\n    <tr><td>Gross_Leasable_Floor_Area_in_sq</td><td>29482</td></tr>\n    <tr><td>Centre_Manager_Name</td><td>Landi Vermeulen</td></tr>\n    <tr><td>Centre_Manager_Telephone</td><td>+2787 841 3244</td></tr>\n    <tr><td>Centre_Manager_Mobile</td><td>+2783 390 0867</td></tr>\n    <tr><td>Centre_Manager_Email</td><td>landiv@redefine.co.za</td></tr>\n    <tr><td>Shopping_Centre_Website</td><td></td></tr>\n    <tr><td>Type</td><td>Majors</td></tr>\n    <tr><td>Leasing_Company_Name</td><td>Redefine Properties Ltd</td></tr>\n    <tr><td>Leasing_Manager_Name</td><td>Lorraine Snyman</td></tr>\n    <tr><td>Leasing_Manager_Telephone</td><td>+2721 443 7600</td></tr>\n    <tr><td>Leasing_Manager_Mobile</td><td>+2772 276 6017</td></tr>\n    <tr><td>Marketing_Company_Name</td><td>Redefine Properties Ltd</td></tr>\n    <tr><td>Owner</td><td>Redefine Income Fund Ltd</td></tr>\n    <tr><td>Name_of_Holding_Company</td><td>Redefine Properties Ltd</td></tr>\n    <tr><td>Name_of_Developer</td><td>Redefine Properties Ltd</td></tr>\n    <tr><td>Year_Developed</td><td>1975</td></tr>\n    <tr><td>Year_Last_Refurbished</td><td>2012</td></tr>\n    <tr><td>No_of_Retail_Floors</td><td>1</td></tr>\n    <tr><td>Latest_Annual_Foot_Count</td><td>0</td></tr>\n    <tr><td>No_of_Shops</td><td>40</td></tr>\n    <tr><td>Main_Anchors</td><td>Shoprite Superstore, Fruit & Veg City, OK Furniture</td></tr>\n    <tr><td>Parking_Total</td><td>965</td></tr>"},"_name":"Shoprite Park - Parow"}},{"type":"Feature","geometry":{"type":"Point","coordinates":[18.5386459886068,-33.961378988468,0]},"properties":{"name":"Vangate Mall","visibility":false,"description":{"@type":"html","value":"<br><br><br>\n    <table border=\"1\" padding=\"0\">\n    <tr><td>Shopping_Centre_Name</td><td>Vangate Mall</td></tr>\n    <tr><td>Street_Address</td><td>Cnr N2 Freeway & Vanguard Drive</td></tr>\n    <tr><td>Street_Suburb</td><td>Athlone</td></tr>\n    <tr><td>Street_City_or_Town</td><td>Cape Town</td></tr>\n    <tr><td>Street_Province_</td><td>Western Cape</td></tr>\n    <tr><td>Street_Country</td><td>South Africa</td></tr>\n    <tr><td>Core_Classification_ICSC</td><td>Small Regional Centre</td></tr>\n    <tr><td>Classification_MD</td><td>Large Community Centre</td></tr>\n    <tr><td>Gross_Leasable_Floor_Area_in_sq</td><td>30449</td></tr>\n    <tr><td>Centre_Manager_Name</td><td>Tamara Nqcizela</td></tr>\n    <tr><td>Centre_Manager_Telephone</td><td>+2721 633 1258</td></tr>\n    <tr><td>Centre_Manager_Mobile</td><td></td></tr>\n    <tr><td>Centre_Manager_Email</td><td>Tamara.Nqcizela@pic.gov.za</td></tr>\n    <tr><td>Shopping_Centre_Website</td><td>www.vangatemall.co.za</td></tr>\n    <tr><td>Type</td><td>Majors</td></tr>\n    <tr><td>Leasing_Company_Name</td><td>Public Investment Corporation SOC Ltd (Mowana Properties)</td></tr>\n    <tr><td>Leasing_Manager_Name</td><td>Karen Veenendaal</td></tr>\n    <tr><td>Leasing_Manager_Telephone</td><td>+2721 685 2252</td></tr>\n    <tr><td>Leasing_Manager_Mobile</td><td>+2782 294 0884</td></tr>\n    <tr><td>Marketing_Company_Name</td><td>ESP Strategic Marketing Solutions</td></tr>\n    <tr><td>Owner</td><td>Government Employees Pension Fund c/o Public Investment Corporation</td></tr>\n    <tr><td>Name_of_Holding_Company</td><td>Public Investment Company</td></tr>\n    <tr><td>Name_of_Developer</td><td>Zenprop Property Holdings (Pty) Ltd</td></tr>\n    <tr><td>Year_Developed</td><td>2005</td></tr>\n    <tr><td>Year_Last_Refurbished</td><td>0</td></tr>\n    <tr><td>No_of_Retail_Floors</td><td>1</td></tr>\n    <tr><td>Latest_Annual_Foot_Count</td><td>0</td></tr>\n    <tr><td>No_of_Shops</td><td>180</td></tr>\n    <tr><td>Main_Anchors</td><td>Edgars, Pick n Pay, Woolworths, Elite SM</td></tr>\n    <tr><td>Parking_Total</td><td>1500</td></tr>"},"_name":"Vangate Mall"}},{"type":"Feature","geometry":{"type":"Point","coordinates":[18.3897000031198,-34.12320000996,0]},"properties":{"name":"Longbeach Mall","visibility":false,"description":{"@type":"html","value":"<br><br><br>\n    <table border=\"1\" padding=\"0\">\n    <tr><td>Shopping_Centre_Name</td><td>Longbeach Mall</td></tr>\n    <tr><td>Street_Address</td><td>Cnr Buller Louw Drive & Sunnydale Road</td></tr>\n    <tr><td>Street_Suburb</td><td>Noordhoek</td></tr>\n    <tr><td>Street_City_or_Town</td><td>Cape Town</td></tr>\n    <tr><td>Street_Province_</td><td>Western Cape</td></tr>\n    <tr><td>Street_Country</td><td>South Africa</td></tr>\n    <tr><td>Core_Classification_ICSC</td><td>Small Regional Centre</td></tr>\n    <tr><td>Classification_MD</td><td>Minor Regional Centre</td></tr>\n    <tr><td>Gross_Leasable_Floor_Area_in_sq</td><td>31237</td></tr>\n    <tr><td>Centre_Manager_Name</td><td>Stefan Roodt</td></tr>\n    <tr><td>Centre_Manager_Telephone</td><td>+2721 785 5955</td></tr>\n    <tr><td>Centre_Manager_Mobile</td><td>+2782 445 1196</td></tr>\n    <tr><td>Centre_Manager_Email</td><td>sroodt@growthpoint.co.za</td></tr>\n    <tr><td>Shopping_Centre_Website</td><td>www.longbeachmall.co.za</td></tr>\n    <tr><td>Type</td><td>Majors</td></tr>\n    <tr><td>Leasing_Company_Name</td><td>Growthpoint Management Services (Pty) Ltd</td></tr>\n    <tr><td>Leasing_Manager_Name</td><td>Stefan Roodt</td></tr>\n    <tr><td>Leasing_Manager_Telephone</td><td>+2721 785 5955</td></tr>\n    <tr><td>Leasing_Manager_Mobile</td><td>+2782 445 1196</td></tr>\n    <tr><td>Marketing_Company_Name</td><td>Mustard Seed Relationships Marketing cc</td></tr>\n    <tr><td>Owner</td><td>Growthpoint Properties Ltd</td></tr>\n    <tr><td>Name_of_Holding_Company</td><td>Growthpoint Properties Ltd</td></tr>\n    <tr><td>Name_of_Developer</td><td>Boness Development Phase Three (Pty) Ltd</td></tr>\n    <tr><td>Year_Developed</td><td>2001</td></tr>\n    <tr><td>Year_Last_Refurbished</td><td>2012</td></tr>\n    <tr><td>No_of_Retail_Floors</td><td>1</td></tr>\n    <tr><td>Latest_Annual_Foot_Count</td><td>5184799</td></tr>\n    <tr><td>No_of_Shops</td><td>90</td></tr>\n    <tr><td>Main_Anchors</td><td>Pick n Pay Supermarket, Woolworths, Edgars, Food Lover's Market</td></tr>\n    <tr><td>Parking_Total</td><td>1699</td></tr>"},"_name":"Longbeach Mall"}},{"type":"Feature","geometry":{"type":"Point","coordinates":[18.8606999963074,-33.935399997603,0]},"properties":{"name":"Eikestad Mall","visibility":false,"description":{"@type":"html","value":"<br><br><br>\n    <table border=\"1\" padding=\"0\">\n    <tr><td>Shopping_Centre_Name</td><td>Eikestad Mall</td></tr>\n    <tr><td>Street_Address</td><td>Andringa Street</td></tr>\n    <tr><td>Street_Suburb</td><td>Central</td></tr>\n    <tr><td>Street_City_or_Town</td><td>Stellenbosch</td></tr>\n    <tr><td>Street_Province_</td><td>Western Cape</td></tr>\n    <tr><td>Street_Country</td><td>South Africa</td></tr>\n    <tr><td>Core_Classification_ICSC</td><td>Small Regional Centre</td></tr>\n    <tr><td>Classification_MD</td><td>Minor Regional Centre</td></tr>\n    <tr><td>Gross_Leasable_Floor_Area_in_sq</td><td>32254</td></tr>\n    <tr><td>Centre_Manager_Name</td><td>Karin Retief</td></tr>\n    <tr><td>Centre_Manager_Telephone</td><td>+2721 886 6267</td></tr>\n    <tr><td>Centre_Manager_Mobile</td><td></td></tr>\n    <tr><td>Centre_Manager_Email</td><td>karin@eikestadmall.co.za</td></tr>\n    <tr><td>Shopping_Centre_Website</td><td>www.eikestadmall.co.za</td></tr>\n    <tr><td>Type</td><td>2 to 3</td></tr>\n    <tr><td>Leasing_Company_Name</td><td>Attacq Retail Management (Pty) Ltd and Key Capital Property Holdings (Pty) Ltd</td></tr>\n    <tr><td>Leasing_Manager_Name</td><td>Karin Retief</td></tr>\n    <tr><td>Leasing_Manager_Telephone</td><td>+2721 886 6267</td></tr>\n    <tr><td>Leasing_Manager_Mobile</td><td></td></tr>\n    <tr><td>Marketing_Company_Name</td><td>Mustard Seed</td></tr>\n    <tr><td>Owner</td><td>Attacq Retail Fund (Pty) Ltd and Key Capital Property Holdings (Pty) Ltd</td></tr>\n    <tr><td>Name_of_Holding_Company</td><td>Attacq Retail Fund (Pty) Ltd and Key Capital Property Holdings (Pty) Ltd</td></tr>\n    <tr><td>Name_of_Developer</td><td>Abacus / Atterbury</td></tr>\n    <tr><td>Year_Developed</td><td>1974</td></tr>\n    <tr><td>Year_Last_Refurbished</td><td>2012</td></tr>\n    <tr><td>No_of_Retail_Floors</td><td>2</td></tr>\n    <tr><td>Latest_Annual_Foot_Count</td><td>0</td></tr>\n    <tr><td>No_of_Shops</td><td>97</td></tr>\n    <tr><td>Main_Anchors</td><td>Checkers, Woolworths</td></tr>\n    <tr><td>Parking_Total</td><td>0</td></tr>"},"_name":"Eikestad Mall"}},{"type":"Feature","geometry":{"type":"Point","coordinates":[18.4234029907126,-33.923665989958,0]},"properties":{"name":"Grand Central Shopping Centre","visibility":false,"description":{"@type":"html","value":"<br><br><br>\n    <table border=\"1\" padding=\"0\">\n    <tr><td>Shopping_Centre_Name</td><td>Grand Central Shopping Centre</td></tr>\n    <tr><td>Street_Address</td><td>Cnr Plein & Darling Streets</td></tr>\n    <tr><td>Street_Suburb</td><td>Central</td></tr>\n    <tr><td>Street_City_or_Town</td><td>Cape Town</td></tr>\n    <tr><td>Street_Province_</td><td>Western Cape</td></tr>\n    <tr><td>Street_Country</td><td>South Africa</td></tr>\n    <tr><td>Core_Classification_ICSC</td><td>Small Regional Centre</td></tr>\n    <tr><td>Classification_MD</td><td>CBD/Town Centre</td></tr>\n    <tr><td>Gross_Leasable_Floor_Area_in_sq</td><td>33444.54</td></tr>\n    <tr><td>Centre_Manager_Name</td><td>Phillip Briedenhann</td></tr>\n    <tr><td>Centre_Manager_Telephone</td><td>+2721 943 1015</td></tr>\n    <tr><td>Centre_Manager_Mobile</td><td>+2784 603 2406</td></tr>\n    <tr><td>Centre_Manager_Email</td><td>phillip.briedenhann@jhi.co.za</td></tr>\n    <tr><td>Shopping_Centre_Website</td><td></td></tr>\n    <tr><td>Type</td><td>Majors</td></tr>\n    <tr><td>Leasing_Company_Name</td><td>JHI Properties (Pty) Ltd</td></tr>\n    <tr><td>Leasing_Manager_Name</td><td>Phillip Briedenhann</td></tr>\n    <tr><td>Leasing_Manager_Telephone</td><td>+2721 943 1015</td></tr>\n    <tr><td>Leasing_Manager_Mobile</td><td>+2784 603 2406</td></tr>\n    <tr><td>Marketing_Company_Name</td><td>JHI Properties (Pty) Ltd</td></tr>\n    <tr><td>Owner</td><td>Ascension Properties Ltd</td></tr>\n    <tr><td>Name_of_Holding_Company</td><td>Ascension Properties</td></tr>\n    <tr><td>Name_of_Developer</td><td></td></tr>\n    <tr><td>Year_Developed</td><td>1989</td></tr>\n    <tr><td>Year_Last_Refurbished</td><td>1998</td></tr>\n    <tr><td>No_of_Retail_Floors</td><td>1</td></tr>\n    <tr><td>Latest_Annual_Foot_Count</td><td>0</td></tr>\n    <tr><td>No_of_Shops</td><td>24</td></tr>\n    <tr><td>Main_Anchors</td><td>Mr Price, Nedbank, Game</td></tr>\n    <tr><td>Parking_Total</td><td>682</td></tr>"},"_name":"Grand Central Shopping Centre"}},{"type":"Feature","geometry":{"type":"Point","coordinates":[18.4230319989856,-33.922498988197,0]},"properties":{"name":"Golden Acre","visibility":false,"description":{"@type":"html","value":"<br><br><br>\n    <table border=\"1\" padding=\"0\">\n    <tr><td>Shopping_Centre_Name</td><td>Golden Acre</td></tr>\n    <tr><td>Street_Address</td><td>Adderley Street</td></tr>\n    <tr><td>Street_Suburb</td><td>Central</td></tr>\n    <tr><td>Street_City_or_Town</td><td>Cape Town</td></tr>\n    <tr><td>Street_Province_</td><td>Western Cape</td></tr>\n    <tr><td>Street_Country</td><td>South Africa</td></tr>\n    <tr><td>Core_Classification_ICSC</td><td>Small Regional Centre</td></tr>\n    <tr><td>Classification_MD</td><td>Minor Regional Centre</td></tr>\n    <tr><td>Gross_Leasable_Floor_Area_in_sq</td><td>33739</td></tr>\n    <tr><td>Centre_Manager_Name</td><td>Renée English</td></tr>\n    <tr><td>Centre_Manager_Telephone</td><td>+2721 425 7147</td></tr>\n    <tr><td>Centre_Manager_Mobile</td><td></td></tr>\n    <tr><td>Centre_Manager_Email</td><td>renglish@growthpoint.co.za</td></tr>\n    <tr><td>Shopping_Centre_Website</td><td>www.goldenacre.mobi</td></tr>\n    <tr><td>Type</td><td>Majors</td></tr>\n    <tr><td>Leasing_Company_Name</td><td>Growthpoint Management Services (Pty) Ltd</td></tr>\n    <tr><td>Leasing_Manager_Name</td><td>Renée English</td></tr>\n    <tr><td>Leasing_Manager_Telephone</td><td>+2721 425 7147</td></tr>\n    <tr><td>Leasing_Manager_Mobile</td><td></td></tr>\n    <tr><td>Marketing_Company_Name</td><td>Mustard Seed Relationships Marketing cc</td></tr>\n    <tr><td>Owner</td><td>Paramount Property Fund Ltd</td></tr>\n    <tr><td>Name_of_Holding_Company</td><td>Growthpoint Properties Ltd</td></tr>\n    <tr><td>Name_of_Developer</td><td>Murray & Roberts Properties Services (Pty) Ltd / Sanlam</td></tr>\n    <tr><td>Year_Developed</td><td>1979</td></tr>\n    <tr><td>Year_Last_Refurbished</td><td>2009</td></tr>\n    <tr><td>No_of_Retail_Floors</td><td>4</td></tr>\n    <tr><td>Latest_Annual_Foot_Count</td><td>0</td></tr>\n    <tr><td>No_of_Shops</td><td>85</td></tr>\n    <tr><td>Main_Anchors</td><td>Foschini, Pep, Ackermans</td></tr>\n    <tr><td>Parking_Total</td><td>836</td></tr>"},"_name":"Golden Acre"}},{"type":"Feature","geometry":{"type":"Point","coordinates":[18.6854909978974,-33.878323988202,0]},"properties":{"name":"Brackenfell Centre","visibility":false,"description":{"@type":"html","value":"<br><br><br>\n    <table border=\"1\" padding=\"0\">\n    <tr><td>Shopping_Centre_Name</td><td>Brackenfell Centre</td></tr>\n    <tr><td>Street_Address</td><td>Cnr Old Paarl Road & Jeannette Street</td></tr>\n    <tr><td>Street_Suburb</td><td></td></tr>\n    <tr><td>Street_City_or_Town</td><td>Brackenfell</td></tr>\n    <tr><td>Street_Province_</td><td>Western Cape</td></tr>\n    <tr><td>Street_Country</td><td>South Africa</td></tr>\n    <tr><td>Core_Classification_ICSC</td><td>Value Centre</td></tr>\n    <tr><td>Classification_MD</td><td>Hyper Centre</td></tr>\n    <tr><td>Gross_Leasable_Floor_Area_in_sq</td><td>34492</td></tr>\n    <tr><td>Centre_Manager_Name</td><td>Mariska Gerber</td></tr>\n    <tr><td>Centre_Manager_Telephone</td><td>+2721 982 2712</td></tr>\n    <tr><td>Centre_Manager_Mobile</td><td>+2783 545 0989</td></tr>\n    <tr><td>Centre_Manager_Email</td><td>mariska@zenprop.co.za</td></tr>\n    <tr><td>Shopping_Centre_Website</td><td></td></tr>\n    <tr><td>Type</td><td>Majors</td></tr>\n    <tr><td>Leasing_Company_Name</td><td>Zenprop Property Services (Pty) Ltd</td></tr>\n    <tr><td>Leasing_Manager_Name</td><td>Lisa Hyman</td></tr>\n    <tr><td>Leasing_Manager_Telephone</td><td>+2721 418 8088</td></tr>\n    <tr><td>Leasing_Manager_Mobile</td><td>+2782 851 6582</td></tr>\n    <tr><td>Marketing_Company_Name</td><td>Zenprop Property Holdings (Pty) Ltd</td></tr>\n    <tr><td>Owner</td><td>The Brackenfell Property Trust</td></tr>\n    <tr><td>Name_of_Holding_Company</td><td></td></tr>\n    <tr><td>Name_of_Developer</td><td>Zenprop Property Holdings (Pty) Ltd</td></tr>\n    <tr><td>Year_Developed</td><td>1977</td></tr>\n    <tr><td>Year_Last_Refurbished</td><td>2013</td></tr>\n    <tr><td>No_of_Retail_Floors</td><td>1</td></tr>\n    <tr><td>Latest_Annual_Foot_Count</td><td>0</td></tr>\n    <tr><td>No_of_Shops</td><td>36</td></tr>\n    <tr><td>Main_Anchors</td><td>Pick n Pay Hypermarket, Food Lover's Market</td></tr>\n    <tr><td>Parking_Total</td><td>1981</td></tr>"},"_name":"Brackenfell Centre"}},{"type":"Feature","geometry":{"type":"Point","coordinates":[18.6964990174138,-33.948945009703,0]},"properties":{"name":"Zevenwacht Mall","visibility":false,"description":{"@type":"html","value":"<br><br><br>\n    <table border=\"1\" padding=\"0\">\n    <tr><td>Shopping_Centre_Name</td><td>Zevenwacht Mall</td></tr>\n    <tr><td>Street_Address</td><td>Cnr Polkadraai & Van Riebeek Roads</td></tr>\n    <tr><td>Street_Suburb</td><td></td></tr>\n    <tr><td>Street_City_or_Town</td><td>Kuils River</td></tr>\n    <tr><td>Street_Province_</td><td>Western Cape</td></tr>\n    <tr><td>Street_Country</td><td>South Africa</td></tr>\n    <tr><td>Core_Classification_ICSC</td><td>Small Regional Centre</td></tr>\n    <tr><td>Classification_MD</td><td>Minor Regional Centre</td></tr>\n    <tr><td>Gross_Leasable_Floor_Area_in_sq</td><td>37000</td></tr>\n    <tr><td>Centre_Manager_Name</td><td>Karla Perks</td></tr>\n    <tr><td>Centre_Manager_Telephone</td><td>+2721 903 0859</td></tr>\n    <tr><td>Centre_Manager_Mobile</td><td>+2782 415 1641</td></tr>\n    <tr><td>Centre_Manager_Email</td><td>karla@zevenwachtmall.co.za</td></tr>\n    <tr><td>Shopping_Centre_Website</td><td>www.zevenwachtmall.co.za</td></tr>\n    <tr><td>Type</td><td>Majors</td></tr>\n    <tr><td>Leasing_Company_Name</td><td>Zenprop Property Services (Pty) Ltd</td></tr>\n    <tr><td>Leasing_Manager_Name</td><td>Sean Kimble</td></tr>\n    <tr><td>Leasing_Manager_Telephone</td><td>+2721 418 8088</td></tr>\n    <tr><td>Leasing_Manager_Mobile</td><td>+2782 551 5225</td></tr>\n    <tr><td>Marketing_Company_Name</td><td>Zenprop Property Holdings (Pty) Ltd</td></tr>\n    <tr><td>Owner</td><td>Zenprop Property Holdings (Pty) Ltd</td></tr>\n    <tr><td>Name_of_Holding_Company</td><td></td></tr>\n    <tr><td>Name_of_Developer</td><td>Zenprop Property Holdings (Pty) Ltd</td></tr>\n    <tr><td>Year_Developed</td><td>2008</td></tr>\n    <tr><td>Year_Last_Refurbished</td><td>2010</td></tr>\n    <tr><td>No_of_Retail_Floors</td><td>1</td></tr>\n    <tr><td>Latest_Annual_Foot_Count</td><td>7337309</td></tr>\n    <tr><td>No_of_Shops</td><td>104</td></tr>\n    <tr><td>Main_Anchors</td><td>Woolworths, Spar, Edgars, Game, Mr Price, Foschini, Truworths</td></tr>\n    <tr><td>Parking_Total</td><td>1907</td></tr>"},"_name":"Zevenwacht Mall"}},{"type":"Feature","geometry":{"type":"Point","coordinates":[18.462500007556,-33.980599987971,0]},"properties":{"name":"Cavendish Retail Node: 1. Cavendish Square","visibility":false,"description":{"@type":"html","value":"<br><br><br>\n    <table border=\"1\" padding=\"0\">\n    <tr><td>Shopping_Centre_Name</td><td>Cavendish Retail Node: 1. Cavendish Square</td></tr>\n    <tr><td>Street_Address</td><td>Dreyer Street</td></tr>\n    <tr><td>Street_Suburb</td><td>Claremont</td></tr>\n    <tr><td>Street_City_or_Town</td><td>Cape Town</td></tr>\n    <tr><td>Street_Province_</td><td>Western Cape</td></tr>\n    <tr><td>Street_Country</td><td>South Africa</td></tr>\n    <tr><td>Core_Classification_ICSC</td><td>Small Regional Centre</td></tr>\n    <tr><td>Classification_MD</td><td>Part of Regional Node</td></tr>\n    <tr><td>Gross_Leasable_Floor_Area_in_sq</td><td>44992.7</td></tr>\n    <tr><td>Centre_Manager_Name</td><td>Brenda Bibby</td></tr>\n    <tr><td>Centre_Manager_Telephone</td><td>+2721 657 5600</td></tr>\n    <tr><td>Centre_Manager_Mobile</td><td>+2783 293 9693</td></tr>\n    <tr><td>Centre_Manager_Email</td><td>bbibby@oldmutualproperty.com</td></tr>\n    <tr><td>Shopping_Centre_Website</td><td>www.cavendish.co.za</td></tr>\n    <tr><td>Type</td><td>Majors</td></tr>\n    <tr><td>Leasing_Company_Name</td><td>Old Mutual Property (Pty) Ltd</td></tr>\n    <tr><td>Leasing_Manager_Name</td><td>Rod Warner</td></tr>\n    <tr><td>Leasing_Manager_Telephone</td><td>+2721 530 5950</td></tr>\n    <tr><td>Leasing_Manager_Mobile</td><td>+2783 628 6290</td></tr>\n    <tr><td>Marketing_Company_Name</td><td>Primedia Lifestyle (Pty) Ltd</td></tr>\n    <tr><td>Owner</td><td>Old Mutual Life Assurance Company (SA) Ltd</td></tr>\n    <tr><td>Name_of_Holding_Company</td><td>Old Mutual</td></tr>\n    <tr><td>Name_of_Developer</td><td>Old Mutual; Stuttafords; Greatermans (1/3 Ownership); OM Principal - Colin Merrington</td></tr>\n    <tr><td>Year_Developed</td><td>1969</td></tr>\n    <tr><td>Year_Last_Refurbished</td><td>2003</td></tr>\n    <tr><td>No_of_Retail_Floors</td><td>3</td></tr>\n    <tr><td>Latest_Annual_Foot_Count</td><td>14000000</td></tr>\n    <tr><td>No_of_Shops</td><td>205</td></tr>\n    <tr><td>Main_Anchors</td><td>Woolworths, Truworths, Exclusive Books, Ster-Kinekor, Stuttafords, Look & Listen, Clicks</td></tr>\n    <tr><td>Parking_Total</td><td>1797</td></tr>"},"_name":"Cavendish Retail Node: 1. Cavendish Square"}},{"type":"Feature","geometry":{"type":"Point","coordinates":[18.4896980168872,-33.822890006691,0]},"properties":{"name":"Bayside Mall","visibility":false,"description":{"@type":"html","value":"<br><br><br>\n    <table border=\"1\" padding=\"0\">\n    <tr><td>Shopping_Centre_Name</td><td>Bayside Mall</td></tr>\n    <tr><td>Street_Address</td><td>Cnr Blaauwberg & West Coast Roads</td></tr>\n    <tr><td>Street_Suburb</td><td>Tableview</td></tr>\n    <tr><td>Street_City_or_Town</td><td>Cape Town</td></tr>\n    <tr><td>Street_Province_</td><td>Western Cape</td></tr>\n    <tr><td>Street_Country</td><td>South Africa</td></tr>\n    <tr><td>Core_Classification_ICSC</td><td>Small Regional Centre</td></tr>\n    <tr><td>Classification_MD</td><td>Minor Regional Centre</td></tr>\n    <tr><td>Gross_Leasable_Floor_Area_in_sq</td><td>45456</td></tr>\n    <tr><td>Centre_Manager_Name</td><td>Aadilah Ryklief</td></tr>\n    <tr><td>Centre_Manager_Telephone</td><td>+2721 557 4350</td></tr>\n    <tr><td>Centre_Manager_Mobile</td><td></td></tr>\n    <tr><td>Centre_Manager_Email</td><td>aadilah@baysidemall.co.za</td></tr>\n    <tr><td>Shopping_Centre_Website</td><td>www.baysidemall.co.za</td></tr>\n    <tr><td>Type</td><td>Majors</td></tr>\n    <tr><td>Leasing_Company_Name</td><td>Acucap Management Services (Pty) Ltd (Growthpoint Properties)</td></tr>\n    <tr><td>Leasing_Manager_Name</td><td>Aadilah Ryklief</td></tr>\n    <tr><td>Leasing_Manager_Telephone</td><td>+2721 557 4350</td></tr>\n    <tr><td>Leasing_Manager_Mobile</td><td></td></tr>\n    <tr><td>Marketing_Company_Name</td><td>Mustard Seed Relationships Marketing cc</td></tr>\n    <tr><td>Owner</td><td>Acucap Investments (Pty) Ltd</td></tr>\n    <tr><td>Name_of_Holding_Company</td><td></td></tr>\n    <tr><td>Name_of_Developer</td><td>DCF / Cape Town Municipal Pension Fund</td></tr>\n    <tr><td>Year_Developed</td><td>1984</td></tr>\n    <tr><td>Year_Last_Refurbished</td><td>2011</td></tr>\n    <tr><td>No_of_Retail_Floors</td><td>1</td></tr>\n    <tr><td>Latest_Annual_Foot_Count</td><td>7485636</td></tr>\n    <tr><td>No_of_Shops</td><td>107</td></tr>\n    <tr><td>Main_Anchors</td><td>Checkers, Ster-Kinekor, Woolworths, Edgars, Game and Dis-Chem</td></tr>\n    <tr><td>Parking_Total</td><td>2138</td></tr>"},"_name":"Bayside Mall"}},{"type":"Feature","geometry":{"type":"Point","coordinates":[18.484610992915,-33.988603995342,0]},"properties":{"name":"Kenilworth Centre","visibility":false,"description":{"@type":"html","value":"<br><br><br>\n    <table border=\"1\" padding=\"0\">\n    <tr><td>Shopping_Centre_Name</td><td>Kenilworth Centre</td></tr>\n    <tr><td>Street_Address</td><td>Doncaster Road</td></tr>\n    <tr><td>Street_Suburb</td><td>Kenilworth</td></tr>\n    <tr><td>Street_City_or_Town</td><td>Cape Town</td></tr>\n    <tr><td>Street_Province_</td><td>Western Cape</td></tr>\n    <tr><td>Street_Country</td><td>South Africa</td></tr>\n    <tr><td>Core_Classification_ICSC</td><td>Small Regional Centre</td></tr>\n    <tr><td>Classification_MD</td><td>Minor Regional Centre</td></tr>\n    <tr><td>Gross_Leasable_Floor_Area_in_sq</td><td>48941.47</td></tr>\n    <tr><td>Centre_Manager_Name</td><td>Terry Pollack</td></tr>\n    <tr><td>Centre_Manager_Telephone</td><td>+2721 671 5054</td></tr>\n    <tr><td>Centre_Manager_Mobile</td><td></td></tr>\n    <tr><td>Centre_Manager_Email</td><td>tpollock@fountainheadproperty.co.za</td></tr>\n    <tr><td>Shopping_Centre_Website</td><td>www.kenilworthcentre.co.za</td></tr>\n    <tr><td>Type</td><td>Majors</td></tr>\n    <tr><td>Leasing_Company_Name</td><td>Fountainhead Property (Pty) Ltd</td></tr>\n    <tr><td>Leasing_Manager_Name</td><td>Georgi Judd</td></tr>\n    <tr><td>Leasing_Manager_Telephone</td><td>+2721 671 5054</td></tr>\n    <tr><td>Leasing_Manager_Mobile</td><td></td></tr>\n    <tr><td>Marketing_Company_Name</td><td>The Blue Room</td></tr>\n    <tr><td>Owner</td><td>Fountainhead Property Trust</td></tr>\n    <tr><td>Name_of_Holding_Company</td><td></td></tr>\n    <tr><td>Name_of_Developer</td><td>Ampros (Pty) Ltd</td></tr>\n    <tr><td>Year_Developed</td><td>1973</td></tr>\n    <tr><td>Year_Last_Refurbished</td><td>2010</td></tr>\n    <tr><td>No_of_Retail_Floors</td><td>2</td></tr>\n    <tr><td>Latest_Annual_Foot_Count</td><td>9368665</td></tr>\n    <tr><td>No_of_Shops</td><td>108</td></tr>\n    <tr><td>Main_Anchors</td><td>Pick n Pay, Woolworths, Edgars, Checkers, Clicks, Virgin Active, Ster-Kinekor, Game</td></tr>\n    <tr><td>Parking_Total</td><td>0</td></tr>"},"_name":"Kenilworth Centre"}},{"type":"Feature","geometry":{"type":"Point","coordinates":[18.4543259920186,-34.06475700705,0]},"properties":{"name":"Blue Route Mall","visibility":false,"description":{"@type":"html","value":"<br><br><br>\n    <table border=\"1\" padding=\"0\">\n    <tr><td>Shopping_Centre_Name</td><td>Blue Route Mall</td></tr>\n    <tr><td>Street_Address</td><td>Tokai Road</td></tr>\n    <tr><td>Street_Suburb</td><td>Tokai</td></tr>\n    <tr><td>Street_City_or_Town</td><td>Cape Town</td></tr>\n    <tr><td>Street_Province_</td><td>Western Cape</td></tr>\n    <tr><td>Street_Country</td><td>South Africa</td></tr>\n    <tr><td>Core_Classification_ICSC</td><td>Regional Centre</td></tr>\n    <tr><td>Classification_MD</td><td>Major Regional Centre</td></tr>\n    <tr><td>Gross_Leasable_Floor_Area_in_sq</td><td>55504</td></tr>\n    <tr><td>Centre_Manager_Name</td><td>Wendy Radford</td></tr>\n    <tr><td>Centre_Manager_Telephone</td><td>+2721 713 2360</td></tr>\n    <tr><td>Centre_Manager_Mobile</td><td>+2782 321 8261</td></tr>\n    <tr><td>Centre_Manager_Email</td><td>wendyr@fountainheadproperty.co.za</td></tr>\n    <tr><td>Shopping_Centre_Website</td><td>www.blueroutemall.co.za</td></tr>\n    <tr><td>Type</td><td>Majors</td></tr>\n    <tr><td>Leasing_Company_Name</td><td>Fountainhead Property (Pty) Ltd</td></tr>\n    <tr><td>Leasing_Manager_Name</td><td>Clare Ras</td></tr>\n    <tr><td>Leasing_Manager_Telephone</td><td>+2721 713 2360</td></tr>\n    <tr><td>Leasing_Manager_Mobile</td><td></td></tr>\n    <tr><td>Marketing_Company_Name</td><td>Word4Word Marketing (Pty) Ltd</td></tr>\n    <tr><td>Owner</td><td>Fountainhead Property Trust</td></tr>\n    <tr><td>Name_of_Holding_Company</td><td></td></tr>\n    <tr><td>Name_of_Developer</td><td>Fountainhead Property Trust</td></tr>\n    <tr><td>Year_Developed</td><td>1975</td></tr>\n    <tr><td>Year_Last_Refurbished</td><td>2012</td></tr>\n    <tr><td>No_of_Retail_Floors</td><td>2</td></tr>\n    <tr><td>Latest_Annual_Foot_Count</td><td>8000000</td></tr>\n    <tr><td>No_of_Shops</td><td>105</td></tr>\n    <tr><td>Main_Anchors</td><td>CheckersHyper, Woolworths, Edgars, Ster Kinekor, Dischem, Clicks, Foschini, Truworths, Mr Price</td></tr>\n    <tr><td>Parking_Total</td><td>2827</td></tr>"},"_name":"Blue Route Mall"}},{"type":"Feature","geometry":{"type":"Point","coordinates":[18.6954999940336,-33.850699990735,0]},"properties":{"name":"CapeGate Retail Node: 1 CapeGate Regional Centre","visibility":false,"description":{"@type":"html","value":"<br><br><br>\n    <table border=\"1\" padding=\"0\">\n    <tr><td>Shopping_Centre_Name</td><td>CapeGate Retail Node: 1 CapeGate Regional Centre</td></tr>\n    <tr><td>Street_Address</td><td>Cnr Okavango & De Bron Road</td></tr>\n    <tr><td>Street_Suburb</td><td>Cape Gate</td></tr>\n    <tr><td>Street_City_or_Town</td><td>Brackenfell</td></tr>\n    <tr><td>Street_Province_</td><td>Western Cape</td></tr>\n    <tr><td>Street_Country</td><td>South Africa</td></tr>\n    <tr><td>Core_Classification_ICSC</td><td>Regional Centre</td></tr>\n    <tr><td>Classification_MD</td><td>Part of Super Regional Node</td></tr>\n    <tr><td>Gross_Leasable_Floor_Area_in_sq</td><td>62794</td></tr>\n    <tr><td>Centre_Manager_Name</td><td>Nicholas Oliphant</td></tr>\n    <tr><td>Centre_Manager_Telephone</td><td>+2721 981 2288</td></tr>\n    <tr><td>Centre_Manager_Mobile</td><td>+2782 334 9000</td></tr>\n    <tr><td>Centre_Manager_Email</td><td>nicholas@capegatecentre.co.za</td></tr>\n    <tr><td>Shopping_Centre_Website</td><td>www.capegatecentre.co.za</td></tr>\n    <tr><td>Type</td><td>Majors</td></tr>\n    <tr><td>Leasing_Company_Name</td><td>Hyprop Investments Ltd</td></tr>\n    <tr><td>Leasing_Manager_Name</td><td>Marian White</td></tr>\n    <tr><td>Leasing_Manager_Telephone</td><td>+2721 981 2288</td></tr>\n    <tr><td>Leasing_Manager_Mobile</td><td>+2783 651 8369</td></tr>\n    <tr><td>Marketing_Company_Name</td><td>Word4Word Marketing (Pty) Ltd</td></tr>\n    <tr><td>Owner</td><td>Hyprop Investments Ltd</td></tr>\n    <tr><td>Name_of_Holding_Company</td><td>Hyprop Investments Ltd</td></tr>\n    <tr><td>Name_of_Developer</td><td>Attfund Ltd</td></tr>\n    <tr><td>Year_Developed</td><td>2005</td></tr>\n    <tr><td>Year_Last_Refurbished</td><td>2011</td></tr>\n    <tr><td>No_of_Retail_Floors</td><td>2</td></tr>\n    <tr><td>Latest_Annual_Foot_Count</td><td>10700000</td></tr>\n    <tr><td>No_of_Shops</td><td>160</td></tr>\n    <tr><td>Main_Anchors</td><td>Edgars, Woolworths,Game, Pick n Pay, Checkers</td></tr>\n    <tr><td>Parking_Total</td><td>2934</td></tr>"},"_name":"CapeGate Retail Node: 1 CapeGate Regional Centre"}},{"type":"Feature","geometry":{"type":"Point","coordinates":[18.560066982034,-33.892038002998,0]},"properties":{"name":"N1 City Mall","visibility":false,"description":{"@type":"html","value":"<br><br><br>\n    <table border=\"1\" padding=\"0\">\n    <tr><td>Shopping_Centre_Name</td><td>N1 City Mall</td></tr>\n    <tr><td>Street_Address</td><td>Louwtjie Rothman Street</td></tr>\n    <tr><td>Street_Suburb</td><td>N1 City</td></tr>\n    <tr><td>Street_City_or_Town</td><td>Goodwood</td></tr>\n    <tr><td>Street_Province_</td><td>Western Cape</td></tr>\n    <tr><td>Street_Country</td><td>South Africa</td></tr>\n    <tr><td>Core_Classification_ICSC</td><td>Regional Centre</td></tr>\n    <tr><td>Classification_MD</td><td>Major Regional Centre</td></tr>\n    <tr><td>Gross_Leasable_Floor_Area_in_sq</td><td>64209</td></tr>\n    <tr><td>Centre_Manager_Name</td><td>Tanya Heimann</td></tr>\n    <tr><td>Centre_Manager_Telephone</td><td>+2721 595 1170</td></tr>\n    <tr><td>Centre_Manager_Mobile</td><td>+2783 226 4547</td></tr>\n    <tr><td>Centre_Manager_Email</td><td>theimann@broll.co.za</td></tr>\n    <tr><td>Shopping_Centre_Website</td><td>www.n1citymall.co.za</td></tr>\n    <tr><td>Type</td><td>Majors</td></tr>\n    <tr><td>Leasing_Company_Name</td><td>Broll Property Group (Pty) Ltd</td></tr>\n    <tr><td>Leasing_Manager_Name</td><td>Maryke Potgieter</td></tr>\n    <tr><td>Leasing_Manager_Telephone</td><td>+2721 595 1170</td></tr>\n    <tr><td>Leasing_Manager_Mobile</td><td>+2772 580 5544</td></tr>\n    <tr><td>Marketing_Company_Name</td><td>Word4Word Marketing (Pty) Ltd</td></tr>\n    <tr><td>Owner</td><td>Fountainhead Property Trust & SYCOM Property Trust</td></tr>\n    <tr><td>Name_of_Holding_Company</td><td></td></tr>\n    <tr><td>Name_of_Developer</td><td>Syfin Properties</td></tr>\n    <tr><td>Year_Developed</td><td>1989</td></tr>\n    <tr><td>Year_Last_Refurbished</td><td>2006</td></tr>\n    <tr><td>No_of_Retail_Floors</td><td>2</td></tr>\n    <tr><td>Latest_Annual_Foot_Count</td><td>10339844</td></tr>\n    <tr><td>No_of_Shops</td><td>155</td></tr>\n    <tr><td>Main_Anchors</td><td>CheckersHyper, Pick n Pay, Woolworths</td></tr>\n    <tr><td>Parking_Total</td><td>2573</td></tr>"},"_name":"N1 City Mall"}},{"type":"Feature","geometry":{"type":"Point","coordinates":[18.8216999924836,-34.082499990711,0]},"properties":{"name":"Somerset West Retail Node: 1. Somerset Mall","visibility":false,"description":{"@type":"html","value":"<br><br><br>\n    <table border=\"1\" padding=\"0\">\n    <tr><td>Shopping_Centre_Name</td><td>Somerset West Retail Node: 1. Somerset Mall</td></tr>\n    <tr><td>Street_Address</td><td>Cnr N2 Highway & Route R44, Centenary Drive</td></tr>\n    <tr><td>Street_Suburb</td><td>Somerset Mall Precinct</td></tr>\n    <tr><td>Street_City_or_Town</td><td>Somerset West</td></tr>\n    <tr><td>Street_Province_</td><td>Western Cape</td></tr>\n    <tr><td>Street_Country</td><td>South Africa</td></tr>\n    <tr><td>Core_Classification_ICSC</td><td>Regional Centre</td></tr>\n    <tr><td>Classification_MD</td><td>Part of Super Regional Node</td></tr>\n    <tr><td>Gross_Leasable_Floor_Area_in_sq</td><td>67000</td></tr>\n    <tr><td>Centre_Manager_Name</td><td>Mandy Bellamy</td></tr>\n    <tr><td>Centre_Manager_Telephone</td><td>+2721 852 7114</td></tr>\n    <tr><td>Centre_Manager_Mobile</td><td>+2782 444 2977</td></tr>\n    <tr><td>Centre_Manager_Email</td><td>mandy@somersetmall.co.za</td></tr>\n    <tr><td>Shopping_Centre_Website</td><td>www.somersetmall.co.za</td></tr>\n    <tr><td>Type</td><td></td></tr>\n    <tr><td>Leasing_Company_Name</td><td>Hyprop Investments Ltd</td></tr>\n    <tr><td>Leasing_Manager_Name</td><td>Nolene Hancke</td></tr>\n    <tr><td>Leasing_Manager_Telephone</td><td>+2721 852 7114</td></tr>\n    <tr><td>Leasing_Manager_Mobile</td><td>+2779 507 4073</td></tr>\n    <tr><td>Marketing_Company_Name</td><td>Hyprop in-house</td></tr>\n    <tr><td>Owner</td><td>Hyprop Investments Ltd</td></tr>\n    <tr><td>Name_of_Holding_Company</td><td>Hyprop Investments Ltd</td></tr>\n    <tr><td>Name_of_Developer</td><td>Colliers RMS (Pty) Ltd, Gryphon Finance, Atterbury Property (Pty) Ltd Consortium</td></tr>\n    <tr><td>Year_Developed</td><td>1993</td></tr>\n    <tr><td>Year_Last_Refurbished</td><td>2004</td></tr>\n    <tr><td>No_of_Retail_Floors</td><td>2</td></tr>\n    <tr><td>Latest_Annual_Foot_Count</td><td>10655237</td></tr>\n    <tr><td>No_of_Shops</td><td>197</td></tr>\n    <tr><td>Main_Anchors</td><td>Pick n Pay, Woolworths, Edgars, Dion Wired, Game, Dis-Chem, Ster-Kinekor</td></tr>\n    <tr><td>Parking_Total</td><td>4225</td></tr>"},"_name":"Somerset West Retail Node: 1. Somerset Mall"}},{"type":"Feature","geometry":{"type":"Point","coordinates":[18.4199999976742,-33.902900005857,0]},"properties":{"name":"Victoria & Albert Waterfront Retail Node: 1. Victoria Wharf Shopping Centre","visibility":false,"description":{"@type":"html","value":"<br><br><br>\n    <table border=\"1\" padding=\"0\">\n    <tr><td>Shopping_Centre_Name</td><td>Victoria & Albert Waterfront Retail Node: 1. Victoria Wharf Shopping Centre</td></tr>\n    <tr><td>Street_Address</td><td>Breakwater Boulevard</td></tr>\n    <tr><td>Street_Suburb</td><td>V & A Waterfront</td></tr>\n    <tr><td>Street_City_or_Town</td><td>Cape Town</td></tr>\n    <tr><td>Street_Province_</td><td>Western Cape</td></tr>\n    <tr><td>Street_Country</td><td>South Africa</td></tr>\n    <tr><td>Core_Classification_ICSC</td><td>Regional Centre</td></tr>\n    <tr><td>Classification_MD</td><td>Part of Regional Node</td></tr>\n    <tr><td>Gross_Leasable_Floor_Area_in_sq</td><td>69000</td></tr>\n    <tr><td>Centre_Manager_Name</td><td>Mac Daniels</td></tr>\n    <tr><td>Centre_Manager_Telephone</td><td>+2721 408 7860</td></tr>\n    <tr><td>Centre_Manager_Mobile</td><td>+2774 508 9487</td></tr>\n    <tr><td>Centre_Manager_Email</td><td>mdaniels@waterfront.co.za</td></tr>\n    <tr><td>Shopping_Centre_Website</td><td>www.waterfront.co.za</td></tr>\n    <tr><td>Type</td><td>2 to 3</td></tr>\n    <tr><td>Leasing_Company_Name</td><td>V&A Waterfront Holding (Pty) Ltd</td></tr>\n    <tr><td>Leasing_Manager_Name</td><td>Leigh Thomas</td></tr>\n    <tr><td>Leasing_Manager_Telephone</td><td>+2721 408 7500</td></tr>\n    <tr><td>Leasing_Manager_Mobile</td><td></td></tr>\n    <tr><td>Marketing_Company_Name</td><td>V&A Waterfront Holding (Pty) Ltd</td></tr>\n    <tr><td>Owner</td><td>Growthpoint Properties & Public Investment Corporation</td></tr>\n    <tr><td>Name_of_Holding_Company</td><td>V & A Waterfront Holding (Pty) Ltd</td></tr>\n    <tr><td>Name_of_Developer</td><td></td></tr>\n    <tr><td>Year_Developed</td><td>1992</td></tr>\n    <tr><td>Year_Last_Refurbished</td><td>2007</td></tr>\n    <tr><td>No_of_Retail_Floors</td><td>2</td></tr>\n    <tr><td>Latest_Annual_Foot_Count</td><td>23000000</td></tr>\n    <tr><td>No_of_Shops</td><td>400</td></tr>\n    <tr><td>Main_Anchors</td><td>Pick n Pay Super, Woolworths, Clicks, CNA, Edgars, Nu Metro</td></tr>\n    <tr><td>Parking_Total</td><td>1671</td></tr>"},"_name":"Victoria & Albert Waterfront Retail Node: 1. Victoria Wharf Shopping Centre"}},{"type":"Feature","geometry":{"type":"Point","coordinates":[18.615985019077,-34.039373000782,0]},"properties":{"name":"Liberty Promenade Shopping Centre","visibility":false,"description":{"@type":"html","value":"<br><br><br>\n    <table border=\"1\" padding=\"0\">\n    <tr><td>Shopping_Centre_Name</td><td>Liberty Promenade Shopping Centre</td></tr>\n    <tr><td>Street_Address</td><td>Cnr AZ Berman Drive & Morgenster Road</td></tr>\n    <tr><td>Street_Suburb</td><td>Beacon Valley</td></tr>\n    <tr><td>Street_City_or_Town</td><td>Mitchell's Plain</td></tr>\n    <tr><td>Street_Province_</td><td>Western Cape</td></tr>\n    <tr><td>Street_Country</td><td>South Africa</td></tr>\n    <tr><td>Core_Classification_ICSC</td><td>Regional Centre</td></tr>\n    <tr><td>Classification_MD</td><td>Major Regional Centre</td></tr>\n    <tr><td>Gross_Leasable_Floor_Area_in_sq</td><td>73400</td></tr>\n    <tr><td>Centre_Manager_Name</td><td>Michelle Britton</td></tr>\n    <tr><td>Centre_Manager_Telephone</td><td>+2721 377 4000</td></tr>\n    <tr><td>Centre_Manager_Mobile</td><td>+2783 324 9822</td></tr>\n    <tr><td>Centre_Manager_Email</td><td>michelle.britton@liberty.co.za</td></tr>\n    <tr><td>Shopping_Centre_Website</td><td>www.libertypromenade.co.za</td></tr>\n    <tr><td>Type</td><td>Majors</td></tr>\n    <tr><td>Leasing_Company_Name</td><td>Liberty Group Properties (Pty) Ltd</td></tr>\n    <tr><td>Leasing_Manager_Name</td><td>Natasha Pieri</td></tr>\n    <tr><td>Leasing_Manager_Telephone</td><td>+2731 514 6015</td></tr>\n    <tr><td>Leasing_Manager_Mobile</td><td>+2783 361 5099</td></tr>\n    <tr><td>Marketing_Company_Name</td><td>Primedia Lifestyle (Pty) Ltd</td></tr>\n    <tr><td>Owner</td><td>Liberty Group Ltd</td></tr>\n    <tr><td>Name_of_Holding_Company</td><td></td></tr>\n    <tr><td>Name_of_Developer</td><td>Liberty Group Properties (Pty) Ltd, property arm of the Liberty Group Ltd</td></tr>\n    <tr><td>Year_Developed</td><td>2003</td></tr>\n    <tr><td>Year_Last_Refurbished</td><td>2010</td></tr>\n    <tr><td>No_of_Retail_Floors</td><td>1</td></tr>\n    <tr><td>Latest_Annual_Foot_Count</td><td>13370695</td></tr>\n    <tr><td>No_of_Shops</td><td>175</td></tr>\n    <tr><td>Main_Anchors</td><td>Edgars, Woolworths, Game, Pick n Pay, Ster-Kinekor, Foschini</td></tr>\n    <tr><td>Parking_Total</td><td>2417</td></tr>"},"_name":"Liberty Promenade Shopping Centre"}},{"type":"Feature","geometry":{"type":"Point","coordinates":[18.5989700133616,-33.905085988309,0]},"properties":{"name":"Parow Shopping Centre","visibility":false,"description":{"@type":"html","value":"<br><br><br>\n    <table border=\"1\" padding=\"0\">\n    <tr><td>Shopping_Centre_Name</td><td>Parow Shopping Centre</td></tr>\n    <tr><td>Street_Address</td><td>Cnr Voortrekker & De La Rey Roads</td></tr>\n    <tr><td>Street_Suburb</td><td>Parow</td></tr>\n    <tr><td>Street_City_or_Town</td><td>Cape Town</td></tr>\n    <tr><td>Street_Province_</td><td>Western Cape</td></tr>\n    <tr><td>Street_Country</td><td>South Africa</td></tr>\n    <tr><td>Core_Classification_ICSC</td><td>Regional Centre</td></tr>\n    <tr><td>Classification_MD</td><td>Major Regional Centre</td></tr>\n    <tr><td>Gross_Leasable_Floor_Area_in_sq</td><td>85082</td></tr>\n    <tr><td>Centre_Manager_Name</td><td>Pieter De Jager</td></tr>\n    <tr><td>Centre_Manager_Telephone</td><td>+2721 930 8570</td></tr>\n    <tr><td>Centre_Manager_Mobile</td><td>+2778 444 1346</td></tr>\n    <tr><td>Centre_Manager_Email</td><td>pieter@georgiou.co.za</td></tr>\n    <tr><td>Shopping_Centre_Website</td><td>www.parowcentre.co.za</td></tr>\n    <tr><td>Type</td><td>Single Centres</td></tr>\n    <tr><td>Leasing_Company_Name</td><td>Centre Management</td></tr>\n    <tr><td>Leasing_Manager_Name</td><td>Pieter de Jager</td></tr>\n    <tr><td>Leasing_Manager_Telephone</td><td>+2721 930 8570</td></tr>\n    <tr><td>Leasing_Manager_Mobile</td><td>+2778 444 1346</td></tr>\n    <tr><td>Marketing_Company_Name</td><td></td></tr>\n    <tr><td>Owner</td><td>Basfour 2295 (PTY) Ltd</td></tr>\n    <tr><td>Name_of_Holding_Company</td><td></td></tr>\n    <tr><td>Name_of_Developer</td><td>Sanlam Properties</td></tr>\n    <tr><td>Year_Developed</td><td>1972</td></tr>\n    <tr><td>Year_Last_Refurbished</td><td>2009</td></tr>\n    <tr><td>No_of_Retail_Floors</td><td>2</td></tr>\n    <tr><td>Latest_Annual_Foot_Count</td><td>0</td></tr>\n    <tr><td>No_of_Shops</td><td>150</td></tr>\n    <tr><td>Main_Anchors</td><td>Edgars, Checkers, Game, Foschini, Woolworths</td></tr>\n    <tr><td>Parking_Total</td><td>2321</td></tr>"},"_name":"Parow Shopping Centre"}},{"type":"Feature","geometry":{"type":"Point","coordinates":[18.6346479899002,-33.873303996729,0]},"properties":{"name":"Tyger Valley Centre","visibility":false,"description":{"@type":"html","value":"<br><br><br>\n    <table border=\"1\" padding=\"0\">\n    <tr><td>Shopping_Centre_Name</td><td>Tyger Valley Centre</td></tr>\n    <tr><td>Street_Address</td><td>Cnr Willie Van Schoor & Bill Bezuidenhout Avenues</td></tr>\n    <tr><td>Street_Suburb</td><td>Tyger Valley</td></tr>\n    <tr><td>Street_City_or_Town</td><td>Bellville</td></tr>\n    <tr><td>Street_Province_</td><td>Western Cape</td></tr>\n    <tr><td>Street_Country</td><td>South Africa</td></tr>\n    <tr><td>Core_Classification_ICSC</td><td>Regional Centre</td></tr>\n    <tr><td>Classification_MD</td><td>Major Regional Centre</td></tr>\n    <tr><td>Gross_Leasable_Floor_Area_in_sq</td><td>88978</td></tr>\n    <tr><td>Centre_Manager_Name</td><td>Tanya Heimann</td></tr>\n    <tr><td>Centre_Manager_Telephone</td><td>+2721 914 1822</td></tr>\n    <tr><td>Centre_Manager_Mobile</td><td></td></tr>\n    <tr><td>Centre_Manager_Email</td><td>Tanya.Heimann@tygervalley.co.za</td></tr>\n    <tr><td>Shopping_Centre_Website</td><td>www.tygervalley.co.za</td></tr>\n    <tr><td>Type</td><td>Majors</td></tr>\n    <tr><td>Leasing_Company_Name</td><td>Pareto Ltd & Eris Property Group (Mowana Properties)</td></tr>\n    <tr><td>Leasing_Manager_Name</td><td>Ingrid Milne</td></tr>\n    <tr><td>Leasing_Manager_Telephone</td><td>+2721 914 1822</td></tr>\n    <tr><td>Leasing_Manager_Mobile</td><td></td></tr>\n    <tr><td>Marketing_Company_Name</td><td>Pareto Ltd</td></tr>\n    <tr><td>Owner</td><td>Pareto Ltd and MMI Holdings</td></tr>\n    <tr><td>Name_of_Holding_Company</td><td></td></tr>\n    <tr><td>Name_of_Developer</td><td></td></tr>\n    <tr><td>Year_Developed</td><td>1985</td></tr>\n    <tr><td>Year_Last_Refurbished</td><td>2012</td></tr>\n    <tr><td>No_of_Retail_Floors</td><td>2</td></tr>\n    <tr><td>Latest_Annual_Foot_Count</td><td>12767982</td></tr>\n    <tr><td>No_of_Shops</td><td>265</td></tr>\n    <tr><td>Main_Anchors</td><td>Woolworths, Pick n Pay, Edgars, Game, Stuttafords, Ster-Kinekor</td></tr>\n    <tr><td>Parking_Total</td><td>5529</td></tr>"},"_name":"Tyger Valley Centre"}},{"type":"Feature","geometry":{"type":"Point","coordinates":[18.5136800081476,-33.893477008169,0]},"properties":{"name":"Canal Walk","visibility":false,"description":{"@type":"html","value":"<br><br><br>\n    <table border=\"1\" padding=\"0\">\n    <tr><td>Shopping_Centre_Name</td><td>Canal Walk</td></tr>\n    <tr><td>Street_Address</td><td>Century Boulevard</td></tr>\n    <tr><td>Street_Suburb</td><td>Century City</td></tr>\n    <tr><td>Street_City_or_Town</td><td>Cape Town</td></tr>\n    <tr><td>Street_Province_</td><td>Western Cape</td></tr>\n    <tr><td>Street_Country</td><td>South Africa</td></tr>\n    <tr><td>Core_Classification_ICSC</td><td>Super Regional Centre</td></tr>\n    <tr><td>Classification_MD</td><td>Super Regional Centre</td></tr>\n    <tr><td>Gross_Leasable_Floor_Area_in_sq</td><td>146828</td></tr>\n    <tr><td>Centre_Manager_Name</td><td>Gavin Wood</td></tr>\n    <tr><td>Centre_Manager_Telephone</td><td>+2721 529 9600</td></tr>\n    <tr><td>Centre_Manager_Mobile</td><td>27716715563</td></tr>\n    <tr><td>Centre_Manager_Email</td><td>gavinw@canalwalk.co.za</td></tr>\n    <tr><td>Shopping_Centre_Website</td><td>www.canalwalk.co.za</td></tr>\n    <tr><td>Type</td><td>Majors</td></tr>\n    <tr><td>Leasing_Company_Name</td><td>Hyprop Investments Ltd</td></tr>\n    <tr><td>Leasing_Manager_Name</td><td>Marian White</td></tr>\n    <tr><td>Leasing_Manager_Telephone</td><td>+2721 529 9600</td></tr>\n    <tr><td>Leasing_Manager_Mobile</td><td>+2783 651 8369</td></tr>\n    <tr><td>Marketing_Company_Name</td><td>Hyprop in-house</td></tr>\n    <tr><td>Owner</td><td>Hyprop Investments Ltd, Ellerine Bros. (Pty) Ltd</td></tr>\n    <tr><td>Name_of_Holding_Company</td><td>Hyprop Investments Ltd</td></tr>\n    <tr><td>Name_of_Developer</td><td>Century City Development Co (Pty) Ltd formerly Monex Development Ltd</td></tr>\n    <tr><td>Year_Developed</td><td>2000</td></tr>\n    <tr><td>Year_Last_Refurbished</td><td>2009</td></tr>\n    <tr><td>No_of_Retail_Floors</td><td>2</td></tr>\n    <tr><td>Latest_Annual_Foot_Count</td><td>21189139</td></tr>\n    <tr><td>No_of_Shops</td><td>390</td></tr>\n    <tr><td>Main_Anchors</td><td>Pick n Pay, Woolworths, Edgars, Stuttafords, Checkers, Game, Nu Metro</td></tr>\n    <tr><td>Parking_Total</td><td>8000</td></tr>"},"_name":"Canal Walk"}},{"type":"Feature","geometry":{"type":"Point","coordinates":[18.6429786,-33.9021206,0]},"properties":{"name":"Shop 21C","address":"Cnr of, Voortrekker Rd & Bill Bezuidenhout Ave, Bellville, Cape Town, 7530","visibility":false,"description":"Upstairs Office\t\nImmediate Occupation\t\t \n75m²","icon-offset":[0.5,0.5],"icon-offset-units":["fraction","fraction"],"placepageUri":"https://www.google.com/earth/rpc/entity?lat=-33.9021&lng=18.643&fid=0x1dcc50f568578d29:0xbeb6c9de3087fdad&q=Bellville Mall, Cnr of, Voortrekker Rd & Bill Bezuidenhout Ave, Bellville, Cape Town, 7530&hl=en&gl=za&client=earth-client&cv=7.3.2.5491&useragent=GoogleEarth/7.3.2.5491(Windows;Microsoft Windows (6.2.9200.0);en;kml:2.2;client:Pro;type:default)","_name":"Shop 21C"}},{"type":"Feature","geometry":{"type":"Point","coordinates":[18.6429786,-33.9021206,0]},"properties":{"name":"Shop 18","address":"Cnr of, Voortrekker Rd & Bill Bezuidenhout Ave, Bellville, Cape Town, 7530","visibility":false,"description":"Retail, Restaurant \t\nImmediate Occupation\t\t\n445m²","icon-offset":[0.5,0.5],"icon-offset-units":["fraction","fraction"],"placepageUri":"https://www.google.com/earth/rpc/entity?lat=-33.9021&lng=18.643&fid=0x1dcc50f568578d29:0xbeb6c9de3087fdad&q=Bellville Mall, Cnr of, Voortrekker Rd & Bill Bezuidenhout Ave, Bellville, Cape Town, 7530&hl=en&gl=za&client=earth-client&cv=7.3.2.5491&useragent=GoogleEarth/7.3.2.5491(Windows;Microsoft Windows (6.2.9200.0);en;kml:2.2;client:Pro;type:default)","_name":"Shop 18"}},{"type":"Feature","geometry":{"type":"Point","coordinates":[18.6429786,-33.9021206,0]},"properties":{"name":"Shop 20","address":"Cnr of, Voortrekker Rd & Bill Bezuidenhout Ave, Bellville, Cape Town, 7530","visibility":false,"description":"Retail, Restaurant \t\nImmediate Occupation\t\t \n350m²","icon-offset":[0.5,0.5],"icon-offset-units":["fraction","fraction"],"placepageUri":"https://www.google.com/earth/rpc/entity?lat=-33.9021&lng=18.643&fid=0x1dcc50f568578d29:0xbeb6c9de3087fdad&q=Bellville Mall, Cnr of, Voortrekker Rd & Bill Bezuidenhout Ave, Bellville, Cape Town, 7530&hl=en&gl=za&client=earth-client&cv=7.3.2.5491&useragent=GoogleEarth/7.3.2.5491(Windows;Microsoft Windows (6.2.9200.0);en;kml:2.2;client:Pro;type:default)","_name":"Shop 20"}},{"type":"Feature","geometry":{"type":"Point","coordinates":[18.4504229026815,-34.12580807199181,0]},"properties":{"name":"Fish Hoek Town Square","visibility":false,"description":"Size: 3,544 m²","icon-scale":1.1,"_name":"Fish Hoek Town Square"}},{"type":"Feature","geometry":{"type":"Point","coordinates":[18.54191724951065,-33.91276663402324,0]},"properties":{"name":"RCS Group - Cnr Vanguard & Voortrekker Roads, Goodwood","visibility":false,"icon-scale":1.7,"_name":"RCS Group - Cnr Vanguard & Voortrekker Roads, Goodwood"}},{"type":"Feature","geometry":{"type":"Point","coordinates":[18.47028177276114,-33.96204464461647,0]},"properties":{"name":"Riverside Mall","visibility":false,"icon-scale":1.1,"icon-offset":[20,2],"icon-offset-units":["pixels","pixels"],"_name":"Riverside Mall"}},{"type":"Feature","geometry":{"type":"Point","coordinates":[18.47037104762888,-33.96054584616653,0]},"properties":{"name":"Pick n Pay and Woolworths Rondebosch","visibility":false,"icon-scale":1.1,"icon-offset":[20,2],"icon-offset-units":["pixels","pixels"],"_name":"Pick n Pay and Woolworths Rondebosch"}},{"type":"Feature","geometry":{"type":"Point","coordinates":[18.46357880947482,-33.98030025321427,0]},"properties":{"name":"Cavendish Square","visibility":false,"icon-scale":1.1,"icon-offset":[20,2],"icon-offset-units":["pixels","pixels"],"_name":"Cavendish Square"}},{"type":"Feature","geometry":{"type":"Point","coordinates":[18.46745408150354,-33.98070741906466,0]},"properties":{"name":"palmyra Junction","visibility":false,"icon-scale":1.1,"icon-offset":[20,2],"icon-offset-units":["pixels","pixels"],"_name":"palmyra Junction"}},{"type":"Feature","geometry":{"type":"Point","coordinates":[18.67989347286248,-33.82824876856235,0]},"properties":{"name":"Potential Site 1","visibility":false,"description":"Land Owner - Garden Cities","icon-scale":1.1,"icon-offset":[20,2],"icon-offset-units":["pixels","pixels"],"_name":"Potential Site 1"}},{"type":"Feature","geometry":{"type":"Point","coordinates":[18.6882831935982,-33.80283874753251,0]},"properties":{"name":"New Shopping Centre","visibility":false,"description":"Land owner - Groot Phesantekraal","icon-opacity":1,"icon-color":"#fc000b","icon-scale":1.1,"icon-offset":[20,2],"icon-offset-units":["pixels","pixels"],"_name":"New Shopping Centre"}},{"type":"Feature","geometry":{"type":"Point","coordinates":[18.66196518651298,-33.81812415295059,0]},"properties":{"name":"Potential Site 2","visibility":false,"icon-opacity":1,"icon-color":"#fff921","icon-scale":1.1,"icon-offset":[20,2],"icon-offset-units":["pixels","pixels"],"_name":"Potential Site 2"}},{"type":"Feature","geometry":{"type":"Point","coordinates":[18.52972757348692,-34.05852410570238,0]},"properties":{"name":"Pelikan Park 1","visibility":false,"icon-opacity":1,"icon-color":"#fff921","icon-scale":1.1,"icon-offset":[20,2],"icon-offset-units":["pixels","pixels"],"_name":"Pelikan Park 1"}},{"type":"Feature","geometry":{"type":"Point","coordinates":[18.52975666872112,-34.05906654892029,0]},"properties":{"name":"Pelikan Park 2","visibility":false,"icon-opacity":1,"icon-color":"#fff921","icon-scale":1.1,"icon-offset":[20,2],"icon-offset-units":["pixels","pixels"],"_name":"Pelikan Park 2"}},{"type":"Feature","geometry":{"type":"Point","coordinates":[18.54351086957046,-33.83803117405014,0]},"properties":{"name":"Potential Site 1","visibility":false,"icon-opacity":1,"icon-color":"#fff921","icon-scale":1.1,"icon-offset":[20,2],"icon-offset-units":["pixels","pixels"],"_name":"Potential Site 1"}},{"type":"Feature","geometry":{"type":"Point","coordinates":[18.55022683096331,-33.82946462509395,0]},"properties":{"name":"Potential Site 2","visibility":false,"icon-opacity":1,"icon-color":"#fff921","icon-scale":1.1,"icon-offset":[20,2],"icon-offset-units":["pixels","pixels"],"_name":"Potential Site 2"}},{"type":"Feature","geometry":{"type":"Point","coordinates":[18.4216274860738,-33.91763937196561,0]},"properties":{"name":"16 on Bree Pin","visibility":false,"label-scale":0,"icon-scale":1.4,"_name":"16 on Bree Pin"}},{"type":"Feature","geometry":{"type":"Point","coordinates":[18.42231765187542,-33.90284062859374,0]},"properties":{"name":"The Table Bay hotel","visibility":false,"icon-scale":1.4,"icon-offset":[0.5,0.5],"icon-offset-units":["fraction","fraction"],"_name":"The Table Bay hotel"}},{"type":"Feature","geometry":{"type":"Point","coordinates":[18.42252319736232,-33.91433555814126,0]},"properties":{"name":"Signature Lux Hotel","visibility":false,"icon-scale":1.4,"icon-offset":[0.5,0.5],"icon-offset-units":["fraction","fraction"],"_name":"Signature Lux Hotel"}},{"type":"Feature","geometry":{"type":"Point","coordinates":[18.42241001932328,-33.91895503785722,0]},"properties":{"name":"Radisson Blu Hotel & Residence","visibility":false,"icon-scale":1.4,"icon-offset":[0.5,0.5],"icon-offset-units":["fraction","fraction"],"_name":"Radisson Blu Hotel & Residence"}},{"type":"Feature","geometry":{"type":"Point","coordinates":[18.41929131481639,-33.91941899807526,0]},"properties":{"name":"SunSquare Cape Town","visibility":false,"icon-scale":1.4,"icon-offset":[0.5,0.5],"icon-offset-units":["fraction","fraction"],"_name":"SunSquare Cape Town"}},{"type":"Feature","geometry":{"type":"Point","coordinates":[18.41439841533771,-33.92100339734568,0]},"properties":{"name":"Rose Lodge","visibility":false,"icon-scale":1.4,"icon-offset":[0.5,0.5],"icon-offset-units":["fraction","fraction"],"_name":"Rose Lodge"}},{"type":"Feature","geometry":{"type":"Point","coordinates":[18.4148037661804,-33.92546862070953,0]},"properties":{"name":"Happy Rhino Hotel","visibility":false,"icon-scale":1.4,"icon-offset":[0.5,0.5],"icon-offset-units":["fraction","fraction"],"_name":"Happy Rhino Hotel"}},{"type":"Feature","geometry":{"type":"Point","coordinates":[18.4215566939641,-33.92875238961837,0]},"properties":{"name":"The Square","visibility":false,"icon-scale":1.4,"icon-offset":[0.5,0.5],"icon-offset-units":["fraction","fraction"],"_name":"The Square"}},{"type":"Feature","geometry":{"type":"Point","coordinates":[18.41915534031707,-33.92263941787321,0]},"properties":{"name":"Oxford English Academy","visibility":false,"icon-scale":1.5,"icon-offset":[0.5,0.5],"icon-offset-units":["fraction","fraction"],"_name":"Oxford English Academy"}},{"type":"Feature","geometry":{"type":"Point","coordinates":[18.43266059119024,-33.92152602100588,0]},"properties":{"name":"Curro Foreshore","visibility":false,"icon-scale":1.5,"icon-offset":[0.5,0.5],"icon-offset-units":["fraction","fraction"],"_name":"Curro Foreshore"}},{"type":"Feature","geometry":{"type":"Point","coordinates":[18.4241171704017,-33.92643764463669,0]},"properties":{"name":"College of Cape Town","visibility":false,"icon-scale":1.5,"icon-offset":[0.5,0.5],"icon-offset-units":["fraction","fraction"],"_name":"College of Cape Town"}},{"type":"Feature","geometry":{"type":"Point","coordinates":[18.41363601983262,-33.92917786108659,0]},"properties":{"name":"UCT English Language Centre","visibility":false,"icon-scale":1.5,"icon-offset":[0.5,0.5],"icon-offset-units":["fraction","fraction"],"_name":"UCT English Language Centre"}},{"type":"Feature","geometry":{"type":"Point","coordinates":[18.41478928889803,-33.93164575439483,0]},"properties":{"name":"Cape Town High School","visibility":false,"icon-scale":1.5,"icon-offset":[0.5,0.5],"icon-offset-units":["fraction","fraction"],"_name":"Cape Town High School"}},{"type":"Feature","geometry":{"type":"Point","coordinates":[18.41512930532017,-33.93231189228892,0]},"properties":{"name":"Italian School","visibility":false,"icon-scale":1.5,"icon-offset":[0.5,0.5],"icon-offset-units":["fraction","fraction"],"_name":"Italian School"}},{"type":"Feature","geometry":{"type":"Point","coordinates":[18.41775040350407,-33.91559013143414,0]},"properties":{"name":"Cape Quarter Lifestyle Village","visibility":false,"icon-scale":1.2,"icon-offset":[0.5,0.5],"icon-offset-units":["fraction","fraction"],"_name":"Cape Quarter Lifestyle Village"}},{"type":"Feature","geometry":{"type":"Point","coordinates":[18.42185209430713,-33.92075848476718,0]},"properties":{"name":"Parkade Mall","visibility":false,"icon-scale":1.2,"icon-offset":[0.5,0.5],"icon-offset-units":["fraction","fraction"],"_name":"Parkade Mall"}},{"type":"Feature","geometry":{"type":"Point","coordinates":[18.4240628223938,-33.9215082243792,0]},"properties":{"name":"St George's Mall","visibility":false,"icon-scale":1.2,"icon-offset":[0.5,0.5],"icon-offset-units":["fraction","fraction"],"_name":"St George's Mall"}},{"type":"Feature","geometry":{"type":"Point","coordinates":[18.41869472903625,-33.92426034272683,0]},"properties":{"name":"Civic center","visibility":false,"icon-scale":1.2,"icon-offset":[0.5,0.5],"icon-offset-units":["fraction","fraction"],"_name":"Civic center"}},{"type":"Feature","geometry":{"type":"Point","coordinates":[18.42314422705837,-33.92272803647594,0]},"properties":{"name":"Golden Acre Shopping Centre","visibility":false,"icon-scale":1.2,"icon-offset":[0.5,0.5],"icon-offset-units":["fraction","fraction"],"_name":"Golden Acre Shopping Centre"}},{"type":"Feature","geometry":{"type":"Point","coordinates":[18.42060115657755,-33.90354919583504,0]},"properties":{"name":"V&A Waterfront","visibility":false,"icon-scale":1.2,"icon-offset":[0.5,0.5],"icon-offset-units":["fraction","fraction"],"_name":"V&A Waterfront"}},{"type":"Feature","geometry":{"type":"Point","coordinates":[18.38320754212072,-33.92086138966915,0]},"properties":{"name":"The Point","visibility":false,"icon-scale":1.2,"icon-offset":[0.5,0.5],"icon-offset-units":["fraction","fraction"],"_name":"The Point"}},{"type":"Feature","geometry":{"type":"Point","coordinates":[18.42994551067854,-33.91797647133026,0]},"properties":{"name":"Netcare Christiaan Barnard Hospital","visibility":false,"icon-scale":1.2,"icon-offset":[0.5,0.5],"icon-offset-units":["fraction","fraction"],"_name":"Netcare Christiaan Barnard Hospital"}},{"type":"Feature","geometry":{"type":"Point","coordinates":[18.4285415833037,-33.92099702321914,0]},"properties":{"name":"CapeTown CBD Hospital","visibility":false,"icon-scale":1.2,"icon-offset":[0.5,0.5],"icon-offset-units":["fraction","fraction"],"_name":"CapeTown CBD Hospital"}},{"type":"Feature","geometry":{"type":"Point","coordinates":[18.41543406175855,-33.90440270464585,0]},"properties":{"name":"Somerset Hospital","visibility":false,"icon-scale":1.2,"icon-offset":[0.5,0.5],"icon-offset-units":["fraction","fraction"],"_name":"Somerset Hospital"}},{"type":"Feature","geometry":{"type":"Point","coordinates":[18.41075288175266,-33.9357579607298,0]},"properties":{"name":"Mediclinic Cape Town","visibility":false,"icon-scale":1.2,"icon-offset":[0.5,0.5],"icon-offset-units":["fraction","fraction"],"_name":"Mediclinic Cape Town"}},{"type":"Feature","geometry":{"type":"Point","coordinates":[18.41767743555766,-33.90773785436924,0]},"properties":{"name":"Two Oceans Aquarium","visibility":false,"icon-scale":1.1,"icon-offset":[32,1],"icon-offset-units":["pixels","pixels"],"_name":"Two Oceans Aquarium"}},{"type":"Feature","geometry":{"type":"Point","coordinates":[18.42507994806927,-33.90111030520153,0]},"properties":{"name":"Cape Town Helicopters","visibility":false,"icon-scale":1.1,"icon-offset":[32,1],"icon-offset-units":["pixels","pixels"],"_name":"Cape Town Helicopters"}},{"type":"Feature","geometry":{"type":"Point","coordinates":[18.42217574710713,-33.90766644501232,0]},"properties":{"name":"V&A Waterfront","visibility":false,"label-scale":0.9,"icon-scale":1.1,"icon-offset":[32,1],"icon-offset-units":["pixels","pixels"],"_name":"V&A Waterfront"}},{"type":"Feature","geometry":{"type":"Point","coordinates":[18.40691825291768,-33.90445328840487,0]},"properties":{"name":"Green Point","visibility":false,"label-scale":0.9,"icon-scale":1.1,"icon-offset":[32,1],"icon-offset-units":["pixels","pixels"],"_name":"Green Point"}},{"type":"Feature","geometry":{"type":"Point","coordinates":[18.39248415886657,-33.91524965780714,0]},"properties":{"name":"Sea Point","visibility":false,"label-scale":0.9,"icon-scale":1.1,"icon-offset":[32,1],"icon-offset-units":["pixels","pixels"],"_name":"Sea Point"}},{"type":"Feature","geometry":{"type":"Point","coordinates":[18.38324444822723,-33.95003426346511,0]},"properties":{"name":"Camps Bay","visibility":false,"label-scale":0.9,"icon-scale":1.1,"icon-offset":[32,1],"icon-offset-units":["pixels","pixels"],"_name":"Camps Bay"}},{"type":"Feature","geometry":{"type":"Point","coordinates":[18.44728556904726,-33.9305423500497,0]},"properties":{"name":"Woodstock","visibility":false,"label-scale":0.9,"icon-scale":1.1,"icon-offset":[32,1],"icon-offset-units":["pixels","pixels"],"_name":"Woodstock"}},{"type":"Feature","geometry":{"type":"Point","coordinates":[18.4459312686381,-33.99015115366021,0]},"properties":{"name":"Bischopscourt","visibility":false,"label-scale":0.9,"icon-scale":1.1,"icon-offset":[32,1],"icon-offset-units":["pixels","pixels"],"_name":"Bischopscourt"}},{"type":"Feature","geometry":{"type":"Point","coordinates":[18.465511805312,-33.9800286989514,0]},"properties":{"name":"Claremont","visibility":false,"label-scale":0.9,"icon-scale":1.1,"icon-offset":[32,1],"icon-offset-units":["pixels","pixels"],"_name":"Claremont"}},{"type":"Feature","geometry":{"type":"Point","coordinates":[18.45003547447488,-33.9791166029979,0]},"properties":{"name":"Newlands","visibility":false,"label-scale":0.9,"icon-scale":1.1,"icon-offset":[32,1],"icon-offset-units":["pixels","pixels"],"_name":"Newlands"}},{"type":"Feature","geometry":{"type":"Point","coordinates":[18.47632709286783,-33.96335160639447,0]},"properties":{"name":"Rondebosch","visibility":false,"label-scale":0.9,"icon-scale":1.1,"icon-offset":[32,1],"icon-offset-units":["pixels","pixels"],"_name":"Rondebosch"}},{"type":"Feature","geometry":{"type":"Point","coordinates":[18.51301109539282,-33.93169734039224,0]},"properties":{"name":"Pinelands","visibility":false,"label-scale":0.9,"icon-scale":1.1,"icon-offset":[32,1],"icon-offset-units":["pixels","pixels"],"_name":"Pinelands"}},{"type":"Feature","geometry":{"type":"Point","coordinates":[18.49994800525331,-33.86709542901313,0]},"properties":{"name":"Milnerton","visibility":false,"label-scale":0.9,"icon-scale":1.1,"icon-offset":[32,1],"icon-offset-units":["pixels","pixels"],"_name":"Milnerton"}},{"type":"Feature","geometry":{"type":"Point","coordinates":[18.50775741790817,-33.91041889555182,0]},"properties":{"name":"Kensington","visibility":false,"label-scale":0.9,"icon-scale":1.1,"icon-offset":[32,1],"icon-offset-units":["pixels","pixels"],"_name":"Kensington"}},{"type":"Feature","geometry":{"type":"Point","coordinates":[18.62927786274557,-33.90333236409087,0]},"properties":{"name":"Middestad Mall","visibility":false,"icon-scale":1.1,"icon-offset":[32,1],"icon-offset-units":["pixels","pixels"],"_name":"Middestad Mall"}},{"type":"Feature","geometry":{"type":"Point","coordinates":[18.6348023341924,-33.8737649368919,0]},"properties":{"name":"Sportsmans Warehouse Tygervalley - Gauteng","visibility":false,"icon-opacity":1,"icon-color":"#21ff06","icon-scale":1.1,"icon-offset":[20,2],"icon-offset-units":["pixels","pixels"],"_name":"Sportsmans Warehouse Tygervalley - Gauteng"}},{"type":"Feature","geometry":{"type":"Point","coordinates":[18.82958169984438,-34.08657249969151,0]},"properties":{"name":"Helderberg Centre - Western Cape","visibility":false,"icon-opacity":1,"icon-color":"#21ff06","icon-scale":1.1,"icon-offset":[20,2],"icon-offset-units":["pixels","pixels"],"_name":"Helderberg Centre - Western Cape"}},{"type":"Feature","geometry":{"type":"Point","coordinates":[18.58321212209117,-34.03169578672273,0]},"properties":{"name":"Site for sale 1.5 million spaza box","visibility":false,"icon-scale":1.1,"icon-offset":[20,2],"icon-offset-units":["pixels","pixels"],"_name":"Site for sale 1.5 million spaza box"}},{"type":"Feature","geometry":{"type":"Point","coordinates":[18.53014825130934,-34.05863512299981,0]},"properties":{"name":"Strandfontein Road, Pelikan Park, Cape Town.","visibility":false,"icon-scale":1.1,"icon-offset":[32,1],"icon-offset-units":["pixels","pixels"],"_name":"Strandfontein Road, Pelikan Park, Cape Town."}},{"type":"Feature","geometry":{"type":"Polygon","coordinates":[[[18.52920815294051,-34.05832057691495,0],[18.52926675818962,-34.05884934901895,0],[18.53017204100369,-34.0587036751993,0],[18.5300743530673,-34.05820188131331,0],[18.52920815294051,-34.05832057691495,0]]]},"properties":{"name":"Erf 2709","visibility":false,"icon-scale":1.1,"icon-offset":[32,1],"icon-offset-units":["pixels","pixels"],"_name":"Erf 2709"}},{"type":"Feature","geometry":{"type":"Polygon","coordinates":[[[18.52910489675207,-34.0590381949857,0],[18.52915699301128,-34.0593565378939,0],[18.53023812863552,-34.05917849175899,0],[18.53021207946234,-34.05883856707148,0],[18.52910489675207,-34.0590381949857,0]]]},"properties":{"name":"Erf 2721","visibility":false,"icon-scale":1.1,"icon-offset":[32,1],"icon-offset-units":["pixels","pixels"],"_name":"Erf 2721"}},{"type":"Feature","geometry":{"type":"Point","coordinates":[18.62026413178968,-34.00271383010755,0]},"properties":{"name":"Retail Shopping Centre and future Service Station","visibility":false,"icon-scale":1.1,"icon-offset":[32,1],"icon-offset-units":["pixels","pixels"],"_name":"Retail Shopping Centre and future Service Station"}},{"type":"Feature","geometry":{"type":"Point","coordinates":[18.83756376411404,-34.12115792303508,0]},"properties":{"name":"For Sale - Call Centre - Send to brokers and share commission","visibility":false,"icon-scale":1.1,"icon-offset":[32,1],"icon-offset-units":["pixels","pixels"],"_name":"For Sale - Call Centre - Send to brokers and share commission"}},{"type":"Feature","geometry":{"type":"Point","coordinates":[18.42139068975111,-33.91765968797364,0]},"properties":{"name":"16 on Bree Street, Cape Town","visibility":false,"icon-scale":1.1,"icon-offset":[0.5,0.5],"icon-offset-units":["fraction","fraction"],"_name":"16 on Bree Street, Cape Town"}},{"type":"Feature","geometry":{"type":"Point","coordinates":[18.68227397757204,-33.88405912223191,0]},"properties":{"name":"Fairbridge Mall - Checkers","visibility":false,"icon-scale":1.1,"icon-offset":[0.5,0.5],"icon-offset-units":["fraction","fraction"],"_name":"Fairbridge Mall - Checkers"}},{"type":"Feature","geometry":{"type":"Point","coordinates":[18.69672350862093,-33.94911965818905,0]},"properties":{"name":"Zewenwaght - Investec (has everything) 40 000 sqm","visibility":false,"icon-scale":1.1,"icon-offset":[0.5,0.5],"icon-offset-units":["fraction","fraction"],"_name":"Zewenwaght - Investec (has everything) 40 000 sqm"}},{"type":"Feature","geometry":{"type":"Point","coordinates":[18.69717920436489,-33.85281418556205,0]},"properties":{"name":"CapeGate - Hyprop","visibility":false,"icon-scale":1.1,"icon-offset":[0.5,0.5],"icon-offset-units":["fraction","fraction"],"_name":"CapeGate - Hyprop"}},{"type":"Feature","geometry":{"type":"Point","coordinates":[18.63510514978526,-33.87375388766955,0]},"properties":{"name":"Tygervalley - Pareto","visibility":false,"icon-scale":1.1,"icon-offset":[0.5,0.5],"icon-offset-units":["fraction","fraction"],"_name":"Tygervalley - Pareto"}},{"type":"Feature","geometry":{"type":"Point","coordinates":[18.82803838088685,-34.08502068761414,0]},"properties":{"name":"Somerset Mr Price","visibility":false,"icon-scale":1.1,"icon-offset":[0.5,0.5],"icon-offset-units":["fraction","fraction"],"_name":"Somerset Mr Price"}},{"type":"Feature","geometry":{"type":"Point","coordinates":[18.47784799646837,-33.78620598776,0]},"properties":{"name":"TABLE BAY MALL - KSA1239","visibility":false,"description":{"@type":"html","value":"<br><br><br>\n    <table border=\"1\" padding=\"0\">\n      <tr><td>Country</td><td>SOUTH AFRICA</td></tr>\n      <tr><td>KSA_Number</td><td>KSA1239</td></tr>\n      <tr><td>Unit_Name</td><td>TABLE BAY MALL - KSA1239</td></tr>\n      <tr><td>Company</td><td>Franchise</td></tr>\n      <tr><td>Franchisee</td><td>Gerhard Jovner</td></tr>\n      <tr><td>Store_Category</td><td>Mall</td></tr>\n      <tr><td>Facility_Type</td><td>In-Line No DT</td></tr>\n      <tr><td>Trading_Hours</td><td>Normal Hours</td></tr>\n      <tr><td>Latitude</td><td>-33.7862064826166</td></tr>\n      <tr><td>Longitude</td><td>18.4778483212898</td></tr>"},"label-scale":0,"icon-scale":1.1,"icon-offset":[20,2],"icon-offset-units":["pixels","pixels"],"_name":"TABLE BAY MALL - KSA1239"}},{"type":"Feature","geometry":{"type":"Point","coordinates":[18.42149998476199,-33.925800012152,0]},"properties":{"name":"SPIN STREET - KSA1052","visibility":false,"description":{"@type":"html","value":"<br><br><br>\n    <table border=\"1\" padding=\"0\">\n      <tr><td>Country</td><td>SOUTH AFRICA</td></tr>\n      <tr><td>KSA_Number</td><td>KSA1052</td></tr>\n      <tr><td>Unit_Name</td><td>SPIN STREET - KSA1052</td></tr>\n      <tr><td>Company</td><td>Franchise</td></tr>\n      <tr><td>Franchisee</td><td>Javed Koor</td></tr>\n      <tr><td>Store_Category</td><td>Township</td></tr>\n      <tr><td>Facility_Type</td><td>In-Line No DT</td></tr>\n      <tr><td>Trading_Hours</td><td>Normal Hours</td></tr>\n      <tr><td>Latitude</td><td>-33.9258</td></tr>\n      <tr><td>Longitude</td><td>18.4215</td></tr>"},"label-scale":0,"icon-scale":1.1,"icon-offset":[20,2],"icon-offset-units":["pixels","pixels"],"_name":"SPIN STREET - KSA1052"}},{"type":"Feature","geometry":{"type":"Point","coordinates":[18.49800000560032,-33.816300006186,0]},"properties":{"name":"PARKLANDS LIFESTYLE CENTRE - KSA536","visibility":false,"description":{"@type":"html","value":"<br><br><br>\n    <table border=\"1\" padding=\"0\">\n      <tr><td>Country</td><td>SOUTH AFRICA</td></tr>\n      <tr><td>KSA_Number</td><td>KSA536</td></tr>\n      <tr><td>Unit_Name</td><td>PARKLANDS LIFESTYLE CENTRE - KSA536</td></tr>\n      <tr><td>Company</td><td>Franchise</td></tr>\n      <tr><td>Franchisee</td><td>Gerhard Jovner</td></tr>\n      <tr><td>Store_Category</td><td>Suburban</td></tr>\n      <tr><td>Facility_Type</td><td>In-Line No DT</td></tr>\n      <tr><td>Trading_Hours</td><td>Normal Hours</td></tr>\n      <tr><td>Latitude</td><td>-33.8163</td></tr>\n      <tr><td>Longitude</td><td>18.498</td></tr>"},"label-scale":0,"icon-scale":1.1,"icon-offset":[20,2],"icon-offset-units":["pixels","pixels"],"_name":"PARKLANDS LIFESTYLE CENTRE - KSA536"}},{"type":"Feature","geometry":{"type":"Point","coordinates":[18.61799999336774,-33.874000003017,0]},"properties":{"name":"WELGEMOED - KSA1004","visibility":false,"description":{"@type":"html","value":"<br><br><br>\n    <table border=\"1\" padding=\"0\">\n      <tr><td>Country</td><td>SOUTH AFRICA</td></tr>\n      <tr><td>KSA_Number</td><td>KSA1004</td></tr>\n      <tr><td>Unit_Name</td><td>WELGEMOED - KSA1004</td></tr>\n      <tr><td>Company</td><td>Franchise</td></tr>\n      <tr><td>Franchisee</td><td>Burt Gunning</td></tr>\n      <tr><td>Store_Category</td><td>Suburban</td></tr>\n      <tr><td>Facility_Type</td><td>In-Line No DT</td></tr>\n      <tr><td>Trading_Hours</td><td>Normal Hours</td></tr>\n      <tr><td>Latitude</td><td>-33.874</td></tr>\n      <tr><td>Longitude</td><td>18.618</td></tr>"},"label-scale":0,"icon-scale":1.1,"icon-offset":[20,2],"icon-offset-units":["pixels","pixels"],"_name":"WELGEMOED - KSA1004"}},{"type":"Feature","geometry":{"type":"Point","coordinates":[18.61939999334073,-34.050399998761,0]},"properties":{"name":"TC STATION (MITCHELLS PLAIN) - KSA386","visibility":false,"description":{"@type":"html","value":"<br><br><br>\n    <table border=\"1\" padding=\"0\">\n      <tr><td>Country</td><td>SOUTH AFRICA</td></tr>\n      <tr><td>KSA_Number</td><td>KSA386</td></tr>\n      <tr><td>Unit_Name</td><td>TC STATION (MITCHELLS PLAIN) - KSA386</td></tr>\n      <tr><td>Company</td><td>Franchise</td></tr>\n      <tr><td>Franchisee</td><td>Gerhard Jovner</td></tr>\n      <tr><td>Store_Category</td><td>Mall</td></tr>\n      <tr><td>Facility_Type</td><td>In-Line No DT</td></tr>\n      <tr><td>Trading_Hours</td><td>Normal Hours</td></tr>\n      <tr><td>Latitude</td><td>-34.0504</td></tr>\n      <tr><td>Longitude</td><td>18.6194</td></tr>"},"label-scale":0,"icon-scale":1.1,"icon-offset":[20,2],"icon-offset-units":["pixels","pixels"],"_name":"TC STATION (MITCHELLS PLAIN) - KSA386"}},{"type":"Feature","geometry":{"type":"Point","coordinates":[18.82639998438839,-34.117000010507,0]},"properties":{"name":"STRAND 2 - KSA341","visibility":false,"description":{"@type":"html","value":"<br><br><br>\n    <table border=\"1\" padding=\"0\">\n      <tr><td>Country</td><td>SOUTH AFRICA</td></tr>\n      <tr><td>KSA_Number</td><td>KSA341</td></tr>\n      <tr><td>Unit_Name</td><td>STRAND 2 - KSA341</td></tr>\n      <tr><td>Company</td><td>Franchise</td></tr>\n      <tr><td>Franchisee</td><td>Gerhard Jovner</td></tr>\n      <tr><td>Store_Category</td><td>Hybrid</td></tr>\n      <tr><td>Facility_Type</td><td>In-Line No DT</td></tr>\n      <tr><td>Trading_Hours</td><td>Normal Hours</td></tr>\n      <tr><td>Latitude</td><td>-34.117</td></tr>\n      <tr><td>Longitude</td><td>18.8264</td></tr>"},"label-scale":0,"icon-scale":1.1,"icon-offset":[20,2],"icon-offset-units":["pixels","pixels"],"_name":"STRAND 2 - KSA341"}},{"type":"Feature","geometry":{"type":"Point","coordinates":[18.46929998879851,-34.00640001102,0]},"properties":{"name":"WYNBERG - KSA270","visibility":false,"description":{"@type":"html","value":"<br><br><br>\n    <table border=\"1\" padding=\"0\">\n      <tr><td>Country</td><td>SOUTH AFRICA</td></tr>\n      <tr><td>KSA_Number</td><td>KSA270</td></tr>\n      <tr><td>Unit_Name</td><td>WYNBERG - KSA270</td></tr>\n      <tr><td>Company</td><td>Franchise</td></tr>\n      <tr><td>Franchisee</td><td>Gerhard Jovner</td></tr>\n      <tr><td>Store_Category</td><td>CBD</td></tr>\n      <tr><td>Facility_Type</td><td>In-Line No DT</td></tr>\n      <tr><td>Trading_Hours</td><td>Normal Hours</td></tr>\n      <tr><td>Latitude</td><td>-34.0064</td></tr>\n      <tr><td>Longitude</td><td>18.4693</td></tr>"},"label-scale":0,"icon-scale":1.1,"icon-offset":[20,2],"icon-offset-units":["pixels","pixels"],"_name":"WYNBERG - KSA270"}},{"type":"Feature","geometry":{"type":"Point","coordinates":[18.41940000215802,-33.933799994212,0]},"properties":{"name":"GARDENS - KSA254","visibility":false,"description":{"@type":"html","value":"<br><br><br>\n    <table border=\"1\" padding=\"0\">\n      <tr><td>Country</td><td>SOUTH AFRICA</td></tr>\n      <tr><td>KSA_Number</td><td>KSA254</td></tr>\n      <tr><td>Unit_Name</td><td>GARDENS - KSA254</td></tr>\n      <tr><td>Company</td><td>Franchise</td></tr>\n      <tr><td>Franchisee</td><td>Gerhard Jovner</td></tr>\n      <tr><td>Store_Category</td><td>Suburban</td></tr>\n      <tr><td>Facility_Type</td><td>In-Line No DT</td></tr>\n      <tr><td>Trading_Hours</td><td>Normal Hours</td></tr>\n      <tr><td>Latitude</td><td>-33.9338</td></tr>\n      <tr><td>Longitude</td><td>18.4194</td></tr>"},"label-scale":0,"icon-scale":1.1,"icon-offset":[20,2],"icon-offset-units":["pixels","pixels"],"_name":"GARDENS - KSA254"}},{"type":"Feature","geometry":{"type":"Point","coordinates":[18.44339799341397,-33.731292996712,0]},"properties":{"name":"MELKBOS - KSA368","visibility":false,"description":{"@type":"html","value":"<br><br><br>\n    <table border=\"1\" padding=\"0\">\n      <tr><td>Country</td><td>SOUTH AFRICA</td></tr>\n      <tr><td>KSA_Number</td><td>KSA368</td></tr>\n      <tr><td>Unit_Name</td><td>MELKBOS - KSA368</td></tr>\n      <tr><td>Company</td><td>Franchise</td></tr>\n      <tr><td>Franchisee</td><td>Morne Roets</td></tr>\n      <tr><td>Store_Category</td><td>Hybrid</td></tr>\n      <tr><td>Facility_Type</td><td>In-Line No DT</td></tr>\n      <tr><td>Trading_Hours</td><td>Normal Hours</td></tr>\n      <tr><td>Latitude</td><td>-33.7312933663444</td></tr>\n      <tr><td>Longitude</td><td>18.4433983649635</td></tr>"},"label-scale":0,"icon-scale":1.1,"icon-offset":[20,2],"icon-offset-units":["pixels","pixels"],"_name":"MELKBOS - KSA368"}},{"type":"Feature","geometry":{"type":"Point","coordinates":[18.42049999469872,-33.923200005021,0]},"properties":{"name":"ST GEORGES MALL - KSA1021","visibility":false,"description":{"@type":"html","value":"<br><br><br>\n    <table border=\"1\" padding=\"0\">\n      <tr><td>Country</td><td>SOUTH AFRICA</td></tr>\n      <tr><td>KSA_Number</td><td>KSA1021</td></tr>\n      <tr><td>Unit_Name</td><td>ST GEORGES MALL - KSA1021</td></tr>\n      <tr><td>Company</td><td>Franchise</td></tr>\n      <tr><td>Franchisee</td><td>Chris Champion</td></tr>\n      <tr><td>Store_Category</td><td>CBD</td></tr>\n      <tr><td>Facility_Type</td><td>In-Line No DT</td></tr>\n      <tr><td>Trading_Hours</td><td>Normal Hours</td></tr>\n      <tr><td>Latitude</td><td>-33.9232</td></tr>\n      <tr><td>Longitude</td><td>18.4205</td></tr>"},"label-scale":0,"icon-scale":1.1,"icon-offset":[20,2],"icon-offset-units":["pixels","pixels"],"_name":"ST GEORGES MALL - KSA1021"}},{"type":"Feature","geometry":{"type":"Point","coordinates":[18.42309998968984,-33.922699992254,0]},"properties":{"name":"CAPE TOWN CBD (GOLDEN ACRE) - KSA316","visibility":false,"description":{"@type":"html","value":"<br><br><br>\n    <table border=\"1\" padding=\"0\">\n      <tr><td>Country</td><td>SOUTH AFRICA</td></tr>\n      <tr><td>KSA_Number</td><td>KSA316</td></tr>\n      <tr><td>Unit_Name</td><td>CAPE TOWN CBD (GOLDEN ACRE) - KSA316</td></tr>\n      <tr><td>Company</td><td>Franchise</td></tr>\n      <tr><td>Franchisee</td><td>Chris Champion</td></tr>\n      <tr><td>Store_Category</td><td>CBD</td></tr>\n      <tr><td>Facility_Type</td><td>In-Line No DT</td></tr>\n      <tr><td>Trading_Hours</td><td>Normal Hours</td></tr>\n      <tr><td>Latitude</td><td>-33.9227</td></tr>\n      <tr><td>Longitude</td><td>18.4231</td></tr>"},"label-scale":0,"icon-scale":1.1,"icon-offset":[20,2],"icon-offset-units":["pixels","pixels"],"_name":"CAPE TOWN CBD (GOLDEN ACRE) - KSA316"}},{"type":"Feature","geometry":{"type":"Point","coordinates":[18.87760000323547,-33.926300000229,0]},"properties":{"name":"SIMONSRUST - KSA1122","visibility":false,"description":{"@type":"html","value":"<br><br><br>\n    <table border=\"1\" padding=\"0\">\n      <tr><td>Country</td><td>SOUTH AFRICA</td></tr>\n      <tr><td>KSA_Number</td><td>KSA1122</td></tr>\n      <tr><td>Unit_Name</td><td>SIMONSRUST - KSA1122</td></tr>\n      <tr><td>Company</td><td>Franchise</td></tr>\n      <tr><td>Franchisee</td><td>Morne Roets</td></tr>\n      <tr><td>Store_Category</td><td>Suburban</td></tr>\n      <tr><td>Facility_Type</td><td>In-Line No DT</td></tr>\n      <tr><td>Trading_Hours</td><td>Normal Hours</td></tr>\n      <tr><td>Latitude</td><td>-33.9263</td></tr>\n      <tr><td>Longitude</td><td>18.8776</td></tr>"},"label-scale":0,"icon-scale":1.1,"icon-offset":[20,2],"icon-offset-units":["pixels","pixels"],"_name":"SIMONSRUST - KSA1122"}},{"type":"Feature","geometry":{"type":"Point","coordinates":[18.47020001109538,-33.960300004224,0]},"properties":{"name":"RONDEBOSCH - KSA1110","visibility":false,"description":{"@type":"html","value":"<br><br><br>\n    <table border=\"1\" padding=\"0\">\n      <tr><td>Country</td><td>SOUTH AFRICA</td></tr>\n      <tr><td>KSA_Number</td><td>KSA1110</td></tr>\n      <tr><td>Unit_Name</td><td>RONDEBOSCH - KSA1110</td></tr>\n      <tr><td>Company</td><td>Franchise</td></tr>\n      <tr><td>Franchisee</td><td>Rashied Parker</td></tr>\n      <tr><td>Store_Category</td><td>CBD</td></tr>\n      <tr><td>Facility_Type</td><td>In-Line No DT</td></tr>\n      <tr><td>Trading_Hours</td><td>Normal Hours</td></tr>\n      <tr><td>Latitude</td><td>-33.9603</td></tr>\n      <tr><td>Longitude</td><td>18.4702</td></tr>"},"label-scale":0,"icon-scale":1.1,"icon-offset":[20,2],"icon-offset-units":["pixels","pixels"],"_name":"RONDEBOSCH - KSA1110"}},{"type":"Feature","geometry":{"type":"Point","coordinates":[18.56609999188968,-33.917699988036,0]},"properties":{"name":"ELSIES RIVER 1 - KSA318","visibility":false,"description":{"@type":"html","value":"<br><br><br>\n    <table border=\"1\" padding=\"0\">\n      <tr><td>Country</td><td>SOUTH AFRICA</td></tr>\n      <tr><td>KSA_Number</td><td>KSA318</td></tr>\n      <tr><td>Unit_Name</td><td>ELSIES RIVER 1 - KSA318</td></tr>\n      <tr><td>Company</td><td>Franchise</td></tr>\n      <tr><td>Franchisee</td><td>Gerhard Jovner</td></tr>\n      <tr><td>Store_Category</td><td>Hybrid</td></tr>\n      <tr><td>Facility_Type</td><td>Freestanding DT</td></tr>\n      <tr><td>Trading_Hours</td><td>Normal Hours</td></tr>\n      <tr><td>Latitude</td><td>-33.9177</td></tr>\n      <tr><td>Longitude</td><td>18.5661</td></tr>"},"label-scale":0,"icon-scale":1.1,"icon-offset":[20,2],"icon-offset-units":["pixels","pixels"],"_name":"ELSIES RIVER 1 - KSA318"}},{"type":"Feature","geometry":{"type":"Point","coordinates":[18.55980000936674,-33.891299995391,0]},"properties":{"name":"N1 CITY MALL - KSA710","visibility":false,"description":{"@type":"html","value":"<br><br><br>\n    <table border=\"1\" padding=\"0\">\n      <tr><td>Country</td><td>SOUTH AFRICA</td></tr>\n      <tr><td>KSA_Number</td><td>KSA710</td></tr>\n      <tr><td>Unit_Name</td><td>N1 CITY MALL - KSA710</td></tr>\n      <tr><td>Company</td><td>Franchise</td></tr>\n      <tr><td>Franchisee</td><td>Chris Champion</td></tr>\n      <tr><td>Store_Category</td><td>Mall</td></tr>\n      <tr><td>Facility_Type</td><td>In-Line No DT</td></tr>\n      <tr><td>Trading_Hours</td><td>Normal Hours</td></tr>\n      <tr><td>Latitude</td><td>-33.8913</td></tr>\n      <tr><td>Longitude</td><td>18.5598</td></tr>"},"label-scale":0,"icon-scale":1.1,"icon-offset":[20,2],"icon-offset-units":["pixels","pixels"],"_name":"N1 CITY MALL - KSA710"}},{"type":"Feature","geometry":{"type":"Point","coordinates":[18.50790000788868,-33.83020000063,0]},"properties":{"name":"TABLEVIEW - KSA1067","visibility":false,"description":{"@type":"html","value":"<br><br><br>\n    <table border=\"1\" padding=\"0\">\n      <tr><td>Country</td><td>SOUTH AFRICA</td></tr>\n      <tr><td>KSA_Number</td><td>KSA1067</td></tr>\n      <tr><td>Unit_Name</td><td>TABLEVIEW - KSA1067</td></tr>\n      <tr><td>Company</td><td>Franchise</td></tr>\n      <tr><td>Franchisee</td><td>Gerhard Jovner</td></tr>\n      <tr><td>Store_Category</td><td>Suburban</td></tr>\n      <tr><td>Facility_Type</td><td>Freestanding DT</td></tr>\n      <tr><td>Trading_Hours</td><td>Normal Hours</td></tr>\n      <tr><td>Latitude</td><td>-33.8302</td></tr>\n      <tr><td>Longitude</td><td>18.5079</td></tr>"},"label-scale":0,"icon-scale":1.1,"icon-offset":[20,2],"icon-offset-units":["pixels","pixels"],"_name":"TABLEVIEW - KSA1067"}},{"type":"Feature","geometry":{"type":"Point","coordinates":[18.47209998874449,-33.950800008554,0]},"properties":{"name":"MOWBRAY (Rosebank CT) - KSA261","visibility":false,"description":{"@type":"html","value":"<br><br><br>\n    <table border=\"1\" padding=\"0\">\n      <tr><td>Country</td><td>SOUTH AFRICA</td></tr>\n      <tr><td>KSA_Number</td><td>KSA261</td></tr>\n      <tr><td>Unit_Name</td><td>MOWBRAY (Rosebank CT) - KSA261</td></tr>\n      <tr><td>Company</td><td>Franchise</td></tr>\n      <tr><td>Franchisee</td><td>Chris Champion</td></tr>\n      <tr><td>Store_Category</td><td>CBD</td></tr>\n      <tr><td>Facility_Type</td><td>In-Line No DT</td></tr>\n      <tr><td>Trading_Hours</td><td>Normal Hours</td></tr>\n      <tr><td>Latitude</td><td>-33.9508</td></tr>\n      <tr><td>Longitude</td><td>18.4721</td></tr>"},"label-scale":0,"icon-scale":1.1,"icon-offset":[20,2],"icon-offset-units":["pixels","pixels"],"_name":"MOWBRAY (Rosebank CT) - KSA261"}},{"type":"Feature","geometry":{"type":"Point","coordinates":[18.48950000328495,-33.822400003925,0]},"properties":{"name":"BAYSIDE - KSA330","visibility":false,"description":{"@type":"html","value":"<br><br><br>\n    <table border=\"1\" padding=\"0\">\n      <tr><td>Country</td><td>SOUTH AFRICA</td></tr>\n      <tr><td>KSA_Number</td><td>KSA330</td></tr>\n      <tr><td>Unit_Name</td><td>BAYSIDE - KSA330</td></tr>\n      <tr><td>Company</td><td>Franchise</td></tr>\n      <tr><td>Franchisee</td><td>Gerhard Jovner</td></tr>\n      <tr><td>Store_Category</td><td>Suburban</td></tr>\n      <tr><td>Facility_Type</td><td>In-Line No DT</td></tr>\n      <tr><td>Trading_Hours</td><td>Normal Hours</td></tr>\n      <tr><td>Latitude</td><td>-33.8224</td></tr>\n      <tr><td>Longitude</td><td>18.4895</td></tr>"},"label-scale":0,"icon-scale":1.1,"icon-offset":[20,2],"icon-offset-units":["pixels","pixels"],"_name":"BAYSIDE - KSA330"}},{"type":"Feature","geometry":{"type":"Point","coordinates":[18.63479999304362,-33.873200012218,0]},"properties":{"name":"TYGERVALLEY MALL - KSA366","visibility":false,"description":{"@type":"html","value":"<br><br><br>\n    <table border=\"1\" padding=\"0\">\n      <tr><td>Country</td><td>SOUTH AFRICA</td></tr>\n      <tr><td>KSA_Number</td><td>KSA366</td></tr>\n      <tr><td>Unit_Name</td><td>TYGERVALLEY MALL - KSA366</td></tr>\n      <tr><td>Company</td><td>Franchise</td></tr>\n      <tr><td>Franchisee</td><td>Burt Gunning</td></tr>\n      <tr><td>Store_Category</td><td>Mall</td></tr>\n      <tr><td>Facility_Type</td><td>In-Line No DT</td></tr>\n      <tr><td>Trading_Hours</td><td>Normal Hours</td></tr>\n      <tr><td>Latitude</td><td>-33.8732</td></tr>\n      <tr><td>Longitude</td><td>18.6348</td></tr>"},"label-scale":0,"icon-scale":1.1,"icon-offset":[20,2],"icon-offset-units":["pixels","pixels"],"_name":"TYGERVALLEY MALL - KSA366"}},{"type":"Feature","geometry":{"type":"Point","coordinates":[18.39489998527518,-33.910100001376,0]},"properties":{"name":"SEA POINT - KSA257","visibility":false,"description":{"@type":"html","value":"<br><br><br>\n    <table border=\"1\" padding=\"0\">\n      <tr><td>Country</td><td>SOUTH AFRICA</td></tr>\n      <tr><td>KSA_Number</td><td>KSA257</td></tr>\n      <tr><td>Unit_Name</td><td>SEA POINT - KSA257</td></tr>\n      <tr><td>Company</td><td>Franchise</td></tr>\n      <tr><td>Franchisee</td><td>Gerhard Jovner</td></tr>\n      <tr><td>Store_Category</td><td>CBD</td></tr>\n      <tr><td>Facility_Type</td><td>In-Line No DT</td></tr>\n      <tr><td>Trading_Hours</td><td>Normal Hours</td></tr>\n      <tr><td>Latitude</td><td>-33.9101</td></tr>\n      <tr><td>Longitude</td><td>18.3949</td></tr>"},"label-scale":0,"icon-scale":1.1,"icon-offset":[20,2],"icon-offset-units":["pixels","pixels"],"_name":"SEA POINT - KSA257"}},{"type":"Feature","geometry":{"type":"Point","coordinates":[18.45350001389693,-33.930799991681,0]},"properties":{"name":"WOODSTOCK - KSA304","visibility":false,"description":{"@type":"html","value":"<br><br><br>\n    <table border=\"1\" padding=\"0\">\n      <tr><td>Country</td><td>SOUTH AFRICA</td></tr>\n      <tr><td>KSA_Number</td><td>KSA304</td></tr>\n      <tr><td>Unit_Name</td><td>WOODSTOCK - KSA304</td></tr>\n      <tr><td>Company</td><td>Franchise</td></tr>\n      <tr><td>Franchisee</td><td>Chris Champion</td></tr>\n      <tr><td>Store_Category</td><td>CBD</td></tr>\n      <tr><td>Facility_Type</td><td>In-Line No DT</td></tr>\n      <tr><td>Trading_Hours</td><td>Normal Hours</td></tr>\n      <tr><td>Latitude</td><td>-33.9308</td></tr>\n      <tr><td>Longitude</td><td>18.4535</td></tr>"},"label-scale":0,"icon-scale":1.1,"icon-offset":[20,2],"icon-offset-units":["pixels","pixels"],"_name":"WOODSTOCK - KSA304"}},{"type":"Feature","geometry":{"type":"Point","coordinates":[18.62189998585442,-34.048099994352,0]},"properties":{"name":"MITCHELLS PLAIN TOWN CENTRE - KSA277","visibility":false,"description":{"@type":"html","value":"<br><br><br>\n    <table border=\"1\" padding=\"0\">\n      <tr><td>Country</td><td>SOUTH AFRICA</td></tr>\n      <tr><td>KSA_Number</td><td>KSA277</td></tr>\n      <tr><td>Unit_Name</td><td>MITCHELLS PLAIN TOWN CENTRE - KSA277</td></tr>\n      <tr><td>Company</td><td>Franchise</td></tr>\n      <tr><td>Franchisee</td><td>Gerhard Jovner</td></tr>\n      <tr><td>Store_Category</td><td>Hybrid</td></tr>\n      <tr><td>Facility_Type</td><td>In-Line No DT</td></tr>\n      <tr><td>Trading_Hours</td><td>Normal Hours</td></tr>\n      <tr><td>Latitude</td><td>-34.0481</td></tr>\n      <tr><td>Longitude</td><td>18.6219</td></tr>"},"label-scale":0,"icon-scale":1.1,"icon-offset":[20,2],"icon-offset-units":["pixels","pixels"],"_name":"MITCHELLS PLAIN TOWN CENTRE - KSA277"}},{"type":"Feature","geometry":{"type":"Point","coordinates":[18.60190001103387,-34.052600010493,0]},"properties":{"name":"MITCHELLS PLAIN WESTRIDGE - KSA280","visibility":false,"description":{"@type":"html","value":"<br><br><br>\n    <table border=\"1\" padding=\"0\">\n      <tr><td>Country</td><td>SOUTH AFRICA</td></tr>\n      <tr><td>KSA_Number</td><td>KSA280</td></tr>\n      <tr><td>Unit_Name</td><td>MITCHELLS PLAIN WESTRIDGE - KSA280</td></tr>\n      <tr><td>Company</td><td>Franchise</td></tr>\n      <tr><td>Franchisee</td><td>Gerhard Jovner</td></tr>\n      <tr><td>Store_Category</td><td>Suburban</td></tr>\n      <tr><td>Facility_Type</td><td>Freestanding No DT</td></tr>\n      <tr><td>Trading_Hours</td><td>Normal Hours</td></tr>\n      <tr><td>Latitude</td><td>-34.0526</td></tr>\n      <tr><td>Longitude</td><td>18.6019</td></tr>"},"label-scale":0,"icon-scale":1.1,"icon-offset":[20,2],"icon-offset-units":["pixels","pixels"],"_name":"MITCHELLS PLAIN WESTRIDGE - KSA280"}},{"type":"Feature","geometry":{"type":"Point","coordinates":[18.35059999852665,-34.041900003935,0]},"properties":{"name":"HOUT BAY - KSA349","visibility":false,"description":{"@type":"html","value":"<br><br><br>\n    <table border=\"1\" padding=\"0\">\n      <tr><td>Country</td><td>SOUTH AFRICA</td></tr>\n      <tr><td>KSA_Number</td><td>KSA349</td></tr>\n      <tr><td>Unit_Name</td><td>HOUT BAY - KSA349</td></tr>\n      <tr><td>Company</td><td>Franchise</td></tr>\n      <tr><td>Franchisee</td><td>Burt Gunning</td></tr>\n      <tr><td>Store_Category</td><td>Suburban</td></tr>\n      <tr><td>Facility_Type</td><td>Freestanding DT</td></tr>\n      <tr><td>Trading_Hours</td><td>Normal Hours</td></tr>\n      <tr><td>Latitude</td><td>-34.0419</td></tr>\n      <tr><td>Longitude</td><td>18.3506</td></tr>"},"label-scale":0,"icon-scale":1.1,"icon-offset":[20,2],"icon-offset-units":["pixels","pixels"],"_name":"HOUT BAY - KSA349"}},{"type":"Feature","geometry":{"type":"Point","coordinates":[18.46949999375337,-34.004400009332,0]},"properties":{"name":"MAYNARD MALL - KSA357","visibility":false,"description":{"@type":"html","value":"<br><br><br>\n    <table border=\"1\" padding=\"0\">\n      <tr><td>Country</td><td>SOUTH AFRICA</td></tr>\n      <tr><td>KSA_Number</td><td>KSA357</td></tr>\n      <tr><td>Unit_Name</td><td>MAYNARD MALL - KSA357</td></tr>\n      <tr><td>Company</td><td>Franchise</td></tr>\n      <tr><td>Franchisee</td><td>Gerhard Jovner</td></tr>\n      <tr><td>Store_Category</td><td>Mall</td></tr>\n      <tr><td>Facility_Type</td><td>In-Line No DT</td></tr>\n      <tr><td>Trading_Hours</td><td>Normal Hours</td></tr>\n      <tr><td>Latitude</td><td>-34.0044</td></tr>\n      <tr><td>Longitude</td><td>18.4695</td></tr>"},"label-scale":0,"icon-scale":1.1,"icon-offset":[20,2],"icon-offset-units":["pixels","pixels"],"_name":"MAYNARD MALL - KSA357"}},{"type":"Feature","geometry":{"type":"Point","coordinates":[18.5848000039257,-33.949299994944,0]},"properties":{"name":"BISHOP LAVIS - KSA921","visibility":false,"description":{"@type":"html","value":"<br><br><br>\n    <table border=\"1\" padding=\"0\">\n      <tr><td>Country</td><td>SOUTH AFRICA</td></tr>\n      <tr><td>KSA_Number</td><td>KSA921</td></tr>\n      <tr><td>Unit_Name</td><td>BISHOP LAVIS - KSA921</td></tr>\n      <tr><td>Company</td><td>Franchise</td></tr>\n      <tr><td>Franchisee</td><td>Rashied Parker</td></tr>\n      <tr><td>Store_Category</td><td>Suburban</td></tr>\n      <tr><td>Facility_Type</td><td>Freestanding DT</td></tr>\n      <tr><td>Trading_Hours</td><td>Normal Hours</td></tr>\n      <tr><td>Latitude</td><td>-33.9493</td></tr>\n      <tr><td>Longitude</td><td>18.5848</td></tr>"},"label-scale":0,"icon-scale":1.1,"icon-offset":[20,2],"icon-offset-units":["pixels","pixels"],"_name":"BISHOP LAVIS - KSA921"}},{"type":"Feature","geometry":{"type":"Point","coordinates":[18.85069999631637,-34.082899989146,0]},"properties":{"name":"SOMERSET WEST - KSA251","visibility":false,"description":{"@type":"html","value":"<br><br><br>\n    <table border=\"1\" padding=\"0\">\n      <tr><td>Country</td><td>SOUTH AFRICA</td></tr>\n      <tr><td>KSA_Number</td><td>KSA251</td></tr>\n      <tr><td>Unit_Name</td><td>SOMERSET WEST - KSA251</td></tr>\n      <tr><td>Company</td><td>Franchise</td></tr>\n      <tr><td>Franchisee</td><td>Gerhard Jovner</td></tr>\n      <tr><td>Store_Category</td><td>CBD</td></tr>\n      <tr><td>Facility_Type</td><td>In-Line No DT</td></tr>\n      <tr><td>Trading_Hours</td><td>Normal Hours</td></tr>\n      <tr><td>Latitude</td><td>-34.0829</td></tr>\n      <tr><td>Longitude</td><td>18.8507</td></tr>"},"label-scale":0,"icon-scale":1.1,"icon-offset":[20,2],"icon-offset-units":["pixels","pixels"],"_name":"SOMERSET WEST - KSA251"}},{"type":"Feature","geometry":{"type":"Point","coordinates":[18.68450000944028,-33.833399988516,0]},"properties":{"name":"PINEHURST SHOPPING CENTRE - KSA1065","visibility":false,"description":{"@type":"html","value":"<br><br><br>\n    <table border=\"1\" padding=\"0\">\n      <tr><td>Country</td><td>SOUTH AFRICA</td></tr>\n      <tr><td>KSA_Number</td><td>KSA1065</td></tr>\n      <tr><td>Unit_Name</td><td>PINEHURST SHOPPING CENTRE - KSA1065</td></tr>\n      <tr><td>Company</td><td>Franchise</td></tr>\n      <tr><td>Franchisee</td><td>Morne Roets</td></tr>\n      <tr><td>Store_Category</td><td>Suburban</td></tr>\n      <tr><td>Facility_Type</td><td>Freestanding DT</td></tr>\n      <tr><td>Trading_Hours</td><td>Normal Hours</td></tr>\n      <tr><td>Latitude</td><td>-33.8334</td></tr>\n      <tr><td>Longitude</td><td>18.6845</td></tr>"},"label-scale":0,"icon-scale":1.1,"icon-offset":[20,2],"icon-offset-units":["pixels","pixels"],"_name":"PINEHURST SHOPPING CENTRE - KSA1065"}},{"type":"Feature","geometry":{"type":"Point","coordinates":[18.41739998732045,-33.914000012073,0]},"properties":{"name":"GREENPOINT - KSA571","visibility":false,"description":{"@type":"html","value":"<br><br><br>\n    <table border=\"1\" padding=\"0\">\n      <tr><td>Country</td><td>SOUTH AFRICA</td></tr>\n      <tr><td>KSA_Number</td><td>KSA571</td></tr>\n      <tr><td>Unit_Name</td><td>GREENPOINT - KSA571</td></tr>\n      <tr><td>Company</td><td>Franchise</td></tr>\n      <tr><td>Franchisee</td><td>Gerhard Jovner</td></tr>\n      <tr><td>Store_Category</td><td>Hybrid</td></tr>\n      <tr><td>Facility_Type</td><td>In-Line No DT</td></tr>\n      <tr><td>Trading_Hours</td><td>24 Hours</td></tr>\n      <tr><td>Latitude</td><td>-33.914</td></tr>\n      <tr><td>Longitude</td><td>18.4174</td></tr>"},"label-scale":0,"icon-scale":1.1,"icon-offset":[20,2],"icon-offset-units":["pixels","pixels"],"_name":"GREENPOINT - KSA571"}},{"type":"Feature","geometry":{"type":"Point","coordinates":[18.45519998659118,-34.064599995927,0]},"properties":{"name":"BLUE ROUTE MALL - KSA534","visibility":false,"description":{"@type":"html","value":"<br><br><br>\n    <table border=\"1\" padding=\"0\">\n      <tr><td>Country</td><td>SOUTH AFRICA</td></tr>\n      <tr><td>KSA_Number</td><td>KSA534</td></tr>\n      <tr><td>Unit_Name</td><td>BLUE ROUTE MALL - KSA534</td></tr>\n      <tr><td>Company</td><td>Franchise</td></tr>\n      <tr><td>Franchisee</td><td>Gerhard Jovner</td></tr>\n      <tr><td>Store_Category</td><td>Mall</td></tr>\n      <tr><td>Facility_Type</td><td>In-Line No DT</td></tr>\n      <tr><td>Trading_Hours</td><td>Normal Hours</td></tr>\n      <tr><td>Latitude</td><td>-34.0646</td></tr>\n      <tr><td>Longitude</td><td>18.4552</td></tr>"},"label-scale":0,"icon-scale":1.1,"icon-offset":[20,2],"icon-offset-units":["pixels","pixels"],"_name":"BLUE ROUTE MALL - KSA534"}},{"type":"Feature","geometry":{"type":"Point","coordinates":[18.53040000993395,-33.967799998207,0]},"properties":{"name":"RYLANDS - KSA260","visibility":false,"description":{"@type":"html","value":"<br><br><br>\n    <table border=\"1\" padding=\"0\">\n      <tr><td>Country</td><td>SOUTH AFRICA</td></tr>\n      <tr><td>KSA_Number</td><td>KSA260</td></tr>\n      <tr><td>Unit_Name</td><td>RYLANDS - KSA260</td></tr>\n      <tr><td>Company</td><td>Franchise</td></tr>\n      <tr><td>Franchisee</td><td>Gerhard Jovner</td></tr>\n      <tr><td>Store_Category</td><td>CBD</td></tr>\n      <tr><td>Facility_Type</td><td>In-Line No DT</td></tr>\n      <tr><td>Trading_Hours</td><td>Normal Hours</td></tr>\n      <tr><td>Latitude</td><td>-33.9678</td></tr>\n      <tr><td>Longitude</td><td>18.5304</td></tr>"},"label-scale":0,"icon-scale":1.1,"icon-offset":[20,2],"icon-offset-units":["pixels","pixels"],"_name":"RYLANDS - KSA260"}},{"type":"Feature","geometry":{"type":"Point","coordinates":[18.54809999719567,-33.917599995359,0]},"properties":{"name":"GRANDWEST CASINO - KSA363","visibility":false,"description":{"@type":"html","value":"<br><br><br>\n    <table border=\"1\" padding=\"0\">\n      <tr><td>Country</td><td>SOUTH AFRICA</td></tr>\n      <tr><td>KSA_Number</td><td>KSA363</td></tr>\n      <tr><td>Unit_Name</td><td>GRANDWEST CASINO - KSA363</td></tr>\n      <tr><td>Company</td><td>Franchise</td></tr>\n      <tr><td>Franchisee</td><td>Gerhard Jovner</td></tr>\n      <tr><td>Store_Category</td><td>Casino</td></tr>\n      <tr><td>Facility_Type</td><td>In-Line No DT</td></tr>\n      <tr><td>Trading_Hours</td><td>Normal Hours</td></tr>\n      <tr><td>Latitude</td><td>-33.9176</td></tr>\n      <tr><td>Longitude</td><td>18.5481</td></tr>"},"label-scale":0,"icon-scale":1.1,"icon-offset":[20,2],"icon-offset-units":["pixels","pixels"],"_name":"GRANDWEST CASINO - KSA363"}},{"type":"Feature","geometry":{"type":"Point","coordinates":[18.82249999190171,-34.082099998347,0]},"properties":{"name":"SOMERSET MALL - KSA370","visibility":false,"description":{"@type":"html","value":"<br><br><br>\n    <table border=\"1\" padding=\"0\">\n      <tr><td>Country</td><td>SOUTH AFRICA</td></tr>\n      <tr><td>KSA_Number</td><td>KSA370</td></tr>\n      <tr><td>Unit_Name</td><td>SOMERSET MALL - KSA370</td></tr>\n      <tr><td>Company</td><td>Franchise</td></tr>\n      <tr><td>Franchisee</td><td>Gerhard Jovner</td></tr>\n      <tr><td>Store_Category</td><td>Mall</td></tr>\n      <tr><td>Facility_Type</td><td>In-Line No DT</td></tr>\n      <tr><td>Trading_Hours</td><td>Normal Hours</td></tr>\n      <tr><td>Latitude</td><td>-34.0821</td></tr>\n      <tr><td>Longitude</td><td>18.8225</td></tr>"},"label-scale":0,"icon-scale":1.1,"icon-offset":[20,2],"icon-offset-units":["pixels","pixels"],"_name":"SOMERSET MALL - KSA370"}},{"type":"Feature","geometry":{"type":"Point","coordinates":[18.58689998652967,-34.041299998491,0]},"properties":{"name":"MITCHELLS PLAIN WESTGATE - KSA265","visibility":false,"description":{"@type":"html","value":"<br><br><br>\n    <table border=\"1\" padding=\"0\">\n      <tr><td>Country</td><td>SOUTH AFRICA</td></tr>\n      <tr><td>KSA_Number</td><td>KSA265</td></tr>\n      <tr><td>Unit_Name</td><td>MITCHELLS PLAIN WESTGATE - KSA265</td></tr>\n      <tr><td>Company</td><td>Franchise</td></tr>\n      <tr><td>Franchisee</td><td>Gerhard Jovner</td></tr>\n      <tr><td>Store_Category</td><td>Suburban</td></tr>\n      <tr><td>Facility_Type</td><td>In-Line No DT</td></tr>\n      <tr><td>Trading_Hours</td><td>Normal Hours</td></tr>\n      <tr><td>Latitude</td><td>-34.0413</td></tr>\n      <tr><td>Longitude</td><td>18.5869</td></tr>"},"label-scale":0,"icon-scale":1.1,"icon-offset":[20,2],"icon-offset-units":["pixels","pixels"],"_name":"MITCHELLS PLAIN WESTGATE - KSA265"}},{"type":"Feature","geometry":{"type":"Point","coordinates":[18.85909999615431,-33.935300007822,0]},"properties":{"name":"STELLENBOSCH - KSA259","visibility":false,"description":{"@type":"html","value":"<br><br><br>\n    <table border=\"1\" padding=\"0\">\n      <tr><td>Country</td><td>SOUTH AFRICA</td></tr>\n      <tr><td>KSA_Number</td><td>KSA259</td></tr>\n      <tr><td>Unit_Name</td><td>STELLENBOSCH - KSA259</td></tr>\n      <tr><td>Company</td><td>Franchise</td></tr>\n      <tr><td>Franchisee</td><td>Gerhard Jovner</td></tr>\n      <tr><td>Store_Category</td><td>CBD</td></tr>\n      <tr><td>Facility_Type</td><td>In-Line No DT</td></tr>\n      <tr><td>Trading_Hours</td><td>Normal Hours</td></tr>\n      <tr><td>Latitude</td><td>-33.9353</td></tr>\n      <tr><td>Longitude</td><td>18.8591</td></tr>"},"label-scale":0,"icon-scale":1.1,"icon-offset":[20,2],"icon-offset-units":["pixels","pixels"],"_name":"STELLENBOSCH - KSA259"}},{"type":"Feature","geometry":{"type":"Point","coordinates":[18.62850001052068,-33.906300008046,0]},"properties":{"name":"BELLSTAR - KSA371","visibility":false,"description":{"@type":"html","value":"<br><br><br>\n    <table border=\"1\" padding=\"0\">\n      <tr><td>Country</td><td>SOUTH AFRICA</td></tr>\n      <tr><td>KSA_Number</td><td>KSA371</td></tr>\n      <tr><td>Unit_Name</td><td>BELLSTAR - KSA371</td></tr>\n      <tr><td>Company</td><td>Franchise</td></tr>\n      <tr><td>Franchisee</td><td>Morne Roets</td></tr>\n      <tr><td>Store_Category</td><td>CBD</td></tr>\n      <tr><td>Facility_Type</td><td>In-Line No DT</td></tr>\n      <tr><td>Trading_Hours</td><td>Normal Hours</td></tr>\n      <tr><td>Latitude</td><td>-33.9063</td></tr>\n      <tr><td>Longitude</td><td>18.6285</td></tr>"},"label-scale":0,"icon-scale":1.1,"icon-offset":[20,2],"icon-offset-units":["pixels","pixels"],"_name":"BELLSTAR - KSA371"}},{"type":"Feature","geometry":{"type":"Point","coordinates":[18.59699999377289,-33.968700006373,0]},"properties":{"name":"CAPE TOWN INTERNATIONAL AIRPORT 1 - KSA729","visibility":false,"description":{"@type":"html","value":"<br><br><br>\n    <table border=\"1\" padding=\"0\">\n      <tr><td>Country</td><td>SOUTH AFRICA</td></tr>\n      <tr><td>KSA_Number</td><td>KSA729</td></tr>\n      <tr><td>Unit_Name</td><td>CAPE TOWN INTERNATIONAL AIRPORT 1 - KSA729</td></tr>\n      <tr><td>Company</td><td>Franchise</td></tr>\n      <tr><td>Franchisee</td><td>Mohammed Mayat</td></tr>\n      <tr><td>Store_Category</td><td>Mall</td></tr>\n      <tr><td>Facility_Type</td><td>In-Line No DT</td></tr>\n      <tr><td>Trading_Hours</td><td>Normal Hours</td></tr>\n      <tr><td>Latitude</td><td>-33.9687</td></tr>\n      <tr><td>Longitude</td><td>18.597</td></tr>"},"label-scale":0,"icon-scale":1.1,"icon-offset":[20,2],"icon-offset-units":["pixels","pixels"],"_name":"CAPE TOWN INTERNATIONAL AIRPORT 1 - KSA729"}},{"type":"Feature","geometry":{"type":"Point","coordinates":[18.5895450017267,-33.977893012178,0]},"properties":{"name":"CALTEX AIRPORT CITY - KSA1192","visibility":false,"description":{"@type":"html","value":"<br><br><br>\n    <table border=\"1\" padding=\"0\">\n      <tr><td>Country</td><td>SOUTH AFRICA</td></tr>\n      <tr><td>KSA_Number</td><td>KSA1192</td></tr>\n      <tr><td>Unit_Name</td><td>CALTEX AIRPORT CITY - KSA1192</td></tr>\n      <tr><td>Company</td><td>Franchise</td></tr>\n      <tr><td>Franchisee</td><td>Gerhard Jovner</td></tr>\n      <tr><td>Store_Category</td><td>Mall</td></tr>\n      <tr><td>Facility_Type</td><td>In-Line No DT</td></tr>\n      <tr><td>Trading_Hours</td><td>Normal Hours</td></tr>\n      <tr><td>Latitude</td><td>-33.9778931595439</td></tr>\n      <tr><td>Longitude</td><td>18.5895452150147</td></tr>"},"label-scale":0,"icon-scale":1.1,"icon-offset":[20,2],"icon-offset-units":["pixels","pixels"],"_name":"CALTEX AIRPORT CITY - KSA1192"}},{"type":"Feature","geometry":{"type":"Point","coordinates":[18.43159999200521,-34.137499990768,0]},"properties":{"name":"FISH HOEK - KSA286","visibility":false,"description":{"@type":"html","value":"<br><br><br>\n    <table border=\"1\" padding=\"0\">\n      <tr><td>Country</td><td>SOUTH AFRICA</td></tr>\n      <tr><td>KSA_Number</td><td>KSA286</td></tr>\n      <tr><td>Unit_Name</td><td>FISH HOEK - KSA286</td></tr>\n      <tr><td>Company</td><td>Franchise</td></tr>\n      <tr><td>Franchisee</td><td>Javed Koor</td></tr>\n      <tr><td>Store_Category</td><td>Suburban</td></tr>\n      <tr><td>Facility_Type</td><td>Freestanding No DT</td></tr>\n      <tr><td>Trading_Hours</td><td>Normal Hours</td></tr>\n      <tr><td>Latitude</td><td>-34.1375</td></tr>\n      <tr><td>Longitude</td><td>18.4316</td></tr>"},"label-scale":0,"icon-scale":1.1,"icon-offset":[20,2],"icon-offset-units":["pixels","pixels"],"_name":"FISH HOEK - KSA286"}},{"type":"Feature","geometry":{"type":"Point","coordinates":[18.69649999433261,-33.948800006867,0]},"properties":{"name":"ZEVENWACHT MALL - KSA545","visibility":false,"description":{"@type":"html","value":"<br><br><br>\n    <table border=\"1\" padding=\"0\">\n      <tr><td>Country</td><td>SOUTH AFRICA</td></tr>\n      <tr><td>KSA_Number</td><td>KSA545</td></tr>\n      <tr><td>Unit_Name</td><td>ZEVENWACHT MALL - KSA545</td></tr>\n      <tr><td>Company</td><td>Franchise</td></tr>\n      <tr><td>Franchisee</td><td>Morne Roets</td></tr>\n      <tr><td>Store_Category</td><td>Mall</td></tr>\n      <tr><td>Facility_Type</td><td>In-Line No DT</td></tr>\n      <tr><td>Trading_Hours</td><td>Normal Hours</td></tr>\n      <tr><td>Latitude</td><td>-33.9488</td></tr>\n      <tr><td>Longitude</td><td>18.6965</td></tr>"},"label-scale":0,"icon-scale":1.1,"icon-offset":[20,2],"icon-offset-units":["pixels","pixels"],"_name":"ZEVENWACHT MALL - KSA545"}},{"type":"Feature","geometry":{"type":"Point","coordinates":[18.58380001386243,-33.927699996473,0]},"properties":{"name":"ELSIES RIVER 2 (Eureka) - KSA336","visibility":false,"description":{"@type":"html","value":"<br><br><br>\n    <table border=\"1\" padding=\"0\">\n      <tr><td>Country</td><td>SOUTH AFRICA</td></tr>\n      <tr><td>KSA_Number</td><td>KSA336</td></tr>\n      <tr><td>Unit_Name</td><td>ELSIES RIVER 2 (Eureka) - KSA336</td></tr>\n      <tr><td>Company</td><td>Franchise</td></tr>\n      <tr><td>Franchisee</td><td>Gerhard Jovner</td></tr>\n      <tr><td>Store_Category</td><td>Hybrid</td></tr>\n      <tr><td>Facility_Type</td><td>Freestanding DT</td></tr>\n      <tr><td>Trading_Hours</td><td>Normal Hours</td></tr>\n      <tr><td>Latitude</td><td>-33.9277</td></tr>\n      <tr><td>Longitude</td><td>18.5838</td></tr>"},"label-scale":0,"icon-scale":1.1,"icon-offset":[20,2],"icon-offset-units":["pixels","pixels"],"_name":"ELSIES RIVER 2 (Eureka) - KSA336"}},{"type":"Feature","geometry":{"type":"Point","coordinates":[18.42250000953629,-33.922599999577,0]},"properties":{"name":"ADDERLEY STREET - KSA264","visibility":false,"description":{"@type":"html","value":"<br><br><br>\n    <table border=\"1\" padding=\"0\">\n      <tr><td>Country</td><td>SOUTH AFRICA</td></tr>\n      <tr><td>KSA_Number</td><td>KSA264</td></tr>\n      <tr><td>Unit_Name</td><td>ADDERLEY STREET - KSA264</td></tr>\n      <tr><td>Company</td><td>Franchise</td></tr>\n      <tr><td>Franchisee</td><td>Chris Champion</td></tr>\n      <tr><td>Store_Category</td><td>CBD</td></tr>\n      <tr><td>Facility_Type</td><td>In-Line No DT</td></tr>\n      <tr><td>Trading_Hours</td><td>Normal Hours</td></tr>\n      <tr><td>Latitude</td><td>-33.9226</td></tr>\n      <tr><td>Longitude</td><td>18.4225</td></tr>"},"label-scale":0,"icon-scale":1.1,"icon-offset":[20,2],"icon-offset-units":["pixels","pixels"],"_name":"ADDERLEY STREET - KSA264"}},{"type":"Feature","geometry":{"type":"Point","coordinates":[18.52900000996096,-34.053600011337,0]},"properties":{"name":"PELICAN PARK - KSA1113","visibility":false,"description":{"@type":"html","value":"<br><br><br>\n    <table border=\"1\" padding=\"0\">\n      <tr><td>Country</td><td>SOUTH AFRICA</td></tr>\n      <tr><td>KSA_Number</td><td>KSA1113</td></tr>\n      <tr><td>Unit_Name</td><td>PELICAN PARK - KSA1113</td></tr>\n      <tr><td>Company</td><td>Franchise</td></tr>\n      <tr><td>Franchisee</td><td>Gerhard Jovner</td></tr>\n      <tr><td>Store_Category</td><td>Suburban</td></tr>\n      <tr><td>Facility_Type</td><td>Freestanding DT</td></tr>\n      <tr><td>Trading_Hours</td><td>Normal Hours</td></tr>\n      <tr><td>Latitude</td><td>-34.0536</td></tr>\n      <tr><td>Longitude</td><td>18.529</td></tr>"},"label-scale":0,"icon-scale":1.1,"icon-offset":[20,2],"icon-offset-units":["pixels","pixels"],"_name":"PELICAN PARK - KSA1113"}},{"type":"Feature","geometry":{"type":"Point","coordinates":[18.63570001534049,-33.882899993242,0]},"properties":{"name":"OAKDALE - KSA275","visibility":false,"description":{"@type":"html","value":"<br><br><br>\n    <table border=\"1\" padding=\"0\">\n      <tr><td>Country</td><td>SOUTH AFRICA</td></tr>\n      <tr><td>KSA_Number</td><td>KSA275</td></tr>\n      <tr><td>Unit_Name</td><td>OAKDALE - KSA275</td></tr>\n      <tr><td>Company</td><td>Franchise</td></tr>\n      <tr><td>Franchisee</td><td>Burt Gunning</td></tr>\n      <tr><td>Store_Category</td><td>Hybrid</td></tr>\n      <tr><td>Facility_Type</td><td>Freestanding DT</td></tr>\n      <tr><td>Trading_Hours</td><td>Normal Hours</td></tr>\n      <tr><td>Latitude</td><td>-33.8829</td></tr>\n      <tr><td>Longitude</td><td>18.6357</td></tr>"},"label-scale":0,"icon-scale":1.1,"icon-offset":[20,2],"icon-offset-units":["pixels","pixels"],"_name":"OAKDALE - KSA275"}},{"type":"Feature","geometry":{"type":"Point","coordinates":[18.63185399850546,-34.011144996876,0]},"properties":{"name":"MANDALAY - KSA1168","visibility":false,"description":{"@type":"html","value":"<br><br><br>\n    <table border=\"1\" padding=\"0\">\n      <tr><td>Country</td><td>SOUTH AFRICA</td></tr>\n      <tr><td>KSA_Number</td><td>KSA1168</td></tr>\n      <tr><td>Unit_Name</td><td>MANDALAY - KSA1168</td></tr>\n      <tr><td>Company</td><td>Franchise</td></tr>\n      <tr><td>Franchisee</td><td>Rashied Parker</td></tr>\n      <tr><td>Store_Category</td><td>Suburban</td></tr>\n      <tr><td>Facility_Type</td><td>Freestanding DT</td></tr>\n      <tr><td>Trading_Hours</td><td>Normal Hours</td></tr>\n      <tr><td>Latitude</td><td>-34.0111452664768</td></tr>\n      <tr><td>Longitude</td><td>18.6318538125573</td></tr>"},"label-scale":0,"icon-scale":1.1,"icon-offset":[20,2],"icon-offset-units":["pixels","pixels"],"_name":"MANDALAY - KSA1168"}},{"type":"Feature","geometry":{"type":"Point","coordinates":[18.51640001020405,-33.854299988866,0]},"properties":{"name":"KILLARNEY SHELL - KSA1064","visibility":false,"description":{"@type":"html","value":"<br><br><br>\n    <table border=\"1\" padding=\"0\">\n      <tr><td>Country</td><td>SOUTH AFRICA</td></tr>\n      <tr><td>KSA_Number</td><td>KSA1064</td></tr>\n      <tr><td>Unit_Name</td><td>KILLARNEY SHELL - KSA1064</td></tr>\n      <tr><td>Company</td><td>Franchise</td></tr>\n      <tr><td>Franchisee</td><td>Javed Koor</td></tr>\n      <tr><td>Store_Category</td><td>Hybrid</td></tr>\n      <tr><td>Facility_Type</td><td>Freestanding DT</td></tr>\n      <tr><td>Trading_Hours</td><td>Normal Hours</td></tr>\n      <tr><td>Latitude</td><td>-33.8543</td></tr>\n      <tr><td>Longitude</td><td>18.5164</td></tr>"},"label-scale":0,"icon-scale":1.1,"icon-offset":[20,2],"icon-offset-units":["pixels","pixels"],"_name":"KILLARNEY SHELL - KSA1064"}},{"type":"Feature","geometry":{"type":"Point","coordinates":[18.59939998380915,-33.905899987957,0]},"properties":{"name":"PAROW MALL - KSA562","visibility":false,"description":{"@type":"html","value":"<br><br><br>\n    <table border=\"1\" padding=\"0\">\n      <tr><td>Country</td><td>SOUTH AFRICA</td></tr>\n      <tr><td>KSA_Number</td><td>KSA562</td></tr>\n      <tr><td>Unit_Name</td><td>PAROW MALL - KSA562</td></tr>\n      <tr><td>Company</td><td>Franchise</td></tr>\n      <tr><td>Franchisee</td><td>Chris Champion</td></tr>\n      <tr><td>Store_Category</td><td>Mall</td></tr>\n      <tr><td>Facility_Type</td><td>In-Line No DT</td></tr>\n      <tr><td>Trading_Hours</td><td>Normal Hours</td></tr>\n      <tr><td>Latitude</td><td>-33.9059</td></tr>\n      <tr><td>Longitude</td><td>18.5994</td></tr>"},"label-scale":0,"icon-scale":1.1,"icon-offset":[20,2],"icon-offset-units":["pixels","pixels"],"_name":"PAROW MALL - KSA562"}},{"type":"Feature","geometry":{"type":"Point","coordinates":[18.53330001235736,-33.869900006965,0]},"properties":{"name":"BOTHASIG - KSA274","visibility":false,"description":{"@type":"html","value":"<br><br><br>\n    <table border=\"1\" padding=\"0\">\n      <tr><td>Country</td><td>SOUTH AFRICA</td></tr>\n      <tr><td>KSA_Number</td><td>KSA274</td></tr>\n      <tr><td>Unit_Name</td><td>BOTHASIG - KSA274</td></tr>\n      <tr><td>Company</td><td>Franchise</td></tr>\n      <tr><td>Franchisee</td><td>Mohammed Mayat</td></tr>\n      <tr><td>Store_Category</td><td>Suburban</td></tr>\n      <tr><td>Facility_Type</td><td>Freestanding DT</td></tr>\n      <tr><td>Trading_Hours</td><td>Normal Hours</td></tr>\n      <tr><td>Latitude</td><td>-33.8699</td></tr>\n      <tr><td>Longitude</td><td>18.5333</td></tr>"},"label-scale":0,"icon-scale":1.1,"icon-offset":[20,2],"icon-offset-units":["pixels","pixels"],"_name":"BOTHASIG - KSA274"}},{"type":"Feature","geometry":{"type":"Point","coordinates":[18.70509999912541,-33.880199993434,0]},"properties":{"name":"PROTEA HEIGHTS - KSA973","visibility":false,"description":{"@type":"html","value":"<br><br><br>\n    <table border=\"1\" padding=\"0\">\n      <tr><td>Country</td><td>SOUTH AFRICA</td></tr>\n      <tr><td>KSA_Number</td><td>KSA973</td></tr>\n      <tr><td>Unit_Name</td><td>PROTEA HEIGHTS - KSA973</td></tr>\n      <tr><td>Company</td><td>Franchise</td></tr>\n      <tr><td>Franchisee</td><td>Rashied Parker</td></tr>\n      <tr><td>Store_Category</td><td>Suburban</td></tr>\n      <tr><td>Facility_Type</td><td>Freestanding DT</td></tr>\n      <tr><td>Trading_Hours</td><td>Normal Hours</td></tr>\n      <tr><td>Latitude</td><td>-33.8802</td></tr>\n      <tr><td>Longitude</td><td>18.7051</td></tr>"},"label-scale":0,"icon-scale":1.1,"icon-offset":[20,2],"icon-offset-units":["pixels","pixels"],"_name":"PROTEA HEIGHTS - KSA973"}},{"type":"Feature","geometry":{"type":"Point","coordinates":[18.82035401718299,-34.089772992006,0]},"properties":{"name":"SANCTURAY - KSA1081","visibility":false,"description":{"@type":"html","value":"<br><br><br>\n    <table border=\"1\" padding=\"0\">\n      <tr><td>Country</td><td>SOUTH AFRICA</td></tr>\n      <tr><td>KSA_Number</td><td>KSA1081</td></tr>\n      <tr><td>Unit_Name</td><td>SANCTURAY - KSA1081</td></tr>\n      <tr><td>Company</td><td>Franchise</td></tr>\n      <tr><td>Franchisee</td><td>Gerhard Jovner</td></tr>\n      <tr><td>Store_Category</td><td>Suburban</td></tr>\n      <tr><td>Facility_Type</td><td>Freestanding DT</td></tr>\n      <tr><td>Trading_Hours</td><td>Normal Hours</td></tr>\n      <tr><td>Latitude</td><td>-34.089773</td></tr>\n      <tr><td>Longitude</td><td>18.820354</td></tr>"},"label-scale":0,"icon-scale":1.1,"icon-offset":[20,2],"icon-offset-units":["pixels","pixels"],"_name":"SANCTURAY - KSA1081"}},{"type":"Feature","geometry":{"type":"Point","coordinates":[18.67220001711566,-34.047499988908,0]},"properties":{"name":"KAYALETSHA - KSA472","visibility":false,"description":{"@type":"html","value":"<br><br><br>\n    <table border=\"1\" padding=\"0\">\n      <tr><td>Country</td><td>SOUTH AFRICA</td></tr>\n      <tr><td>KSA_Number</td><td>KSA472</td></tr>\n      <tr><td>Unit_Name</td><td>KAYALETSHA - KSA472</td></tr>\n      <tr><td>Company</td><td>Franchise</td></tr>\n      <tr><td>Franchisee</td><td>Gerhard Jovner</td></tr>\n      <tr><td>Store_Category</td><td>Suburban</td></tr>\n      <tr><td>Facility_Type</td><td>In-Line No DT</td></tr>\n      <tr><td>Trading_Hours</td><td>Normal Hours</td></tr>\n      <tr><td>Latitude</td><td>-34.0475</td></tr>\n      <tr><td>Longitude</td><td>18.6722</td></tr>"},"label-scale":0,"icon-scale":1.1,"icon-offset":[20,2],"icon-offset-units":["pixels","pixels"],"_name":"KAYALETSHA - KSA472"}},{"type":"Feature","geometry":{"type":"Point","coordinates":[18.48010001338374,-34.088100003408,0]},"properties":{"name":"CAPRICORN PARK - KSA722","visibility":false,"description":{"@type":"html","value":"<br><br><br>\n    <table border=\"1\" padding=\"0\">\n      <tr><td>Country</td><td>SOUTH AFRICA</td></tr>\n      <tr><td>KSA_Number</td><td>KSA722</td></tr>\n      <tr><td>Unit_Name</td><td>CAPRICORN PARK - KSA722</td></tr>\n      <tr><td>Company</td><td>Franchise</td></tr>\n      <tr><td>Franchisee</td><td>Gerhard Jovner</td></tr>\n      <tr><td>Store_Category</td><td>Hybrid</td></tr>\n      <tr><td>Facility_Type</td><td>Freestanding DT</td></tr>\n      <tr><td>Trading_Hours</td><td>Normal Hours</td></tr>\n      <tr><td>Latitude</td><td>-34.0881</td></tr>\n      <tr><td>Longitude</td><td>18.4801</td></tr>"},"label-scale":0,"icon-scale":1.1,"icon-offset":[20,2],"icon-offset-units":["pixels","pixels"],"_name":"CAPRICORN PARK - KSA722"}},{"type":"Feature","geometry":{"type":"Point","coordinates":[18.47749998368159,-33.822499996603,0]},"properties":{"name":"BLOUBERGSTRAND - KSA269","visibility":false,"description":{"@type":"html","value":"<br><br><br>\n    <table border=\"1\" padding=\"0\">\n      <tr><td>Country</td><td>SOUTH AFRICA</td></tr>\n      <tr><td>KSA_Number</td><td>KSA269</td></tr>\n      <tr><td>Unit_Name</td><td>BLOUBERGSTRAND - KSA269</td></tr>\n      <tr><td>Company</td><td>Franchise</td></tr>\n      <tr><td>Franchisee</td><td>Gerhard Jovner</td></tr>\n      <tr><td>Store_Category</td><td>Suburban</td></tr>\n      <tr><td>Facility_Type</td><td>Freestanding DT</td></tr>\n      <tr><td>Trading_Hours</td><td>24 Hours</td></tr>\n      <tr><td>Latitude</td><td>-33.8225</td></tr>\n      <tr><td>Longitude</td><td>18.4775</td></tr>"},"label-scale":0,"icon-scale":1.1,"icon-offset":[20,2],"icon-offset-units":["pixels","pixels"],"_name":"BLOUBERGSTRAND - KSA269"}},{"type":"Feature","geometry":{"type":"Point","coordinates":[18.57139998434935,-33.866099988945,0]},"properties":{"name":"PLATTEKLOOF VILLAGE - KSA1022","visibility":false,"description":{"@type":"html","value":"<br><br><br>\n    <table border=\"1\" padding=\"0\">\n      <tr><td>Country</td><td>SOUTH AFRICA</td></tr>\n      <tr><td>KSA_Number</td><td>KSA1022</td></tr>\n      <tr><td>Unit_Name</td><td>PLATTEKLOOF VILLAGE - KSA1022</td></tr>\n      <tr><td>Company</td><td>Franchise</td></tr>\n      <tr><td>Franchisee</td><td>Rashied Parker</td></tr>\n      <tr><td>Store_Category</td><td>Hybrid</td></tr>\n      <tr><td>Facility_Type</td><td>Freestanding DT</td></tr>\n      <tr><td>Trading_Hours</td><td>Normal Hours</td></tr>\n      <tr><td>Latitude</td><td>-33.8661</td></tr>\n      <tr><td>Longitude</td><td>18.5714</td></tr>"},"label-scale":0,"icon-scale":1.1,"icon-offset":[20,2],"icon-offset-units":["pixels","pixels"],"_name":"PLATTEKLOOF VILLAGE - KSA1022"}},{"type":"Feature","geometry":{"type":"Point","coordinates":[18.46539999631183,-33.980999994529,0]},"properties":{"name":"CLAREMONT CBD - KSA267","visibility":false,"description":{"@type":"html","value":"<br><br><br>\n    <table border=\"1\" padding=\"0\">\n      <tr><td>Country</td><td>SOUTH AFRICA</td></tr>\n      <tr><td>KSA_Number</td><td>KSA267</td></tr>\n      <tr><td>Unit_Name</td><td>CLAREMONT CBD - KSA267</td></tr>\n      <tr><td>Company</td><td>Franchise</td></tr>\n      <tr><td>Franchisee</td><td>Chris Champion</td></tr>\n      <tr><td>Store_Category</td><td>CBD</td></tr>\n      <tr><td>Facility_Type</td><td>In-Line No DT</td></tr>\n      <tr><td>Trading_Hours</td><td>Normal Hours</td></tr>\n      <tr><td>Latitude</td><td>-33.981</td></tr>\n      <tr><td>Longitude</td><td>18.4654</td></tr>"},"label-scale":0,"icon-scale":1.1,"icon-offset":[20,2],"icon-offset-units":["pixels","pixels"],"_name":"CLAREMONT CBD - KSA267"}},{"type":"Feature","geometry":{"type":"Point","coordinates":[18.51479601350775,-33.892259999164,0]},"properties":{"name":"SHELL CANAL WALK - KSA1147","visibility":false,"description":{"@type":"html","value":"<br><br><br>\n    <table border=\"1\" padding=\"0\">\n      <tr><td>Country</td><td>SOUTH AFRICA</td></tr>\n      <tr><td>KSA_Number</td><td>KSA1147</td></tr>\n      <tr><td>Unit_Name</td><td>SHELL CANAL WALK - KSA1147</td></tr>\n      <tr><td>Company</td><td>Franchise</td></tr>\n      <tr><td>Franchisee</td><td>Rashied Parker</td></tr>\n      <tr><td>Store_Category</td><td>Suburban</td></tr>\n      <tr><td>Facility_Type</td><td>Freestanding DT</td></tr>\n      <tr><td>Trading_Hours</td><td>24 Hours</td></tr>\n      <tr><td>Latitude</td><td>-33.89226</td></tr>\n      <tr><td>Longitude</td><td>18.514796</td></tr>"},"label-scale":0,"icon-scale":1.1,"icon-offset":[20,2],"icon-offset-units":["pixels","pixels"],"_name":"SHELL CANAL WALK - KSA1147"}},{"type":"Feature","geometry":{"type":"Point","coordinates":[18.42339999712213,-33.924800011309,0]},"properties":{"name":"PARADE (CBD CT) - KSA256","visibility":false,"description":{"@type":"html","value":"<br><br><br>\n    <table border=\"1\" padding=\"0\">\n      <tr><td>Country</td><td>SOUTH AFRICA</td></tr>\n      <tr><td>KSA_Number</td><td>KSA256</td></tr>\n      <tr><td>Unit_Name</td><td>PARADE (CBD CT) - KSA256</td></tr>\n      <tr><td>Company</td><td>Franchise</td></tr>\n      <tr><td>Franchisee</td><td>Chris Champion</td></tr>\n      <tr><td>Store_Category</td><td>CBD</td></tr>\n      <tr><td>Facility_Type</td><td>In-Line No DT</td></tr>\n      <tr><td>Trading_Hours</td><td>Normal Hours</td></tr>\n      <tr><td>Latitude</td><td>-33.9248</td></tr>\n      <tr><td>Longitude</td><td>18.4234</td></tr>"},"label-scale":0,"icon-scale":1.1,"icon-offset":[20,2],"icon-offset-units":["pixels","pixels"],"_name":"PARADE (CBD CT) - KSA256"}},{"type":"Feature","geometry":{"type":"Point","coordinates":[18.38850000027481,-34.12410000909,0]},"properties":{"name":"SUNVALLEY (LONG BEACH) - KSA364","visibility":false,"description":{"@type":"html","value":"<br><br><br>\n    <table border=\"1\" padding=\"0\">\n      <tr><td>Country</td><td>SOUTH AFRICA</td></tr>\n      <tr><td>KSA_Number</td><td>KSA364</td></tr>\n      <tr><td>Unit_Name</td><td>SUNVALLEY (LONG BEACH) - KSA364</td></tr>\n      <tr><td>Company</td><td>Franchise</td></tr>\n      <tr><td>Franchisee</td><td>Burt Gunning</td></tr>\n      <tr><td>Store_Category</td><td>Suburban</td></tr>\n      <tr><td>Facility_Type</td><td>Freestanding DT</td></tr>\n      <tr><td>Trading_Hours</td><td>Normal Hours</td></tr>\n      <tr><td>Latitude</td><td>-34.1241</td></tr>\n      <tr><td>Longitude</td><td>18.3885</td></tr>"},"label-scale":0,"icon-scale":1.1,"icon-offset":[20,2],"icon-offset-units":["pixels","pixels"],"_name":"SUNVALLEY (LONG BEACH) - KSA364"}},{"type":"Feature","geometry":{"type":"Point","coordinates":[18.49790000312289,-33.920900000612,0]},"properties":{"name":"MAITLAND - KSA331","visibility":false,"description":{"@type":"html","value":"<br><br><br>\n    <table border=\"1\" padding=\"0\">\n      <tr><td>Country</td><td>SOUTH AFRICA</td></tr>\n      <tr><td>KSA_Number</td><td>KSA331</td></tr>\n      <tr><td>Unit_Name</td><td>MAITLAND - KSA331</td></tr>\n      <tr><td>Company</td><td>Franchise</td></tr>\n      <tr><td>Franchisee</td><td>Gerhard Jovner</td></tr>\n      <tr><td>Store_Category</td><td>Suburban</td></tr>\n      <tr><td>Facility_Type</td><td>Freestanding DT</td></tr>\n      <tr><td>Trading_Hours</td><td>Normal Hours</td></tr>\n      <tr><td>Latitude</td><td>-33.9209</td></tr>\n      <tr><td>Longitude</td><td>18.4979</td></tr>"},"label-scale":0,"icon-scale":1.1,"icon-offset":[20,2],"icon-offset-units":["pixels","pixels"],"_name":"MAITLAND - KSA331"}},{"type":"Feature","geometry":{"type":"Point","coordinates":[18.82269999685657,-34.068900002024,0]},"properties":{"name":"WATERSTONE VILLAGE - KSA591","visibility":false,"description":{"@type":"html","value":"<br><br><br>\n    <table border=\"1\" padding=\"0\">\n      <tr><td>Country</td><td>SOUTH AFRICA</td></tr>\n      <tr><td>KSA_Number</td><td>KSA591</td></tr>\n      <tr><td>Unit_Name</td><td>WATERSTONE VILLAGE - KSA591</td></tr>\n      <tr><td>Company</td><td>Franchise</td></tr>\n      <tr><td>Franchisee</td><td>Gerhard Jovner</td></tr>\n      <tr><td>Store_Category</td><td>Hybrid</td></tr>\n      <tr><td>Facility_Type</td><td>Freestanding DT</td></tr>\n      <tr><td>Trading_Hours</td><td>Normal Hours</td></tr>\n      <tr><td>Latitude</td><td>-34.0689</td></tr>\n      <tr><td>Longitude</td><td>18.8227</td></tr>"},"label-scale":0,"icon-scale":1.1,"icon-offset":[20,2],"icon-offset-units":["pixels","pixels"],"_name":"WATERSTONE VILLAGE - KSA591"}},{"type":"Feature","geometry":{"type":"Point","coordinates":[18.60780699527515,-34.019867000136,0]},"properties":{"name":"WATERGATE CENTRE - KSA1241","visibility":false,"description":{"@type":"html","value":"<br><br><br>\n    <table border=\"1\" padding=\"0\">\n      <tr><td>Country</td><td>SOUTH AFRICA</td></tr>\n      <tr><td>KSA_Number</td><td>KSA1241</td></tr>\n      <tr><td>Unit_Name</td><td>WATERGATE CENTRE - KSA1241</td></tr>\n      <tr><td>Company</td><td>Franchise</td></tr>\n      <tr><td>Franchisee</td><td>Gerhard Jovner</td></tr>\n      <tr><td>Store_Category</td><td>Hybrid</td></tr>\n      <tr><td>Facility_Type</td><td>Freestanding DT</td></tr>\n      <tr><td>Trading_Hours</td><td>24 Hours</td></tr>\n      <tr><td>Latitude</td><td>-34.0198667731177</td></tr>\n      <tr><td>Longitude</td><td>18.6078067102748</td></tr>"},"label-scale":0,"icon-scale":1.1,"icon-offset":[20,2],"icon-offset-units":["pixels","pixels"],"_name":"WATERGATE CENTRE - KSA1241"}},{"type":"Feature","geometry":{"type":"Point","coordinates":[18.49690001305962,-33.563700010348,0]},"properties":{"name":"ATLANTIS - KSA367","visibility":false,"description":{"@type":"html","value":"<br><br><br>\n    <table border=\"1\" padding=\"0\">\n      <tr><td>Country</td><td>SOUTH AFRICA</td></tr>\n      <tr><td>KSA_Number</td><td>KSA367</td></tr>\n      <tr><td>Unit_Name</td><td>ATLANTIS - KSA367</td></tr>\n      <tr><td>Company</td><td>Franchise</td></tr>\n      <tr><td>Franchisee</td><td>Morne Roets</td></tr>\n      <tr><td>Store_Category</td><td>Hybrid</td></tr>\n      <tr><td>Facility_Type</td><td>Freestanding DT</td></tr>\n      <tr><td>Trading_Hours</td><td>Normal Hours</td></tr>\n      <tr><td>Latitude</td><td>-33.5637</td></tr>\n      <tr><td>Longitude</td><td>18.4969</td></tr>"},"label-scale":0,"icon-scale":1.1,"icon-offset":[20,2],"icon-offset-units":["pixels","pixels"],"_name":"ATLANTIS - KSA367"}},{"type":"Feature","geometry":{"type":"Point","coordinates":[18.72449999379241,-33.854400006233,0]},"properties":{"name":"KRAAIFONTEIN - KSA305","visibility":false,"description":{"@type":"html","value":"<br><br><br>\n    <table border=\"1\" padding=\"0\">\n      <tr><td>Country</td><td>SOUTH AFRICA</td></tr>\n      <tr><td>KSA_Number</td><td>KSA305</td></tr>\n      <tr><td>Unit_Name</td><td>KRAAIFONTEIN - KSA305</td></tr>\n      <tr><td>Company</td><td>Franchise</td></tr>\n      <tr><td>Franchisee</td><td>Morne Roets</td></tr>\n      <tr><td>Store_Category</td><td>Hybrid</td></tr>\n      <tr><td>Facility_Type</td><td>Freestanding DT</td></tr>\n      <tr><td>Trading_Hours</td><td>Normal Hours</td></tr>\n      <tr><td>Latitude</td><td>-33.8544</td></tr>\n      <tr><td>Longitude</td><td>18.7245</td></tr>"},"label-scale":0,"icon-scale":1.1,"icon-offset":[20,2],"icon-offset-units":["pixels","pixels"],"_name":"KRAAIFONTEIN - KSA305"}},{"type":"Feature","geometry":{"type":"Point","coordinates":[18.56530000678127,-33.986200008792,0]},"properties":{"name":"GUGULETHU SQUARE - KSA727","visibility":false,"description":{"@type":"html","value":"<br><br><br>\n    <table border=\"1\" padding=\"0\">\n      <tr><td>Country</td><td>SOUTH AFRICA</td></tr>\n      <tr><td>KSA_Number</td><td>KSA727</td></tr>\n      <tr><td>Unit_Name</td><td>GUGULETHU SQUARE - KSA727</td></tr>\n      <tr><td>Company</td><td>Franchise</td></tr>\n      <tr><td>Franchisee</td><td>Gerhard Jovner</td></tr>\n      <tr><td>Store_Category</td><td>Township</td></tr>\n      <tr><td>Facility_Type</td><td>In-Line No DT</td></tr>\n      <tr><td>Trading_Hours</td><td>Normal Hours</td></tr>\n      <tr><td>Latitude</td><td>-33.9862</td></tr>\n      <tr><td>Longitude</td><td>18.5653</td></tr>"},"label-scale":0,"icon-scale":1.1,"icon-offset":[20,2],"icon-offset-units":["pixels","pixels"],"_name":"GUGULETHU SQUARE - KSA727"}},{"type":"Feature","geometry":{"type":"Point","coordinates":[18.49199999579864,-34.0436000029,0]},"properties":{"name":"GRASSY PARK - KSA258","visibility":false,"description":{"@type":"html","value":"<br><br><br>\n    <table border=\"1\" padding=\"0\">\n      <tr><td>Country</td><td>SOUTH AFRICA</td></tr>\n      <tr><td>KSA_Number</td><td>KSA258</td></tr>\n      <tr><td>Unit_Name</td><td>GRASSY PARK - KSA258</td></tr>\n      <tr><td>Company</td><td>Franchise</td></tr>\n      <tr><td>Franchisee</td><td>Gerhard Jovner</td></tr>\n      <tr><td>Store_Category</td><td>Suburban</td></tr>\n      <tr><td>Facility_Type</td><td>Freestanding DT</td></tr>\n      <tr><td>Trading_Hours</td><td>Normal Hours</td></tr>\n      <tr><td>Latitude</td><td>-34.0436</td></tr>\n      <tr><td>Longitude</td><td>18.492</td></tr>"},"label-scale":0,"icon-scale":1.1,"icon-offset":[20,2],"icon-offset-units":["pixels","pixels"],"_name":"GRASSY PARK - KSA258"}},{"type":"Feature","geometry":{"type":"Point","coordinates":[18.64950001011553,-33.830299993308,0]},"properties":{"name":"DURBANVILLE - KSA288","visibility":false,"description":{"@type":"html","value":"<br><br><br>\n    <table border=\"1\" padding=\"0\">\n      <tr><td>Country</td><td>SOUTH AFRICA</td></tr>\n      <tr><td>KSA_Number</td><td>KSA288</td></tr>\n      <tr><td>Unit_Name</td><td>DURBANVILLE - KSA288</td></tr>\n      <tr><td>Company</td><td>Franchise</td></tr>\n      <tr><td>Franchisee</td><td>Burt Gunning</td></tr>\n      <tr><td>Store_Category</td><td>Hybrid</td></tr>\n      <tr><td>Facility_Type</td><td>Freestanding DT</td></tr>\n      <tr><td>Trading_Hours</td><td>Normal Hours</td></tr>\n      <tr><td>Latitude</td><td>-33.8303</td></tr>\n      <tr><td>Longitude</td><td>18.6495</td></tr>"},"label-scale":0,"icon-scale":1.1,"icon-offset":[20,2],"icon-offset-units":["pixels","pixels"],"_name":"DURBANVILLE - KSA288"}},{"type":"Feature","geometry":{"type":"Point","coordinates":[18.50120001545602,-33.800800005454,0]},"properties":{"name":"SANDOWN ROAD - KSA985","visibility":false,"description":{"@type":"html","value":"<br><br><br>\n    <table border=\"1\" padding=\"0\">\n      <tr><td>Country</td><td>SOUTH AFRICA</td></tr>\n      <tr><td>KSA_Number</td><td>KSA985</td></tr>\n      <tr><td>Unit_Name</td><td>SANDOWN ROAD - KSA985</td></tr>\n      <tr><td>Company</td><td>Franchise</td></tr>\n      <tr><td>Franchisee</td><td>Gerhard Jovner</td></tr>\n      <tr><td>Store_Category</td><td>Suburban</td></tr>\n      <tr><td>Facility_Type</td><td>Freestanding DT</td></tr>\n      <tr><td>Trading_Hours</td><td>24 Hours</td></tr>\n      <tr><td>Latitude</td><td>-33.8008</td></tr>\n      <tr><td>Longitude</td><td>18.5012</td></tr>"},"label-scale":0,"icon-scale":1.1,"icon-offset":[20,2],"icon-offset-units":["pixels","pixels"],"_name":"SANDOWN ROAD - KSA985"}},{"type":"Feature","geometry":{"type":"Point","coordinates":[18.51660001515891,-33.964099997554,0]},"properties":{"name":"ATHLONE - KSA246","visibility":false,"description":{"@type":"html","value":"<br><br><br>\n    <table border=\"1\" padding=\"0\">\n      <tr><td>Country</td><td>SOUTH AFRICA</td></tr>\n      <tr><td>KSA_Number</td><td>KSA246</td></tr>\n      <tr><td>Unit_Name</td><td>ATHLONE - KSA246</td></tr>\n      <tr><td>Company</td><td>Franchise</td></tr>\n      <tr><td>Franchisee</td><td>Gerhard Jovner</td></tr>\n      <tr><td>Store_Category</td><td>Suburban</td></tr>\n      <tr><td>Facility_Type</td><td>Freestanding DT</td></tr>\n      <tr><td>Trading_Hours</td><td>Normal Hours</td></tr>\n      <tr><td>Latitude</td><td>-33.9641</td></tr>\n      <tr><td>Longitude</td><td>18.5166</td></tr>"},"label-scale":0,"icon-scale":1.1,"icon-offset":[20,2],"icon-offset-units":["pixels","pixels"],"_name":"ATHLONE - KSA246"}},{"type":"Feature","geometry":{"type":"Point","coordinates":[18.49479999574462,-33.885100004974,0]},"properties":{"name":"MILNERTON - KSA287","visibility":false,"description":{"@type":"html","value":"<br><br><br>\n    <table border=\"1\" padding=\"0\">\n      <tr><td>Country</td><td>SOUTH AFRICA</td></tr>\n      <tr><td>KSA_Number</td><td>KSA287</td></tr>\n      <tr><td>Unit_Name</td><td>MILNERTON - KSA287</td></tr>\n      <tr><td>Company</td><td>Franchise</td></tr>\n      <tr><td>Franchisee</td><td>Burt Gunning</td></tr>\n      <tr><td>Store_Category</td><td>Suburban</td></tr>\n      <tr><td>Facility_Type</td><td>Freestanding DT</td></tr>\n      <tr><td>Trading_Hours</td><td>Normal Hours</td></tr>\n      <tr><td>Latitude</td><td>-33.8851</td></tr>\n      <tr><td>Longitude</td><td>18.4948</td></tr>"},"label-scale":0,"icon-scale":1.1,"icon-offset":[20,2],"icon-offset-units":["pixels","pixels"],"_name":"MILNERTON - KSA287"}},{"type":"Feature","geometry":{"type":"Point","coordinates":[18.53880000977189,-33.960799992301,0]},"properties":{"name":"VANGATE MALL - KSA444","visibility":false,"description":{"@type":"html","value":"<br><br><br>\n    <table border=\"1\" padding=\"0\">\n      <tr><td>Country</td><td>SOUTH AFRICA</td></tr>\n      <tr><td>KSA_Number</td><td>KSA444</td></tr>\n      <tr><td>Unit_Name</td><td>VANGATE MALL - KSA444</td></tr>\n      <tr><td>Company</td><td>Franchise</td></tr>\n      <tr><td>Franchisee</td><td>Gerhard Jovner</td></tr>\n      <tr><td>Store_Category</td><td>Mall</td></tr>\n      <tr><td>Facility_Type</td><td>In-Line No DT</td></tr>\n      <tr><td>Trading_Hours</td><td>Normal Hours</td></tr>\n      <tr><td>Latitude</td><td>-33.9608</td></tr>\n      <tr><td>Longitude</td><td>18.5388</td></tr>"},"label-scale":0,"icon-scale":1.1,"icon-offset":[20,2],"icon-offset-units":["pixels","pixels"],"_name":"VANGATE MALL - KSA444"}},{"type":"Feature","geometry":{"type":"Point","coordinates":[18.46450000872599,-34.017900008377,0]},"properties":{"name":"PLUMSTEAD - KSA278","visibility":false,"description":{"@type":"html","value":"<br><br><br>\n    <table border=\"1\" padding=\"0\">\n      <tr><td>Country</td><td>SOUTH AFRICA</td></tr>\n      <tr><td>KSA_Number</td><td>KSA278</td></tr>\n      <tr><td>Unit_Name</td><td>PLUMSTEAD - KSA278</td></tr>\n      <tr><td>Company</td><td>Franchise</td></tr>\n      <tr><td>Franchisee</td><td>Gerhard Jovner</td></tr>\n      <tr><td>Store_Category</td><td>Suburban</td></tr>\n      <tr><td>Facility_Type</td><td>In-Line DT</td></tr>\n      <tr><td>Trading_Hours</td><td>Normal Hours</td></tr>\n      <tr><td>Latitude</td><td>-34.0179</td></tr>\n      <tr><td>Longitude</td><td>18.4645</td></tr>"},"label-scale":0,"icon-scale":1.1,"icon-offset":[20,2],"icon-offset-units":["pixels","pixels"],"_name":"PLUMSTEAD - KSA278"}},{"type":"Feature","geometry":{"type":"Point","coordinates":[18.64670001016955,-33.953299998318,0]},"properties":{"name":"STELLENBOSCH ARTERIAL - KSA522","visibility":false,"description":{"@type":"html","value":"<br><br><br>\n    <table border=\"1\" padding=\"0\">\n      <tr><td>Country</td><td>SOUTH AFRICA</td></tr>\n      <tr><td>KSA_Number</td><td>KSA522</td></tr>\n      <tr><td>Unit_Name</td><td>STELLENBOSCH ARTERIAL - KSA522</td></tr>\n      <tr><td>Company</td><td>Franchise</td></tr>\n      <tr><td>Franchisee</td><td>Morne Roets</td></tr>\n      <tr><td>Store_Category</td><td>Hybrid</td></tr>\n      <tr><td>Facility_Type</td><td>Freestanding DT</td></tr>\n      <tr><td>Trading_Hours</td><td>Normal Hours</td></tr>\n      <tr><td>Latitude</td><td>-33.9533</td></tr>\n      <tr><td>Longitude</td><td>18.6467</td></tr>"},"label-scale":0,"icon-scale":1.1,"icon-offset":[20,2],"icon-offset-units":["pixels","pixels"],"_name":"STELLENBOSCH ARTERIAL - KSA522"}},{"type":"Feature","geometry":{"type":"Point","coordinates":[18.68409999953056,-33.908700005133,0]},"properties":{"name":"SONEIKE - KSA491","visibility":false,"description":{"@type":"html","value":"<br><br><br>\n    <table border=\"1\" padding=\"0\">\n      <tr><td>Country</td><td>SOUTH AFRICA</td></tr>\n      <tr><td>KSA_Number</td><td>KSA491</td></tr>\n      <tr><td>Unit_Name</td><td>SONEIKE - KSA491</td></tr>\n      <tr><td>Company</td><td>Franchise</td></tr>\n      <tr><td>Franchisee</td><td>Morne Roets</td></tr>\n      <tr><td>Store_Category</td><td>Suburban</td></tr>\n      <tr><td>Facility_Type</td><td>Freestanding DT</td></tr>\n      <tr><td>Trading_Hours</td><td>Normal Hours</td></tr>\n      <tr><td>Latitude</td><td>-33.9087</td></tr>\n      <tr><td>Longitude</td><td>18.6841</td></tr>"},"label-scale":0,"icon-scale":1.1,"icon-offset":[20,2],"icon-offset-units":["pixels","pixels"],"_name":"SONEIKE - KSA491"}},{"type":"Feature","geometry":{"type":"Point","coordinates":[18.64634699899445,-33.904048000122,0]},"properties":{"name":"BELLVILLE - KSA250","visibility":false,"description":{"@type":"html","value":"<br><br><br>\n    <table border=\"1\" padding=\"0\">\n      <tr><td>Country</td><td>SOUTH AFRICA</td></tr>\n      <tr><td>KSA_Number</td><td>KSA250</td></tr>\n      <tr><td>Unit_Name</td><td>BELLVILLE - KSA250</td></tr>\n      <tr><td>Company</td><td>Franchise</td></tr>\n      <tr><td>Franchisee</td><td>Morne Roets</td></tr>\n      <tr><td>Store_Category</td><td>Suburban</td></tr>\n      <tr><td>Facility_Type</td><td>Freestanding DT</td></tr>\n      <tr><td>Trading_Hours</td><td>24 Hours</td></tr>\n      <tr><td>Latitude</td><td>-33.9040478574526</td></tr>\n      <tr><td>Longitude</td><td>18.6463468145544</td></tr>"},"label-scale":0,"icon-scale":1.1,"icon-offset":[20,2],"icon-offset-units":["pixels","pixels"],"_name":"BELLVILLE - KSA250"}},{"type":"Feature","geometry":{"type":"Point","coordinates":[18.62889998571937,-33.903900010959,0]},"properties":{"name":"MIDDESTAD MALL - KSA991","visibility":false,"description":{"@type":"html","value":"<br><br><br>\n    <table border=\"1\" padding=\"0\">\n      <tr><td>Country</td><td>SOUTH AFRICA</td></tr>\n      <tr><td>KSA_Number</td><td>KSA991</td></tr>\n      <tr><td>Unit_Name</td><td>MIDDESTAD MALL - KSA991</td></tr>\n      <tr><td>Company</td><td>Franchise</td></tr>\n      <tr><td>Franchisee</td><td>Morne Roets</td></tr>\n      <tr><td>Store_Category</td><td>CBD</td></tr>\n      <tr><td>Facility_Type</td><td>In-Line No DT</td></tr>\n      <tr><td>Trading_Hours</td><td>Normal Hours</td></tr>\n      <tr><td>Latitude</td><td>-33.9039</td></tr>\n      <tr><td>Longitude</td><td>18.6289</td></tr>"},"label-scale":0,"icon-scale":1.1,"icon-offset":[20,2],"icon-offset-units":["pixels","pixels"],"_name":"MIDDESTAD MALL - KSA991"}},{"type":"Feature","geometry":{"type":"Point","coordinates":[18.41990001454517,-33.904700001758,0]},"properties":{"name":"V&A WATERFRONT - KSA279","visibility":false,"description":{"@type":"html","value":"<br><br><br>\n    <table border=\"1\" padding=\"0\">\n      <tr><td>Country</td><td>SOUTH AFRICA</td></tr>\n      <tr><td>KSA_Number</td><td>KSA279</td></tr>\n      <tr><td>Unit_Name</td><td>V&A WATERFRONT - KSA279</td></tr>\n      <tr><td>Company</td><td>Franchise</td></tr>\n      <tr><td>Franchisee</td><td>Gerhard Jovner</td></tr>\n      <tr><td>Store_Category</td><td>Hybrid</td></tr>\n      <tr><td>Facility_Type</td><td>In-Line No DT</td></tr>\n      <tr><td>Trading_Hours</td><td>24 Hours</td></tr>\n      <tr><td>Latitude</td><td>-33.9047</td></tr>\n      <tr><td>Longitude</td><td>18.4199</td></tr>"},"label-scale":0,"icon-scale":1.1,"icon-offset":[20,2],"icon-offset-units":["pixels","pixels"],"_name":"V&A WATERFRONT - KSA279"}},{"type":"Feature","geometry":{"type":"Point","coordinates":[18.60228599768747,-34.066154993165,0]},"properties":{"name":"TOTAL ROCKLANDS - KSA1195","visibility":false,"description":{"@type":"html","value":"<br><br><br>\n    <table border=\"1\" padding=\"0\">\n      <tr><td>Country</td><td>SOUTH AFRICA</td></tr>\n      <tr><td>KSA_Number</td><td>KSA1195</td></tr>\n      <tr><td>Unit_Name</td><td>TOTAL ROCKLANDS - KSA1195</td></tr>\n      <tr><td>Company</td><td>Franchise</td></tr>\n      <tr><td>Franchisee</td><td>Rashied Parker</td></tr>\n      <tr><td>Store_Category</td><td>Suburban</td></tr>\n      <tr><td>Facility_Type</td><td>Freestanding DT</td></tr>\n      <tr><td>Trading_Hours</td><td>Normal Hours</td></tr>\n      <tr><td>Latitude</td><td>-34.0661548359253</td></tr>\n      <tr><td>Longitude</td><td>18.6022861678205</td></tr>"},"label-scale":0,"icon-scale":1.1,"icon-offset":[20,2],"icon-offset-units":["pixels","pixels"],"_name":"TOTAL ROCKLANDS - KSA1195"}},{"type":"Feature","geometry":{"type":"Point","coordinates":[18.42100000708587,-33.92059999789,0]},"properties":{"name":"LONG STREET - KSA438","visibility":false,"description":{"@type":"html","value":"<br><br><br>\n    <table border=\"1\" padding=\"0\">\n      <tr><td>Country</td><td>SOUTH AFRICA</td></tr>\n      <tr><td>KSA_Number</td><td>KSA438</td></tr>\n      <tr><td>Unit_Name</td><td>LONG STREET - KSA438</td></tr>\n      <tr><td>Company</td><td>Franchise</td></tr>\n      <tr><td>Franchisee</td><td>Chris Champion</td></tr>\n      <tr><td>Store_Category</td><td>CBD</td></tr>\n      <tr><td>Facility_Type</td><td>In-Line No DT</td></tr>\n      <tr><td>Trading_Hours</td><td>Normal Hours</td></tr>\n      <tr><td>Latitude</td><td>-33.9206</td></tr>\n      <tr><td>Longitude</td><td>18.421</td></tr>"},"label-scale":0,"icon-scale":1.1,"icon-offset":[20,2],"icon-offset-units":["pixels","pixels"],"_name":"LONG STREET - KSA438"}},{"type":"Feature","geometry":{"type":"Point","coordinates":[18.84851299316019,-33.940664997658,0]},"properties":{"name":"STELLENBOSCH 2 - KSA1068","visibility":false,"description":{"@type":"html","value":"<br><br><br>\n    <table border=\"1\" padding=\"0\">\n      <tr><td>Country</td><td>SOUTH AFRICA</td></tr>\n      <tr><td>KSA_Number</td><td>KSA1068</td></tr>\n      <tr><td>Unit_Name</td><td>STELLENBOSCH 2 - KSA1068</td></tr>\n      <tr><td>Company</td><td>Franchise</td></tr>\n      <tr><td>Franchisee</td><td>Gerhard Jovner</td></tr>\n      <tr><td>Store_Category</td><td>Suburban</td></tr>\n      <tr><td>Facility_Type</td><td>Freestanding DT</td></tr>\n      <tr><td>Trading_Hours</td><td>24 Hours</td></tr>\n      <tr><td>Latitude</td><td>-33.940665</td></tr>\n      <tr><td>Longitude</td><td>18.848513</td></tr>"},"label-scale":0,"icon-scale":1.1,"icon-offset":[20,2],"icon-offset-units":["pixels","pixels"],"_name":"STELLENBOSCH 2 - KSA1068"}},{"type":"Feature","geometry":{"type":"Point","coordinates":[18.42459999214026,-33.922399989532,0]},"properties":{"name":"CAPE TOWN STATION - KSA780","visibility":false,"description":{"@type":"html","value":"<br><br><br>\n    <table border=\"1\" padding=\"0\">\n      <tr><td>Country</td><td>SOUTH AFRICA</td></tr>\n      <tr><td>KSA_Number</td><td>KSA780</td></tr>\n      <tr><td>Unit_Name</td><td>CAPE TOWN STATION - KSA780</td></tr>\n      <tr><td>Company</td><td>Franchise</td></tr>\n      <tr><td>Franchisee</td><td>Chris Champion</td></tr>\n      <tr><td>Store_Category</td><td>CBD</td></tr>\n      <tr><td>Facility_Type</td><td>In-Line No DT</td></tr>\n      <tr><td>Trading_Hours</td><td>Normal Hours</td></tr>\n      <tr><td>Latitude</td><td>-33.9224</td></tr>\n      <tr><td>Longitude</td><td>18.4246</td></tr>"},"label-scale":0,"icon-scale":1.1,"icon-offset":[20,2],"icon-offset-units":["pixels","pixels"],"_name":"CAPE TOWN STATION - KSA780"}},{"type":"Feature","geometry":{"type":"Point","coordinates":[18.45870000387917,-34.064999991327,0]},"properties":{"name":"TOKAI - KSA266","visibility":false,"description":{"@type":"html","value":"<br><br><br>\n    <table border=\"1\" padding=\"0\">\n      <tr><td>Country</td><td>SOUTH AFRICA</td></tr>\n      <tr><td>KSA_Number</td><td>KSA266</td></tr>\n      <tr><td>Unit_Name</td><td>TOKAI - KSA266</td></tr>\n      <tr><td>Company</td><td>Franchise</td></tr>\n      <tr><td>Franchisee</td><td>Gerhard Jovner</td></tr>\n      <tr><td>Store_Category</td><td>Suburban</td></tr>\n      <tr><td>Facility_Type</td><td>Freestanding DT</td></tr>\n      <tr><td>Trading_Hours</td><td>24 Hours</td></tr>\n      <tr><td>Latitude</td><td>-34.065</td></tr>\n      <tr><td>Longitude</td><td>18.4587</td></tr>"},"label-scale":0,"icon-scale":1.1,"icon-offset":[20,2],"icon-offset-units":["pixels","pixels"],"_name":"TOKAI - KSA266"}},{"type":"Feature","geometry":{"type":"Point","coordinates":[18.52279999520442,-34.001400006802,0]},"properties":{"name":"WETTON (Ottery) - KSA346","visibility":false,"description":{"@type":"html","value":"<br><br><br>\n    <table border=\"1\" padding=\"0\">\n      <tr><td>Country</td><td>SOUTH AFRICA</td></tr>\n      <tr><td>KSA_Number</td><td>KSA346</td></tr>\n      <tr><td>Unit_Name</td><td>WETTON (Ottery) - KSA346</td></tr>\n      <tr><td>Company</td><td>Franchise</td></tr>\n      <tr><td>Franchisee</td><td>Gerhard Jovner</td></tr>\n      <tr><td>Store_Category</td><td>Suburban</td></tr>\n      <tr><td>Facility_Type</td><td>Freestanding DT</td></tr>\n      <tr><td>Trading_Hours</td><td>24 Hours</td></tr>\n      <tr><td>Latitude</td><td>-34.0014</td></tr>\n      <tr><td>Longitude</td><td>18.5228</td></tr>"},"label-scale":0,"icon-scale":1.1,"icon-offset":[20,2],"icon-offset-units":["pixels","pixels"],"_name":"WETTON (Ottery) - KSA346"}},{"type":"Feature","geometry":{"type":"Point","coordinates":[18.60860000346653,-33.940599990073,0]},"properties":{"name":"BELHAR - KSA381","visibility":false,"description":{"@type":"html","value":"<br><br><br>\n    <table border=\"1\" padding=\"0\">\n      <tr><td>Country</td><td>SOUTH AFRICA</td></tr>\n      <tr><td>KSA_Number</td><td>KSA381</td></tr>\n      <tr><td>Unit_Name</td><td>BELHAR - KSA381</td></tr>\n      <tr><td>Company</td><td>Franchise</td></tr>\n      <tr><td>Franchisee</td><td>Morne Roets</td></tr>\n      <tr><td>Store_Category</td><td>Hybrid</td></tr>\n      <tr><td>Facility_Type</td><td>Freestanding DT</td></tr>\n      <tr><td>Trading_Hours</td><td>24 Hours</td></tr>\n      <tr><td>Latitude</td><td>-33.9406</td></tr>\n      <tr><td>Longitude</td><td>18.6086</td></tr>"},"label-scale":0,"icon-scale":1.1,"icon-offset":[20,2],"icon-offset-units":["pixels","pixels"],"_name":"BELHAR - KSA381"}},{"type":"Feature","geometry":{"type":"Point","coordinates":[18.61470001574564,-34.038500006005,0]},"properties":{"name":"PROMENADE MALL - KSA770","visibility":false,"description":{"@type":"html","value":"<br><br><br>\n    <table border=\"1\" padding=\"0\">\n      <tr><td>Country</td><td>SOUTH AFRICA</td></tr>\n      <tr><td>KSA_Number</td><td>KSA770</td></tr>\n      <tr><td>Unit_Name</td><td>PROMENADE MALL - KSA770</td></tr>\n      <tr><td>Company</td><td>Franchise</td></tr>\n      <tr><td>Franchisee</td><td>Gerhard Jovner</td></tr>\n      <tr><td>Store_Category</td><td>Mall</td></tr>\n      <tr><td>Facility_Type</td><td>In-Line No DT</td></tr>\n      <tr><td>Trading_Hours</td><td>Normal Hours</td></tr>\n      <tr><td>Latitude</td><td>-34.0385</td></tr>\n      <tr><td>Longitude</td><td>18.6147</td></tr>"},"label-scale":0,"icon-scale":1.1,"icon-offset":[20,2],"icon-offset-units":["pixels","pixels"],"_name":"PROMENADE MALL - KSA770"}},{"type":"Feature","geometry":{"type":"Point","coordinates":[18.47919999108687,-33.989000001278,0]},"properties":{"name":"CLAREMONT - KSA281","visibility":false,"description":{"@type":"html","value":"<br><br><br>\n    <table border=\"1\" padding=\"0\">\n      <tr><td>Country</td><td>SOUTH AFRICA</td></tr>\n      <tr><td>KSA_Number</td><td>KSA281</td></tr>\n      <tr><td>Unit_Name</td><td>CLAREMONT - KSA281</td></tr>\n      <tr><td>Company</td><td>Franchise</td></tr>\n      <tr><td>Franchisee</td><td>Chris Champion</td></tr>\n      <tr><td>Store_Category</td><td>Suburban</td></tr>\n      <tr><td>Facility_Type</td><td>Freestanding DT</td></tr>\n      <tr><td>Trading_Hours</td><td>Normal Hours</td></tr>\n      <tr><td>Latitude</td><td>-33.989</td></tr>\n      <tr><td>Longitude</td><td>18.4792</td></tr>"},"label-scale":0,"icon-scale":1.1,"icon-offset":[20,2],"icon-offset-units":["pixels","pixels"],"_name":"CLAREMONT - KSA281"}},{"type":"Feature","geometry":{"type":"Point","coordinates":[18.54769998728595,-33.912400005785,0]},"properties":{"name":"GOODWOOD - KSA284","visibility":false,"description":{"@type":"html","value":"<br><br><br>\n    <table border=\"1\" padding=\"0\">\n      <tr><td>Country</td><td>SOUTH AFRICA</td></tr>\n      <tr><td>KSA_Number</td><td>KSA284</td></tr>\n      <tr><td>Unit_Name</td><td>GOODWOOD - KSA284</td></tr>\n      <tr><td>Company</td><td>Franchise</td></tr>\n      <tr><td>Franchisee</td><td>Chris Champion</td></tr>\n      <tr><td>Store_Category</td><td>Hybrid</td></tr>\n      <tr><td>Facility_Type</td><td>Freestanding DT</td></tr>\n      <tr><td>Trading_Hours</td><td>Normal Hours</td></tr>\n      <tr><td>Latitude</td><td>-33.9124</td></tr>\n      <tr><td>Longitude</td><td>18.5477</td></tr>"},"label-scale":0,"icon-scale":1.1,"icon-offset":[20,2],"icon-offset-units":["pixels","pixels"],"_name":"GOODWOOD - KSA284"}},{"type":"Feature","geometry":{"type":"Point","coordinates":[18.51210000780765,-33.893299997078,0]},"properties":{"name":"CENTURY CITY - KSA358","visibility":false,"description":{"@type":"html","value":"<br><br><br>\n    <table border=\"1\" padding=\"0\">\n      <tr><td>Country</td><td>SOUTH AFRICA</td></tr>\n      <tr><td>KSA_Number</td><td>KSA358</td></tr>\n      <tr><td>Unit_Name</td><td>CENTURY CITY - KSA358</td></tr>\n      <tr><td>Company</td><td>Franchise</td></tr>\n      <tr><td>Franchisee</td><td>Mohammed Mayat</td></tr>\n      <tr><td>Store_Category</td><td>Mall</td></tr>\n      <tr><td>Facility_Type</td><td>In-Line No DT</td></tr>\n      <tr><td>Trading_Hours</td><td>Normal Hours</td></tr>\n      <tr><td>Latitude</td><td>-33.8933</td></tr>\n      <tr><td>Longitude</td><td>18.5121</td></tr>"},"label-scale":0,"icon-scale":1.1,"icon-offset":[20,2],"icon-offset-units":["pixels","pixels"],"_name":"CENTURY CITY - KSA358"}},{"type":"Feature","geometry":{"type":"Point","coordinates":[18.51380001521293,-34.018099993732,0]},"properties":{"name":"OTTERY SASOL - KSA958","visibility":false,"description":{"@type":"html","value":"<br><br><br>\n    <table border=\"1\" padding=\"0\">\n      <tr><td>Country</td><td>SOUTH AFRICA</td></tr>\n      <tr><td>KSA_Number</td><td>KSA958</td></tr>\n      <tr><td>Unit_Name</td><td>OTTERY SASOL - KSA958</td></tr>\n      <tr><td>Company</td><td>Franchise</td></tr>\n      <tr><td>Franchisee</td><td>Gerhard Jovner</td></tr>\n      <tr><td>Store_Category</td><td>Suburban</td></tr>\n      <tr><td>Facility_Type</td><td>Freestanding DT</td></tr>\n      <tr><td>Trading_Hours</td><td>Normal Hours</td></tr>\n      <tr><td>Latitude</td><td>-34.0181</td></tr>\n      <tr><td>Longitude</td><td>18.5138</td></tr>"},"label-scale":0,"icon-scale":1.1,"icon-offset":[20,2],"icon-offset-units":["pixels","pixels"],"_name":"OTTERY SASOL - KSA958"}},{"type":"Feature","geometry":{"type":"Point","coordinates":[18.59279999385392,-33.904499991714,0]},"properties":{"name":"PAROW - KSA255","visibility":false,"description":{"@type":"html","value":"<br><br><br>\n    <table border=\"1\" padding=\"0\">\n      <tr><td>Country</td><td>SOUTH AFRICA</td></tr>\n      <tr><td>KSA_Number</td><td>KSA255</td></tr>\n      <tr><td>Unit_Name</td><td>PAROW - KSA255</td></tr>\n      <tr><td>Company</td><td>Franchise</td></tr>\n      <tr><td>Franchisee</td><td>Chris Champion</td></tr>\n      <tr><td>Store_Category</td><td>Hybrid</td></tr>\n      <tr><td>Facility_Type</td><td>Freestanding DT</td></tr>\n      <tr><td>Trading_Hours</td><td>24 Hours</td></tr>\n      <tr><td>Latitude</td><td>-33.9045</td></tr>\n      <tr><td>Longitude</td><td>18.5928</td></tr>"},"label-scale":0,"icon-scale":1.1,"icon-offset":[20,2],"icon-offset-units":["pixels","pixels"],"_name":"PAROW - KSA255"}},{"type":"Feature","geometry":{"type":"Point","coordinates":[18.67712801146682,-33.924353994588,0]},"properties":{"name":"KUILSRIVER - KSA262","visibility":false,"description":{"@type":"html","value":"<br><br><br>\n    <table border=\"1\" padding=\"0\">\n      <tr><td>Country</td><td>SOUTH AFRICA</td></tr>\n      <tr><td>KSA_Number</td><td>KSA262</td></tr>\n      <tr><td>Unit_Name</td><td>KUILSRIVER - KSA262</td></tr>\n      <tr><td>Company</td><td>Franchise</td></tr>\n      <tr><td>Franchisee</td><td>Morne Roets</td></tr>\n      <tr><td>Store_Category</td><td>Hybrid</td></tr>\n      <tr><td>Facility_Type</td><td>Freestanding DT</td></tr>\n      <tr><td>Trading_Hours</td><td>Normal Hours</td></tr>\n      <tr><td>Latitude</td><td>-33.924354228051</td></tr>\n      <tr><td>Longitude</td><td>18.6771280326789</td></tr>"},"label-scale":0,"icon-scale":1.1,"icon-offset":[20,2],"icon-offset-units":["pixels","pixels"],"_name":"KUILSRIVER - KSA262"}},{"type":"Feature","geometry":{"type":"Point","coordinates":[18.68440000696285,-33.881499996999,0]},"properties":{"name":"BRACKENFELL - KSA263","visibility":false,"description":{"@type":"html","value":"<br><br><br>\n    <table border=\"1\" padding=\"0\">\n      <tr><td>Country</td><td>SOUTH AFRICA</td></tr>\n      <tr><td>KSA_Number</td><td>KSA263</td></tr>\n      <tr><td>Unit_Name</td><td>BRACKENFELL - KSA263</td></tr>\n      <tr><td>Company</td><td>Franchise</td></tr>\n      <tr><td>Franchisee</td><td>Carl Ziervogel</td></tr>\n      <tr><td>Store_Category</td><td>Suburban</td></tr>\n      <tr><td>Facility_Type</td><td>Freestanding DT</td></tr>\n      <tr><td>Trading_Hours</td><td>24 Hours</td></tr>\n      <tr><td>Latitude</td><td>-33.8815</td></tr>\n      <tr><td>Longitude</td><td>18.6844</td></tr>"},"label-scale":0,"icon-scale":1.1,"icon-offset":[20,2],"icon-offset-units":["pixels","pixels"],"_name":"BRACKENFELL - KSA263"}},{"type":"Feature","geometry":{"type":"Point","coordinates":[18.83700000401876,-34.122800005525,0]},"properties":{"name":"STRAND 1 - KSA245","visibility":false,"description":{"@type":"html","value":"<br><br><br>\n    <table border=\"1\" padding=\"0\">\n      <tr><td>Country</td><td>SOUTH AFRICA</td></tr>\n      <tr><td>KSA_Number</td><td>KSA245</td></tr>\n      <tr><td>Unit_Name</td><td>STRAND 1 - KSA245</td></tr>\n      <tr><td>Company</td><td>Franchise</td></tr>\n      <tr><td>Franchisee</td><td>Gerhard Jovner</td></tr>\n      <tr><td>Store_Category</td><td>Hybrid</td></tr>\n      <tr><td>Facility_Type</td><td>Freestanding DT</td></tr>\n      <tr><td>Trading_Hours</td><td>Normal Hours</td></tr>\n      <tr><td>Latitude</td><td>-34.1228</td></tr>\n      <tr><td>Longitude</td><td>18.837</td></tr>"},"label-scale":0,"icon-scale":1.1,"icon-offset":[20,2],"icon-offset-units":["pixels","pixels"],"_name":"STRAND 1 - KSA245"}},{"type":"Feature","geometry":{"type":"Point","coordinates":[18.69430000925121,-33.852199994501,0]},"properties":{"name":"CAPE GATE - KSA068","visibility":false,"description":{"@type":"html","value":"<br><br><br>\n    <table border=\"1\" padding=\"0\">\n      <tr><td>Country</td><td>SOUTH AFRICA</td></tr>\n      <tr><td>KSA_Number</td><td>KSA068</td></tr>\n      <tr><td>Unit_Name</td><td>CAPE GATE - KSA068</td></tr>\n      <tr><td>Company</td><td>Franchise</td></tr>\n      <tr><td>Franchisee</td><td>Morne Roets</td></tr>\n      <tr><td>Store_Category</td><td>Hybrid</td></tr>\n      <tr><td>Facility_Type</td><td>Freestanding DT</td></tr>\n      <tr><td>Trading_Hours</td><td>Normal Hours</td></tr>\n      <tr><td>Latitude</td><td>-33.8522</td></tr>\n      <tr><td>Longitude</td><td>18.6943</td></tr>"},"label-scale":0,"icon-scale":1.1,"icon-offset":[20,2],"icon-offset-units":["pixels","pixels"],"_name":"CAPE GATE - KSA068"}},{"type":"Feature","geometry":{"type":"Point","coordinates":[18.55519999953805,-33.892299996235,0]},"properties":{"name":"N1 CITY - KSA538","visibility":false,"description":{"@type":"html","value":"<br><br><br>\n    <table border=\"1\" padding=\"0\">\n      <tr><td>Country</td><td>SOUTH AFRICA</td></tr>\n      <tr><td>KSA_Number</td><td>KSA538</td></tr>\n      <tr><td>Unit_Name</td><td>N1 CITY - KSA538</td></tr>\n      <tr><td>Company</td><td>Franchise</td></tr>\n      <tr><td>Franchisee</td><td>Chris Champion</td></tr>\n      <tr><td>Store_Category</td><td>Hybrid</td></tr>\n      <tr><td>Facility_Type</td><td>Freestanding DT</td></tr>\n      <tr><td>Trading_Hours</td><td>24 Hours</td></tr>\n      <tr><td>Latitude</td><td>-33.8923</td></tr>\n      <tr><td>Longitude</td><td>18.5552</td></tr>"},"label-scale":0,"icon-scale":1.1,"icon-offset":[20,2],"icon-offset-units":["pixels","pixels"],"_name":"N1 CITY - KSA538"}},{"type":"Feature","geometry":{"type":"Point","coordinates":[18.72920000609853,-34.003800003888,0]},"properties":{"name":"EERSTERIVIER - KSA247","visibility":false,"description":{"@type":"html","value":"<br><br><br>\n    <table border=\"1\" padding=\"0\">\n      <tr><td>Country</td><td>SOUTH AFRICA</td></tr>\n      <tr><td>KSA_Number</td><td>KSA247</td></tr>\n      <tr><td>Unit_Name</td><td>EERSTERIVIER - KSA247</td></tr>\n      <tr><td>Company</td><td>Franchise</td></tr>\n      <tr><td>Franchisee</td><td>Gerhard Jovner</td></tr>\n      <tr><td>Store_Category</td><td>Suburban</td></tr>\n      <tr><td>Facility_Type</td><td>Freestanding DT</td></tr>\n      <tr><td>Trading_Hours</td><td>24 Hours</td></tr>\n      <tr><td>Latitude</td><td>-34.0038</td></tr>\n      <tr><td>Longitude</td><td>18.7292</td></tr>"},"label-scale":0,"icon-scale":1.1,"icon-offset":[20,2],"icon-offset-units":["pixels","pixels"],"_name":"EERSTERIVIER - KSA247"}},{"type":"Feature","geometry":{"type":"Point","coordinates":[18.68959999694509,-33.986500011514,0]},"properties":{"name":"BLUE DOWNS - KSA437","visibility":false,"description":{"@type":"html","value":"<br><br><br>\n    <table border=\"1\" padding=\"0\">\n      <tr><td>Country</td><td>SOUTH AFRICA</td></tr>\n      <tr><td>KSA_Number</td><td>KSA437</td></tr>\n      <tr><td>Unit_Name</td><td>BLUE DOWNS - KSA437</td></tr>\n      <tr><td>Company</td><td>Franchise</td></tr>\n      <tr><td>Franchisee</td><td>Gerhard Jovner</td></tr>\n      <tr><td>Store_Category</td><td>Suburban</td></tr>\n      <tr><td>Facility_Type</td><td>Freestanding DT</td></tr>\n      <tr><td>Trading_Hours</td><td>Normal Hours</td></tr>\n      <tr><td>Latitude</td><td>-33.9865</td></tr>\n      <tr><td>Longitude</td><td>18.6896</td></tr>"},"label-scale":0,"icon-scale":1.1,"icon-offset":[20,2],"icon-offset-units":["pixels","pixels"],"_name":"BLUE DOWNS - KSA437"}},{"type":"Feature","geometry":{"type":"Point","coordinates":[18.46840000121267,-33.942499999083,0]},"properties":{"name":"OBSERVATORY - KSA718","visibility":false,"description":{"@type":"html","value":"<br><br><br>\n    <table border=\"1\" padding=\"0\">\n      <tr><td>Country</td><td>SOUTH AFRICA</td></tr>\n      <tr><td>KSA_Number</td><td>KSA718</td></tr>\n      <tr><td>Unit_Name</td><td>OBSERVATORY - KSA718</td></tr>\n      <tr><td>Company</td><td>Franchise</td></tr>\n      <tr><td>Franchisee</td><td>Chris Champion</td></tr>\n      <tr><td>Store_Category</td><td>Hybrid</td></tr>\n      <tr><td>Facility_Type</td><td>Freestanding DT</td></tr>\n      <tr><td>Trading_Hours</td><td>24 Hours</td></tr>\n      <tr><td>Latitude</td><td>-33.9425</td></tr>\n      <tr><td>Longitude</td><td>18.4684</td></tr>"},"label-scale":0,"icon-scale":1.1,"icon-offset":[20,2],"icon-offset-units":["pixels","pixels"],"_name":"OBSERVATORY - KSA718"}},{"type":"Feature","geometry":{"type":"Point","coordinates":[18.61789999089031,-34.039399989481,0]},"properties":{"name":"PROMENADE (Mitchells Plain) - KSA399","visibility":false,"description":{"@type":"html","value":"<br><br><br>\n    <table border=\"1\" padding=\"0\">\n      <tr><td>Country</td><td>SOUTH AFRICA</td></tr>\n      <tr><td>KSA_Number</td><td>KSA399</td></tr>\n      <tr><td>Unit_Name</td><td>PROMENADE (Mitchells Plain) - KSA399</td></tr>\n      <tr><td>Company</td><td>Franchise</td></tr>\n      <tr><td>Franchisee</td><td>Gerhard Jovner</td></tr>\n      <tr><td>Store_Category</td><td>Hybrid</td></tr>\n      <tr><td>Facility_Type</td><td>Freestanding DT</td></tr>\n      <tr><td>Trading_Hours</td><td>24 Hours</td></tr>\n      <tr><td>Latitude</td><td>-34.0394</td></tr>\n      <tr><td>Longitude</td><td>18.6179</td></tr>"},"label-scale":0,"icon-scale":1.1,"icon-offset":[20,2],"icon-offset-units":["pixels","pixels"],"_name":"PROMENADE (Mitchells Plain) - KSA399"}},{"type":"Feature","geometry":{"type":"Point","coordinates":[18.51067196446759,-33.89255079452635,0]},"properties":{"name":"Canal Walk","visibility":false,"label-scale":0,"icon-scale":1.1,"icon-offset":[32,1],"icon-offset-units":["pixels","pixels"],"_name":"Canal Walk"}},{"type":"Feature","geometry":{"type":"Point","coordinates":[18.46478279106421,-33.9802527735554,0]},"properties":{"name":"Cavendish Square","visibility":false,"label-scale":0,"icon-scale":1.1,"icon-offset":[32,1],"icon-offset-units":["pixels","pixels"],"_name":"Cavendish Square"}},{"type":"Feature","geometry":{"type":"Point","coordinates":[18.82297789496291,-34.08234026186931,0]},"properties":{"name":"Somerset Mall","visibility":false,"label-scale":0,"icon-scale":1.1,"icon-offset":[32,1],"icon-offset-units":["pixels","pixels"],"_name":"Somerset Mall"}},{"type":"Feature","geometry":{"type":"Point","coordinates":[18.47682657999542,-33.78614652969514,0]},"properties":{"name":"Table Bay Mall","visibility":false,"label-scale":0,"icon-scale":1.1,"icon-offset":[32,1],"icon-offset-units":["pixels","pixels"],"_name":"Table Bay Mall"}},{"type":"Feature","geometry":{"type":"Point","coordinates":[18.42043658871739,-33.90385332980028,0]},"properties":{"name":"V&A Waterfront","visibility":false,"label-scale":0,"icon-scale":1.1,"icon-offset":[32,1],"icon-offset-units":["pixels","pixels"],"_name":"V&A Waterfront"}},{"type":"Feature","geometry":{"type":"Point","coordinates":[18.63487137379879,-33.87497670355054,0]},"properties":{"name":"Tygervalley","visibility":false,"icon-scale":1.1,"icon-offset":[20,2],"icon-offset-units":["pixels","pixels"],"_name":"Tygervalley"}},{"type":"Feature","geometry":{"type":"Point","coordinates":[18.42139173038137,-33.90345294597591,0]},"properties":{"name":"V&A Waterfront","visibility":false,"icon-scale":1.1,"icon-offset":[20,2],"icon-offset-units":["pixels","pixels"],"_name":"V&A Waterfront"}},{"type":"Feature","geometry":{"type":"Point","coordinates":[18.46472444996737,-33.97969433759202,0]},"properties":{"name":"Cavendish Square","visibility":false,"icon-scale":1.1,"icon-offset":[20,2],"icon-offset-units":["pixels","pixels"],"_name":"Cavendish Square"}},{"type":"Feature","geometry":{"type":"Point","coordinates":[18.50987783504899,-33.89432538372132,0]},"properties":{"name":"Canal Walk Shopping Centre","visibility":false,"icon-scale":1.1,"icon-offset":[20,2],"icon-offset-units":["pixels","pixels"],"_name":"Canal Walk Shopping Centre"}},{"type":"Feature","geometry":{"type":"Point","coordinates":[18.59922562242527,-33.90610462142003,0]},"properties":{"name":"Parow Centre","visibility":false,"icon-scale":1.1,"icon-offset":[20,2],"icon-offset-units":["pixels","pixels"],"_name":"Parow Centre"}},{"type":"Feature","geometry":{"type":"Point","coordinates":[18.63524960000003,-33.87366369999999,0]},"properties":{"name":"Tygervalley Centre","visibility":false,"icon-scale":1.1,"icon-offset":[20,2],"icon-offset-units":["pixels","pixels"],"_name":"Tygervalley Centre"}},{"type":"Feature","geometry":{"type":"Point","coordinates":[18.61602929224782,-34.03978064006856,0]},"properties":{"name":"Liberty Promenade","visibility":false,"icon-scale":1.1,"icon-offset":[20,2],"icon-offset-units":["pixels","pixels"],"_name":"Liberty Promenade"}},{"type":"Feature","geometry":{"type":"Point","coordinates":[18.82408130000001,-34.08154399999999,0]},"properties":{"name":"Somerset Mall","visibility":false,"icon-scale":1.1,"icon-offset":[20,2],"icon-offset-units":["pixels","pixels"],"_name":"Somerset Mall"}},{"type":"Feature","geometry":{"type":"Point","coordinates":[18.48518251091546,-33.98885803905244,0]},"properties":{"name":"Kenilworth Centre","visibility":false,"icon-scale":1.1,"icon-offset":[20,2],"icon-offset-units":["pixels","pixels"],"_name":"Kenilworth Centre"}},{"type":"Feature","geometry":{"type":"Point","coordinates":[18.53843307131411,-33.96062160930688,0]},"properties":{"name":"Vangate Mall","visibility":false,"icon-scale":1.1,"icon-offset":[20,2],"icon-offset-units":["pixels","pixels"],"_name":"Vangate Mall"}},{"type":"Feature","geometry":{"type":"Point","coordinates":[18.42340841397763,-33.92245705605027,0]},"properties":{"name":"Golden Acre Shopping Centre","visibility":false,"icon-scale":1.1,"icon-offset":[20,2],"icon-offset-units":["pixels","pixels"],"_name":"Golden Acre Shopping Centre"}},{"type":"Feature","geometry":{"type":"Point","coordinates":[18.45381282882809,-34.06377996882138,0]},"properties":{"name":"Blue Route","visibility":false,"icon-scale":1.1,"icon-offset":[20,2],"icon-offset-units":["pixels","pixels"],"_name":"Blue Route"}},{"type":"Feature","geometry":{"type":"Point","coordinates":[18.47780688530046,-33.78561257847562,0]},"properties":{"name":"Table Bay Mall","visibility":false,"icon-scale":1.1,"icon-offset":[20,2],"icon-offset-units":["pixels","pixels"],"_name":"Table Bay Mall"}},{"type":"Feature","geometry":{"type":"Point","coordinates":[18.48946041135001,-33.82229231928187,0]},"properties":{"name":"Bayside","visibility":false,"icon-scale":1.1,"icon-offset":[20,2],"icon-offset-units":["pixels","pixels"],"_name":"Bayside"}},{"type":"Feature","geometry":{"type":"Point","coordinates":[18.5109476146891,-33.8935036533745,0]},"properties":{"name":"Canal Walk","visibility":false,"icon-scale":1.1,"icon-offset":[20,2],"icon-offset-units":["pixels","pixels"],"_name":"Canal Walk"}},{"type":"Feature","geometry":{"type":"Point","coordinates":[18.69659840000003,-33.94820780000001,0]},"properties":{"name":"Zevenwacht Mall","visibility":false,"icon-scale":1.1,"icon-offset":[20,2],"icon-offset-units":["pixels","pixels"],"_name":"Zevenwacht Mall"}},{"type":"Feature","geometry":{"type":"Point","coordinates":[18.56037769824287,-33.89161205934207,0]},"properties":{"name":"N1 City","visibility":false,"icon-scale":1.1,"icon-offset":[20,2],"icon-offset-units":["pixels","pixels"],"_name":"N1 City"}},{"type":"Feature","geometry":{"type":"Point","coordinates":[18.69713316940791,-33.85031792994668,0]},"properties":{"name":"Capegate Cape Town","visibility":false,"icon-scale":1.1,"icon-offset":[20,2],"icon-offset-units":["pixels","pixels"],"_name":"Capegate Cape Town"}},{"type":"Feature","geometry":{"type":"Point","coordinates":[18.51205356372505,-33.89210832809511,0]},"properties":{"name":"Canal Walk Shopping Centre","visibility":false,"icon-scale":1.1,"icon-offset":[20,2],"icon-offset-units":["pixels","pixels"],"_name":"Canal Walk Shopping Centre"}},{"type":"Feature","geometry":{"type":"Point","coordinates":[18.479153477512,-33.78582959528326,0]},"properties":{"name":"Table Bay Mall","visibility":false,"icon-scale":1.1,"icon-offset":[20,2],"icon-offset-units":["pixels","pixels"],"_name":"Table Bay Mall"}},{"type":"Feature","geometry":{"type":"Point","coordinates":[18.63432374531501,-33.87421222398595,0]},"properties":{"name":"Tygervalley Centre","visibility":false,"icon-scale":1.1,"icon-offset":[20,2],"icon-offset-units":["pixels","pixels"],"_name":"Tygervalley Centre"}},{"type":"Feature","geometry":{"type":"Point","coordinates":[18.69778702938481,-33.85227062530823,0]},"properties":{"name":"CapeGate Regional Shopping Centre","visibility":false,"icon-scale":1.1,"icon-offset":[20,2],"icon-offset-units":["pixels","pixels"],"_name":"CapeGate Regional Shopping Centre"}},{"type":"Feature","geometry":{"type":"Point","coordinates":[18.82388516298936,-34.08237581888773,0]},"properties":{"name":"Somerset Mall","visibility":false,"icon-scale":1.1,"icon-offset":[20,2],"icon-offset-units":["pixels","pixels"],"_name":"Somerset Mall"}}]}